# callgrind format
version: 1
creator: callgrind-3.22.0
pid: 422936
cmd:  ./graph_server 127.0.0.1 1234
part: 1


desc: I1 cache: 
desc: D1 cache: 
desc: LL cache: 

desc: Timerange: Basic block 0 - 1728224
desc: Trigger: Program termination

positions: line
events: Ir
summary: 9666153


ob=(1) /usr/lib/x86_64-linux-gnu/ld-linux-x86-64.so.2
fl=(32) ./string/../sysdeps/x86_64/multiarch/../multiarch/strcmp-sse2.S
fn=(94) strcmp
98 2593
+33 2593
+1 2593
+2 2593
+1 2593
+21 2593
+1 2593
+1 2379
+1 2379
+1 2272
+1 2272
+1 2272
+1 2272
+17 2272
+1 2272
+1 2272
+1 2272
+1 2272
+1 2272
+1 2272
+5 65
+1 195
+9 65
+1 65
+1 65
+1 65
+1 65
+1 65
+1 65
+1 65
-7 321
+1 321
+1 321
+1 321
+1 321
+1 321
+1 321
+1 321
+1 297
+1 129
+1 129
+1 129
+2 129
+1 129
+1 129
+1 129
+1 129
+1 129
-5 168
+1 168
+1 168
+1 168
+1 168
+1 168
+10 89
+1 89
+1 89
+2 89
+6 89
+1 89
+1 89
+1 89
+1 89
+5 89
+2 81
+1 81
+1 162
+8 81
+1 81
+3 81
+1 81
+1 81
+1 81
+1 81
+1 81
-9 2
+1 2
+3 2
+1 2
+1 2
+1 2
+1 2
+1 2
+6 3
+1 3
+1 3
+3 3
+1 3
+1 3
+1 3
+1 3
+1 3
+5 2
+1 2
+9 8
+1 8
+1 8
+1 8
+1 8
+2 8
+1 8
+1 8
+1 8
+1 8
+1 8
+1 8
+1 8
+3 8
+1 8
+1 8
+6 8
+1 8
+1 16
+4 8
+1 8
-1 1
+1 1
+3 10
+1 10
+1 10
+2 10
+1 10
+1 10
+4 10
+1 10
+1 10
+1 10
+1 10
+1 10
+6 3
+1 3
+2 3
+1 3
+2 2
+1 2
+1 2
+2 2
+1 2
+1 2
+4 2
+1 2
+1 2
+1 2
+1 2
+1 2
+6 1
+1 1
+1 1
+8 1
+1 1
+1 1
+1 1
+7 1
+1 1
+1 1
+20 3
+1 3
+1 3
+1 3
+1 3
+2 3
+1 3
+1 3
+1 3
+1 3
+1 3
+1 3
+1 3
+3 3
+1 3
+1 3
+6 3
+1 3
+1 6
+4 3
+1 3
-1 2
+1 2
+3 5
+1 5
+1 5
+2 5
+1 5
+1 5
+4 5
+1 5
+1 5
+1 5
+1 5
+1 5
+7 5
+1 5
+2 5
+1 5
+2 5
+1 5
+1 5
+2 5
+1 5
+1 5
+4 5
+1 5
+1 5
+1 5
+1 5
+1 5
+7 2
+1 2
+1 2
+32 1
+1 1
+1 1
+1 1
+1 1
+2 1
+1 1
+1 1
+1 1
+1 1
+1 1
+1 1
+1 1
+4 1
+1 1
+1 1
+6 1
+1 1
+1 2
+4 1
+1 1
+3 1
+1 1
+1 1
+2 1
+1 1
+1 1
+4 1
+1 1
+1 1
+1 1
+1 1
+1 1
+69 5
+1 5
+1 5
+1 5
+1 5
+2 5
+1 5
+1 5
+1 5
+1 5
+1 5
+1 5
+1 4
+4 4
+1 4
+1 4
+6 4
+1 4
+1 8
+4 4
+1 4
-1 1
+1 1
+3 5
+1 5
+1 5
+2 5
+1 5
+1 5
+4 5
+1 5
+1 5
+1 5
+1 5
+1 5
+7 4
+1 4
+2 4
+1 4
+2 4
+1 4
+1 4
+2 4
+1 4
+1 4
+4 4
+1 4
+1 4
+1 4
+1 4
+1 4
+7 1
+1 1
+1 1
+32 8
+1 8
+1 8
+1 8
+1 8
+2 8
+1 8
+1 8
+1 8
+1 8
+1 8
+1 8
+1 7
+4 7
+1 7
+1 7
+6 7
+1 7
+1 14
+4 7
+1 7
-1 2
+1 2
+3 9
+1 9
+1 9
+2 9
+1 9
+1 9
+4 9
+1 9
+1 9
+1 9
+1 9
+1 9
+7 3
+1 3
+2 3
+1 3
+2 3
+1 3
+1 3
+2 3
+1 3
+1 3
+4 3
+1 3
+1 3
+1 3
+1 3
+1 3
+7 2
+1 2
+1 2
+32 4
+1 4
+1 4
+1 4
+1 4
+2 4
+1 4
+1 4
+1 4
+1 4
+1 4
+1 4
+1 3
+4 3
+1 3
+1 3
+6 3
+1 3
+1 6
+4 3
+1 3
-1 1
+1 1
+3 4
+1 4
+1 4
+2 4
+1 4
+1 4
+4 4
+1 4
+1 4
+1 4
+1 4
+1 4
+7 2
+1 2
+2 2
+1 2
+2 2
+1 2
+1 2
+2 2
+1 2
+1 2
+4 2
+1 2
+1 2
+1 2
+1 2
+1 2
+7 1
+1 1
+1 1
+32 15
+1 15
+1 15
+1 15
+1 15
+2 15
+1 15
+1 15
+1 15
+1 15
+1 15
+1 15
+1 13
+4 13
+1 13
+1 13
+6 13
+1 13
+1 26
+4 13
+1 13
-1 5
+1 5
+3 18
+1 18
+1 18
+2 18
+1 18
+1 18
+4 18
+1 18
+1 18
+1 18
+1 18
+1 18
+7 6
+1 6
+2 6
+1 6
+2 6
+1 6
+1 6
+2 6
+1 6
+1 6
+4 6
+1 6
+1 6
+1 6
+1 6
+1 6
+7 5
+1 5
+1 5
+4 1
+1 1
+1 1
+1 1
+7 1
+1 1
+1 1
+16 18
+1 18
+1 18
+1 18
+1 18
+2 18
+1 18
+1 18
+1 18
+1 18
+1 18
+1 18
+1 11
+4 11
+1 11
+1 11
+6 11
+1 11
+1 22
+4 11
+1 11
-1 1
+1 1
+3 12
+1 12
+1 12
+2 12
+1 12
+1 12
+4 12
+1 12
+1 12
+1 12
+1 12
+1 12
+7 3
+1 3
+2 3
+1 3
+2 3
+1 3
+1 3
+2 3
+1 3
+1 3
+4 3
+1 3
+1 3
+1 3
+1 3
+1 3
+7 1
+1 1
+1 1
+32 23
+1 23
+1 23
+1 23
+1 23
+2 23
+1 23
+1 23
+1 23
+1 23
+1 23
+1 23
+1 11
+4 11
+1 11
+1 11
+6 11
+1 11
+1 22
+4 11
+1 11
-1 4
+1 4
+3 15
+1 15
+1 15
+2 15
+1 15
+1 15
+4 15
+1 15
+1 15
+1 15
+1 15
+1 15
+7 6
+1 6
+2 6
+1 6
+2 6
+1 6
+1 6
+2 6
+1 6
+1 6
+4 6
+1 6
+1 6
+1 6
+1 6
+1 6
+7 4
+1 4
+1 4
+32 32
+1 32
+1 32
+1 32
+1 32
+2 32
+1 32
+1 32
+1 32
+1 32
+1 32
+1 32
+1 19
+4 19
+1 19
+1 19
+6 19
+1 19
+1 38
+4 19
+1 19
-1 6
+1 6
+3 25
+1 25
+1 25
+2 25
+1 25
+1 25
+4 25
+1 25
+1 25
+1 25
+1 25
+1 25
+7 7
+1 7
+2 7
+1 7
+2 7
+1 7
+1 7
+2 7
+1 7
+1 7
+4 7
+1 7
+1 7
+1 7
+1 7
+1 7
+7 6
+1 6
+1 6
+32 35
+1 35
+1 35
+1 35
+1 35
+2 35
+1 35
+1 35
+1 35
+1 35
+1 35
+1 35
+1 20
+4 20
+1 20
+1 20
+6 20
+1 20
+1 40
+4 20
+1 20
-1 9
+1 9
+3 29
+1 29
+1 29
+2 29
+1 29
+1 29
+4 29
+1 29
+1 29
+1 29
+1 29
+1 29
+7 11
+1 11
+2 11
+1 11
+2 11
+1 11
+1 11
+2 11
+1 11
+1 11
+4 11
+1 11
+1 11
+1 11
+1 11
+1 11
+7 9
+1 9
+1 9
+32 43
+1 43
+1 43
+1 43
+1 43
+2 43
+1 43
+1 43
+1 43
+1 43
+1 43
+1 43
+1 17
+4 17
+1 17
+1 17
+6 17
+1 17
+1 34
+4 17
+1 17
-1 3
+1 3
+3 20
+1 20
+1 20
+2 20
+1 20
+1 20
+4 20
+1 20
+1 20
+1 20
+1 20
+1 20
+7 9
+1 9
+2 9
+1 9
+2 9
+1 9
+1 9
+2 9
+1 9
+1 9
+4 9
+1 9
+1 9
+1 9
+1 9
+1 9
+7 3
+1 3
+1 3
+32 33
+1 33
+1 33
+1 33
+1 33
+2 33
+1 33
+1 33
+1 33
+1 33
+1 33
+1 33
+1 22
+4 22
+1 22
+1 22
+6 22
+1 22
+1 44
+4 22
+1 22
-1 3
+1 3
+3 25
+1 25
+1 25
+2 25
+1 25
+1 25
+4 25
+1 25
+1 25
+1 25
+1 25
+1 25
+7 8
+1 8
+2 8
+1 8
+2 8
+1 8
+1 8
+2 8
+1 8
+1 8
+4 8
+1 8
+1 8
+1 8
+1 8
+1 8
+7 3
+1 3
+1 3
+32 33
+1 33
+1 33
+1 33
+1 33
+2 33
+1 33
+1 33
+1 33
+1 33
+1 33
+1 33
+1 18
+4 18
+1 18
+1 18
+6 18
+1 18
+1 36
+4 18
+1 18
-1 5
+1 5
+3 23
+1 23
+1 23
+2 23
+1 23
+1 23
+4 23
+1 23
+1 23
+1 23
+1 23
+1 23
+7 5
+1 5
+2 5
+1 5
+2 5
+1 5
+1 5
+2 5
+1 5
+1 5
+4 5
+1 5
+1 5
+1 5
+1 5
+1 5
+7 5
+1 5
+1 5
+32 36
+1 36
+1 36
+1 36
+1 36
+2 36
+1 36
+1 36
+1 36
+1 36
+1 36
+1 36
+2 17
+4 17
+1 17
+1 17
+6 17
+1 17
+2 34
+4 17
+1 17
-1 13
+1 13
+3 30
+1 30
+1 30
+2 30
+1 30
+1 30
+4 30
+1 30
+1 30
+1 30
+1 30
+1 30
+7 18
+1 18
+2 18
+1 18
+2 18
+1 18
+1 18
+2 18
+1 18
+1 18
+4 18
+1 18
+1 18
+1 18
+1 18
+1 18
+7 13
+1 13
+1 13
+34 255
+2 255
+1 255
+1 255
+1 255
-3 131
+1 131
+1 131
+1 131
+1 258
+5 129
+6 129
+1 129
+8 129
+1 129
-16 2464
+6 2464
+1 2464
+8 2464
+1 2464

fn=(244) strncmp
98 1
+27 1
+1 1
+1 1
+1 1
+1 1
+2 1
+1 1
+2 1
+1 1
+21 1
+1 1
+1 1
+1 1
+1 1
+1 1
+1 1
+1 1
+17 1
+1 1
+1 1
+1 1
+1 1
+1 1
+1 1
2104 1
+3 1
+1 1
+2 1
+1 1
+8 1
+1 1

fl=(24) ./elf/../sysdeps/nptl/dl-tls_init_tp.c
fn=(86) rtld_mutex_dummy
42 178
+2 356

fn=(68) __tls_pre_init_tp
53 3
+3 8
+5 1
-5 1
+5 1
+1 1
-6 1
+8 1

fn=(256) __tls_init_tp
68 2
fi=(330) ./elf/../include/list.h
-24 1
fe=(24)
+24 3
fi=(330)
-25 1
fe=(24)
+26 1
+3 1
fi=(330)
-29 1
+1 1
+1 1
+2 1
fe=(24)
+28 4
+1 2
+1 1
+5 2
+5 1
+6 1
-3 1
+3 1
-6 3
+6 1
+12 4
cfi=(11) ./elf/./elf/dl-tunables.c
cfn=(28) __tunable_get_val
calls=1 387 
* 24
fi=(75) ./elf/../sysdeps/unix/sysv/linux/rseq-internal.h
-73 3
+8 1
fe=(24)
+81 3
+7 2
+1 3
fi=(75)
-95 7
+3 2
fe=(24)

fl=(71) ./malloc/./malloc/scratch_buffer_set_array_size.c
fn=(228) __libc_scratch_buffer_set_array_size
30 65
+4 5
+1 10
+10 10
+18 5
-17 5
+17 25

fl=(62) ./io/../sysdeps/unix/sysv/linux/close_nocancel.c
fn=(194) __GI___close_nocancel
25 6
+1 24
+1 6

fl=(169) ./elf/./elf/dl-call-libc-early-init.c
fn=(552) _dl_call_libc_early_init
27 1
+2 2
-2 1
+6 3
-6 3
+6 1
-6 2
+6 1
cfi=(168) ./elf/./elf/dl-lookup-direct.c
cfn=(548) _dl_lookup_direct
calls=1 +41 
* 225
+4 2
+2 3
+2 1
-1 1
-1 1
+2 2
-1 1
cob=(2) /usr/lib/x86_64-linux-gnu/libc.so.6
cfi=(170) ./elf/./elf/libc_early_init.c
cfn=(554) __libc_early_init
calls=1 -7 
* 353

fl=(177) ./elf/./elf/dl-init.c
fn=(586) call_init.part.0
26 84
+17 7
+3 7
-3 14
+3 14
+5 12
+8 18
+1 24
cob=(4) ???
cfi=(175) ???
cfn=(630) 0x00000000048e9000
calls=1 -60 
* 7
cob=(4)
cfi=(175)
cfn=(618) 0x0000000004ace000
calls=1 -60 
* 7
cob=(4)
cfi=(175)
cfn=(608) 0x0000000004d1a000
calls=1 -60 
* 7
cob=(4)
cfi=(175)
cfn=(588) 0x000000000483d000
calls=1 -60 
* 7
+3 6
+1 12
+6 10
+2 10
-2 5
+3 48
+1 72
cob=(7) /usr/lib/x86_64-linux-gnu/libstdc++.so.6.0.33
cfi=(185) ???
cfn=(1302) 0x00000000000b7a10
calls=1 -74 
* 83
cob=(7)
cfi=(185)
cfn=(1296) 0x00000000000b79b0
calls=1 -74 
* 255
cob=(7)
cfi=(185)
cfn=(1270) 0x00000000000b78f0
calls=1 -74 
* 50
cob=(7)
cfi=(185)
cfn=(1244) 0x00000000000b7830
calls=1 -74 
* 50
cob=(7)
cfi=(185)
cfn=(1226) 0x00000000000b77b0
calls=1 -74 
* 34
cob=(7)
cfi=(185)
cfn=(1208) 0x00000000000b7730
calls=1 -74 
* 34
cob=(7)
cfi=(185)
cfn=(1204) 0x00000000000b76e0
calls=1 -74 
* 173
cob=(7)
cfi=(185)
cfn=(1202) 0x00000000000b76c0
calls=1 -74 
* 83
cob=(7)
cfi=(185)
cfn=(1200) 0x00000000000b76a0
calls=1 -74 
* 83
cob=(7)
cfi=(185)
cfn=(1198) 0x00000000000b7530
calls=1 -74 
* 48
cob=(7)
cfi=(185)
cfn=(1172) 0x00000000000b7400
calls=1 -74 
* 78
cob=(7)
cfi=(185)
cfn=(1116) 0x00000000000b71e0
calls=1 -74 
* 4163
cob=(7)
cfi=(185)
cfn=(1106) 0x00000000000b71c0
calls=1 -74 
* 758
cob=(7)
cfi=(185)
cfn=(1104) 0x00000000000b71b0
calls=1 -74 
* 3
cob=(7)
cfi=(185)
cfn=(1090) 0x00000000000b7120
calls=1 -74 
* 948
cob=(7)
cfi=(185)
cfn=(1084) 0x00000000000b7ae0
calls=1 -74 
* 12
cob=(6) /usr/lib/x86_64-linux-gnu/libgcc_s.so.1
cfi=(184) ???
cfn=(624) 0x0000000000005b10
calls=1 -74 
* 12
cob=(2)
cfi=(182) ./libio/./libio/vtables.c
cfn=(606) check_stdfiles_vtables
calls=1 545 
* 12
* 20
cob=(7)
cfi=(185)
cfn=(634) 0x00000000000b74f0
calls=1 -74 
* 85328
cob=(6)
cfi=(184)
cfn=(622) __cpu_indicator_init
calls=1 -74 
* 364
cob=(3) /usr/lib/x86_64-linux-gnu/libm.so.6
cfi=(183) ???
cfn=(612) 0x00000000000104e0
calls=1 -74 
* 12
cob=(2)
cfi=(179) ./csu/./csu/init-first.c
cfn=(598) _init_first
calls=1 -28 
* 72
cob=(5) /usr/libexec/valgrind/vgpreload_core-amd64-linux.so
cfi=(178) ???
cfn=(592) 0x0000000000001110
calls=1 -74 
* 12
-1 69
+3 56
-29 2

fn=(584) _dl_init
81 13
+1 1
+1 1
+3 3
+8 2
+25 1
+1 8
+1 14
-92 14
+6 21
+2 32
+83 12
cfn=(586)
calls=6 -94 
* 93108
* 12
+7 8
-98 2
+60 2
-54 3
+2 7
cfn=(586)
calls=1 -11 
* 77
* 2

fl=(2) ./elf/./elf/rtld.c
fn=(238) version_check_doit
674 2
+2 1
-2 4
+2 3
cfi=(73) ./elf/./elf/dl-version.c
cfn=(240) _dl_check_all_versions
calls=1 392 
* 25750
* 2
+4 3

fn=(246) init_tls
734 1
+6 1
-6 3
+2 2
+4 2
+11 1
fi=(28) ./elf/../include/rtld-malloc.h
44 1
fe=(2)
746 1
+4 1
fi=(28)
44 1
cfi=(27) ./elf/./elf/dl-minimal-malloc.c
cfn=(74) __minimal_calloc
calls=1 +36 
* 41
fe=(2)
761 1
-12 1
+6 1
-9 1
+11 1
+4 1
+2 3
-1 2
+3 14
+4 3
+2 3
-2 6
-5 3
-1 6
+10 3
+3 2
cfi=(46) ./elf/../elf/dl-tls.c
cfn=(248) _dl_tls_static_surplus_init
calls=1 97 
* 86
+3 1
cfi=(46)
cfn=(250) _dl_determine_tlsoffset
calls=1 216 
* 147
+7 1
cfi=(46)
cfn=(252) _dl_allocate_tls_storage
calls=1 417 
* 470
* 1
+1 2
+6 1
fi=(74) ./elf/../sysdeps/generic/dl-call_tls_init_tp.h
31 2
fe=(2)
793 1
fi=(74)
31 6
+2 1
cfi=(24)
cfn=(256)
calls=1 +35 
* 79
fe=(2)
800 1
-3 1
+3 4
-36 4
-1 9

fn=(2) _dl_start
517 16
85 1
547 4
85 1
543 1
fi=(6) ./elf/../sysdeps/x86_64/dl-machine.h
55 1
fe=(2)
+30 1
546 1
85 1
fi=(3) ./elf/./get-dynamic-info.h
-40 1
fe=(2)
546 1
fi=(3)
45 2
+23 18
-23 72
+4 36
+3 5
-1 10
+3 20
+1 16
+1 5
fi=(4) ./elf/../sysdeps/generic/ldsodefs.h
+23 1
fi=(3)
+31 1
-38 3
+12 4
+1 3
+1 4
+1 4
+1 5
+1 3
+1 4
+1 4
+12 7
+7 2
-51 4
+64 3
+6 3
+1 3
+3 2
+1 3
+5 5
+3 5
fe=(2)
563 154
fi=(4)
79 1
fe=(2)
563 1
fi=(4)
79 2
fe=(2)
563 27
fi=(6)
287 3
fi=(5) ./elf/./elf/do-rel.h
49 1
fe=(2)
563 1
fi=(5)
50 1
-1 2
+4 1
-3 1
+3 4
+3 2
-7 1
fe=(2)
563 1
fi=(5)
50 1
-1 2
+4 1
-3 1
+3 4
+3 2
+7 3
+2 3
-2 6
fi=(6)
278 3
fi=(5)
64 6
fi=(6)
278 6
+9 24
+3 6
+1 6
+26 8
+6 2
fi=(5)
61 13
fe=(2)
563 6
fi=(5)
51 1
fi=(4)
+28 2
fi=(3)
-17 4
+2 4
fe=(2)
565 1
+13 1
cfi=(7) ./elf/./elf/dl-minimal.c
cfn=(12) __rtld_malloc_init_stubs
calls=1 42 
* 10
458 2
85 1
476 2
85 3
476 1
cfi=(8) ./elf/./elf/dl-setup_hash.c
cfn=(14) _dl_setup_hash
calls=1 25 
* 27
+2 1
+16 2
-17 1
+11 1
-10 1
+16 1
cfi=(9) ./elf/../sysdeps/unix/sysv/linux/dl-sysdep.c
cfn=(16) _dl_sysdep_start
calls=1 102 
* 1962096
* 1
+2 2
+89 9
fi=(3)
103 3
fe=(2)

fn=(66) dl_main
1346 2
197 1
1346 11
199 1
302 1
+1 1
197 1
+99 3
1357 1
cfi=(24)
cfn=(68)
calls=1 53 
* 17
2749 1
2538 1
2749 2
2598 1
+2 2
+15 1
-13 2
cfi=(25) ./elf/./elf/dl-environ.c
cfn=(70) _dl_next_ld_env_entry
calls=1 28 
* 41
* 4
cfi=(25)
cfn=(70)
calls=2 28 
* 287
* 9
+4 6
-2 2
+2 6
+1 2
-1 6
+1 17
-1 89
+9 12
2727 3
1373 1
+1 2
-1 2
+1 2
2687 3
-47 2
+10 2
1637 9
cfi=(26) ./elf/./elf/dl-object.c
cfn=(72) _dl_new_object
calls=1 59 
* 210
* 1
+2 2
+1 3
+6 1
-5 2
+1 3
+4 1
cfi=(26)
cfn=(84) _dl_add_to_namespace_list
calls=1 31 
* 42
+1 2
1116 1
-1 1
1351 1
1143 1
-21 2
+21 2
-19 1
+1 1
-3 1
+21 2
+57 1
-82 1
+25 1
-3 1
+4 1
+19 1
+37 4
-56 102
+56 4
-1 4
+1 8
-1 4
+2 8
+1 1
+2 12
+1 14
+4 8
+1 8
+1 4
+4 12
-72 27
1253 2
+1 22
+6 4
cfi=(30) ./elf/./elf/dl-load.c
cfn=(88) _dl_process_pt_gnu_property
calls=1 868 
* 90
-7 26
+1 13
+6 13
-6 26
fi=(31) ./elf/../sysdeps/x86/dl-prop.h
235 4
+1 2
-87 4
fe=(2)
1148 1
-5 1
+5 2
-5 2
+30 1
-9 2
+2 1
-3 1
+10 2
+18 2
-38 2
-10 1
+10 1
+1 9
-11 2
+1 14
1247 1
1143 1
1247 2
1143 3
1266 4
+3 3
+2 3
1672 3
+2 2
-1 1
+1 1
+1 3
-2 2
cfi=(32)
cfn=(94)
calls=1 98 
* 25
* 2
+7 1
+3 1
-5 1
+3 1
+2 1
+1 2
+4 2
+2 2
fi=(3)
39 4
+4 1
+2 1
+9 1
+1 1
-10 2
+23 28
-23 112
+4 56
+3 6
-1 12
+3 24
+1 20
fe=(2)
1243 1
1143 1
1243 1
1143 2
fi=(3)
72 4
+43 2
+7 3
+1 4
+6 3
+18 4
+5 2
+2 2
+2 2
+2 2
+1 2
+3 4
+2 3
+1 2
+9 2
+6 2
+1 3
+3 3
fe=(2)
1698 4
+7 2
cfi=(8)
cfn=(14)
calls=1 25 
* 27
+3 2
fi=(33) ./elf/./setup-vdso.h
24 2
fi=(36) ./elf/./dl-main.h
+85 2
fi=(35) ./elf/../sysdeps/unix/sysv/linux/dl-vdso-setup.h
-64 1
fi=(36)
+64 3
cfi=(30)
cfn=(106) _dl_init_paths
calls=1 706 
* 2322
fe=(2)
1733 3
cfi=(45) ./elf/./elf/dl-debug.c
cfn=(144) _dl_debug_initialize
calls=1 56 
* 34
+7 1
-5 1
-2 1
+7 1
+4 1
+1 1
+2 1
-3 3
+1 2
+3 1
+11 1
-13 1
+13 1
+1 2
+5 1
-3 2
+2 1
+1 2
+5 3
+1 5
-1 2
224 1
+1 1
-1 1
+1 3
+1 2
1788 2
+5 1
-1 1
1352 1
1793 1
+24 1
cfi=(46)
cfn=(146) _dl_count_modids
calls=1 192 
* 6
* 1
fi=(47) ./elf/../sysdeps/generic/dl-debug.h
29 4
+1 1
fe=(2)
1823 1
+1 1
cfi=(45)
cfn=(150) _dl_debug_state
calls=1 116 
* 2
+1 1
+4 3
cfi=(48) ./elf/./elf/dl-audit.c
cfn=(152) _dl_audit_activity_map
calls=1 29 
* 17
+5 3
+2 1
+2 2
+9 2
+16 4
cfi=(63) ./io/../sysdeps/unix/sysv/linux/access.c
cfn=(200) access
calls=1 25 
* 9
* 2
+76 4
+16 3
85 1
1965 1
85 2
1965 1
85 1
1965 5
85 1
1965 2
cfi=(64) ./elf/./elf/dl-deps.c
cfn=(202) _dl_map_object_deps
calls=1 143 
* 28813
92 1
+9 1
1971 1
92 2
+9 2
1971 2
+1 6
-1 4
+1 12
-1 24
+4 3
+1 2
+1 1
+2 26
+1 12
+46 1
-42 2
+8 3
+1 2
+2 1
+2 3
+2 1
-4 1
+5 1
-1 2
+14 2
+1 2
+1 3
-25 1
+36 2
+2 1
-2 1
+2 2
-2 1
+1 2
+1 1
-1 2
+1 1
cfi=(50) ./elf/./elf/dl-catch.c
cfn=(236) _dl_receive_error
calls=1 186 
* 25787
+10 1
+1 1
-1 1
+1 1
+3 2
837 1
fi=(331) ./elf/../sysdeps/unix/sysv/linux/dl-osinfo.h
39 2
fe=(2)
839 1
fi=(331)
52 1
fe=(2)
848 1
+7 1
-5 1
2047 3
2246 2
+4 1
-4 1
+10 1
-6 1
+6 1
-6 1
+9 2
+8 2
fi=(31)
36 2
+1 3
+3 3
+13 9
-13 6
+9 12
-9 1
+9 28
+4 24
-16 21
+34 1
fe=(2)
2279 1
fi=(31)
71 1
cfi=(76) ./elf/../sysdeps/x86_64/dl-cet.c
cfn=(260) _dl_cet_check
calls=1 361 
* 55
fe=(2)
2282 1
-3 2
+5 1
-2 2
+2 2
+1 6
cfi=(77) ./elf/./elf/dl-reloc.c
cfn=(262) _dl_relocate_object
calls=1 207 
* 76653
85 2
2292 1
85 2
2292 1
+1 20
+2 14
+5 14
+2 14
+6 7
+2 14
+1 48
cfi=(77)
cfn=(262)
calls=6 207 
* 1775993
+4 20
+1 6
-23 3
+23 3
cfi=(46)
cfn=(438) _dl_add_to_slotinfo
calls=3 1017 
* 84
-23 7
92 3
+1 1
2325 1
93 1
2325 1
+4 4
+2 1
+7 4
cfi=(46)
cfn=(528) _dl_allocate_tls_init
calls=1 523 
* 306
+3 2
+4 3
+2 2
+33 3
cfi=(169)
cfn=(552)
calls=1 27 
* 603
+7 1
cfi=(9)
cfn=(568) _dl_sysdep_start_cleanup
calls=1 147 
* 2
+3 3
cfi=(48)
cfn=(570) _dl_audit_activity_nsid
calls=1 41 
* 11
+4 2
cfi=(45)
cfn=(196) _dl_debug_update
calls=1 38 
* 7
+1 1
-1 1
+2 1
cfi=(45)
cfn=(150)
calls=1 116 
* 2
+1 1
+4 1
cfi=(67) ./elf/./elf/dl-cache.c
cfn=(572) _dl_unload_cache
calls=1 525 
* 19
+5 8
2304 1
+1 1
-3 2
226 2
-2 1
+1 1
1773 1
+6 1
-6 2
+6 1
fi=(3)
56 5
+3 4
fi=(34) ./elf/../sysdeps/unix/sysv/linux/dl-vdso.h
-19 2
+1 5
fi=(35)
-11 1
+3 1
+3 1
+3 1
fi=(34)
+16 2
fi=(3)
+17 3
+12 3
+1 5
+1 5
+1 5
+1 4
+1 5
+1 5
+1 5
+12 2
+7 1
-7 7
+7 2
fe=(2)
1743 4
2357 1
cfi=(163) ./elf/./elf/dl-find_object.c
cfn=(530) _dl_find_object_init
calls=1 561 
* 1041
+5 3
cfi=(7)
cfn=(538) __rtld_malloc_init_real
calls=1 76 
* 3047
+3 1
cfi=(167) ./elf/../sysdeps/nptl/dl-mutex.c
cfn=(546) __rtld_mutex_init
calls=1 30 
* 503
85 1
2371 1
+1 3
85 3
2372 2
cfi=(77)
cfn=(262)
calls=1 207 
* 1871
92 3
+9 3
2687 2
+2 1
+1 1
-1 1
+1 1
+1 1
2040 2
cfn=(246)
calls=1 734 
* 923
* 2
2650 2
+2 2
+1 1
fi=(3)
62 4
+2 4
fe=(2)
1943 10
85 1
1842 2
85 3
1842 2
cfn=(154) handle_preload_list
calls=1 869 
* 3098
* 1
92 3
+9 3
1943 6
+1 1
-1 1
+4 3
+1 1
+1 2
+1 2
-7 2

fn=(154)
869 11
+5 1
-5 2
+5 2
-4 3
+7 3
cfi=(49) ./string/../string/strcspn.c
cfn=(156) strcspn
calls=1 32 
* 254
* 1
+1 3
+9 1
183 1
889 2
183 2
891 2
-80 1
+5 1
-6 1
-4 1
+10 2
-6 1
+4 1
+2 2
-5 1
+1 1
+4 1
cfi=(50)
cfn=(158) _dl_catch_error
calls=1 254 
* 2754
+1 3
+8 3
+67 1
-18 2
+21 9
-15 4
cfi=(29) ./string/../sysdeps/x86_64/multiarch/memmove-vec-unaligned-erms.S
cfn=(82) memcpy
calls=1 210 
* 19
+1 2

fn=(164) map_doit
641 2
+2 1
-2 4
+2 1
+1 2
-1 2
+1 3
cfi=(30)
cfn=(166) _dl_map_object
calls=1 1967 
* 2643
* 1
+2 3

fl=(66) ./io/../sysdeps/unix/sysv/linux/fstatat64.c
fn=(212) fstatat
146 6
-55 6
+70 7
+1 1
-2 4
+1 4

fl=(167)
fn=(546)
30 2
+10 3
-10 3
+10 1
-10 1
+10 1
-10 1
+7 1
+3 2
cfi=(168)
cfn=(548)
calls=1 +34 
* 233
+4 2
+1 8
+2 3
-2 1
+2 3
cfi=(168)
cfn=(548)
calls=1 +27 
* 223
+4 2
+1 7
+1 6

fl=(65) ./io/../sysdeps/unix/sysv/linux/stat64.c
fn=(210) stat
28 6
+1 12
cfi=(66)
cfn=(212)
calls=3 146 
* 28

fl=(9)
fn=(18) _dl_sysdep_parse_arguments
78 1
+2 1
-2 6
+1 1
+1 1
-1 1
+2 2
+2 1
-2 1
+2 2
-1 1
+1 2
-1 48
+1 96
+7 56
fi=(10) ./elf/../sysdeps/unix/sysv/linux/dl-parse_auxv.h
-49 1
fe=(9)
+45 1
fi=(10)
-54 1
fe=(9)
+54 1
fi=(10)
-54 1
+1 1
+1 1
+7 3
+1 44
+1 22
-2 22
+2 22
-2 67
fe=(9)
+52 3
+1 1
+1 2
fi=(10)
-49 1
+1 1
fe=(9)
+46 1
fi=(10)
-45 1
+3 1
+1 1
+1 1
+1 1
+2 1
-5 1
-4 1
+1 1
+4 1
+1 1
+3 1
-7 1
-4 1
+1 1
+8 1
fe=(9)
+40 1
-1 1
+2 1
+1 6

fn=(16)
102 5
+4 1
-4 1
+1 1
+3 1
cfn=(18)
calls=1 -28 
* 441
+4 2
cfi=(11)
cfn=(22) __GI___tunables_init
calls=1 261 
* 30447
+3 1
cfi=(13) ./elf/./elf/dl-sort-maps.c
cfn=(26) _dl_sort_maps_init
calls=1 289 
* 38
+2 2
cfi=(14) ./elf/../sysdeps/unix/sysv/linux/brk.c
cfn=(30) brk
calls=1 -79 
* 8
fi=(6)
220 1
cfi=(15) ./elf/../sysdeps/x86/dl-get-cpu-features.c
cfn=(34) _dl_x86_init_cpu_features
calls=1 37 
* 7349
fe=(9)
-98 3
+1 1
cfi=(22) ./string/../sysdeps/x86_64/multiarch/../multiarch/strlen-sse2.S
cfn=(62) strlen
calls=1 -66 
* 17
* 1
+2 2
cfi=(23) ./elf/../misc/sbrk.c
cfn=(64) sbrk
calls=1 -88 
* 16
* 3
+12 3
+3 5
cfi=(2)
cfn=(66)
calls=1 1346 
* 1923743
+3 4

fn=(568)
147 1
+1 1

fl=(20) ./elf/../sysdeps/x86/dl-cacheinfo.h
fn=(50) handle_intel.constprop.0
255 24
-5 12
+17 12
-17 96
+11 12
+1 12
+5 36
+4 24
+34 96
-29 12
+3 24
-3 12
+3 36
cfn=(52) intel_check_word.constprop.0
calls=12 123 
* 4092
+2 24
+3 60
cfn=(52)
calls=12 123 
* 1272
+2 24

fn=(52)
123 48
-4 72
+10 24
-10 96
+10 48
-10 24
+10 24
-10 24
+10 24
+2 48
+71 48
fi=(21) ./elf/../bits/stdlib-bsearch.h
32 24
fe=(20)
202 120
-71 96
+2 60
+2 120
+8 120
+51 96
+22 48
fi=(21)
28 48
-1 96
+2 216
+2 168
+1 84
fe=(20)
+78 168
+3 324
fi=(21)
-78 264
-6 528
+2 480
+1 240
fe=(20)
+78 480
+15 12
246 144
fi=(21)
37 120
fe=(20)
155 36
+3 36
-6 12
+3 39
+9 18
+23 21
-32 63
+3 63
+4 58
+2 116
+3 84
+1 48
+1 48
+1 30
+2 11
+2 22
+6 14
+3 8
+1 12
-20 15
+12 4
+2 4
+1 4
-2 4
-1 4
+2 8
-2 4
+3 4
-2 12
+2 12
+11 2
-9 12

fn=(56) get_common_cache_info.constprop.0
571 11
+17 1
+1 1
+9 1
-12 1
+2 1
+2 1
+8 1
-11 1
+3 1
+11 2
-5 3
+17 1
+5 3
+4 2
770 5
+1 5
+4 2
+8 1
-1 1
+1 1
+1 1
+1 7
627 5
+3 6
-32 5
+75 4
+8 5
+2 2
-2 1
+6 3
+3 1
+1 5
-4 4
+21 2
-21 4
+2 1
+2 4
-4 1
+6 4
+3 2
+5 1
+2 2
+1 1
+1 1
-2 2
+1 1
-19 4
+46 2
+1 1
+1 2
+1 1
+25 3
630 3
+10 6
+14 2
+4 1
+3 1
+1 1
-4 2
+3 3
+6 4
-37 12
+7 6
-7 3
+7 2
+3 20
+5 2
+4 1
+1 1
-1 2
+1 1
+61 2
+7 1
+2 2
-16 1
+22 1
-6 2
+1 1
+5 1
-30 5

fl=(70) ./io/../sysdeps/unix/sysv/linux/pread64_nocancel.c
fn=(226) __pread64_nocancel
25 4
+1 8
+1 2

fl=(16) ./elf/../sysdeps/x86/cpu-features.c
fn=(42) update_active.constprop.0
72 8
+4 1
+10 1
+9 1
+9 1
-19 1
-1 1
+29 1
-4 1
-24 1
+9 1
+9 1
+9 1
-28 2
+25 1
-15 1
-9 1
+9 1
+9 1
+9 1
-3 1
+7 1
-13 1
+9 1
+4 2
-22 1
+22 2
-13 1
+6 1
+3 1
+5 1
+12 1
-8 1
-4 1
+7 1
-3 4
+1 1
+2 1
-2 2
+1 3
+5 1
+2 1
-2 4
+1 1
+1 1
-1 2
+1 1
-1 1
+3 2
+1 4
+14 2
356 2
+4 3
fi=(18) ./elf/../sysdeps/unix/sysv/linux/x86/dl-hwcap2.h
25 2
fi=(19) ./elf/../sysdeps/x86/get-isa-level.h
+5 1
-2 1
+2 3
fe=(16)
369 1
+1 8
151 2
+1 2
-1 5
+1 2
+2 3
+90 1
+1 1
-1 2
+17 4
+16 2
+5 1
-1 2
+4 4
+4 2
+4 3
+1 2
+3 1
-1 1
+9 1
-5 1
+2 1
-2 1
+5 1
+51 1
fi=(19)
31 1
fe=(16)
356 2
fi=(19)
32 3
+4 3
fe=(16)
158 4
+3 1
+3 2
+14 1
+2 1
+10 3
-12 1
+12 1
-12 1
+2 2
-2 1
+2 1
+8 1
-8 1
+6 3
+2 1
-2 1
+2 3
+7 5
fi=(19)
39 2
+1 4
-2 1
+7 4
+2 1
+1 2
+3 5
+2 4
+1 2
+1 2
+3 1
-1 1
+1 3
fe=(16)
171 1
-5 2
+4 1

fn=(36) init_cpu_features.constprop.0
682 1
+17 1
-17 7
+3 1
+1 1
+1 1
+3 1
+9 2
+3 6
1001 3
+1 2
+3 2
+1 2
+6 1
+1 1
+1 1
+1 1
fi=(20)
792 1
+1 1
+2 1
+14 2
+85 1
+1 1
+15 1
-5 1
+5 1
-10 1
-6 1
+2 1
+14 1
-15 1
+2 1
-1 1
+2 1
-1 1
+2 1
-1 1
+1 1
+2 1
+1 1
+1 1
+1 1
+35 2
-15 3
+8 2
+27 6
+9 2
+19 2
+8 6
cfi=(11)
cfn=(28)
calls=1 387 
* 23
* 1
+2 2
+3 4
cfi=(11)
cfn=(28)
calls=1 387 
* 23
* 1
+2 2
+3 4
cfi=(11)
cfn=(28)
calls=1 387 
* 23
* 1
+1 5
+16 2
-12 5
cfi=(11)
cfn=(28)
calls=1 387 
* 23
* 1
+1 3
+6 3
+3 1
-3 2
cfi=(11)
cfn=(28)
calls=1 387 
* 23
* 1
+3 5
-3 1
+3 5
cfi=(11)
cfn=(58) __GI___tunable_set_val
calls=1 153 
* 62
+1 10
cfi=(11)
cfn=(58)
calls=1 153 
* 62
+1 11
cfi=(11)
cfn=(58)
calls=1 153 
* 62
+3 10
cfi=(11)
cfn=(58)
calls=1 153 
* 62
+2 10
cfi=(11)
cfn=(58)
calls=1 153 
* 62
+13 1
+2 1
fe=(16)
-23 1
fi=(20)
+21 1
+3 1
fe=(16)
-24 1
fi=(20)
+26 1
-5 1
+2 1
-2 1
+3 1
fe=(16)
-24 1
fi=(20)
+25 1
+3 1
-1 1
fe=(16)
-27 1
cfi=(11)
cfn=(28)
calls=1 387 
* 22
+3 4
cfi=(11)
cfn=(28)
calls=1 387 
* 24
+6 3
+54 1
-1 1
+1 1
+45 4
cfi=(11)
cfn=(28)
calls=1 387 
* 22
+2 4
cfi=(11)
cfn=(28)
calls=1 387 
* 22
+6 4
cfi=(11)
cfn=(28)
calls=1 387 
* 24
+7 8
fi=(20)
974 12
fe=(16)
+68 1
-1 2
+1 3
+44 3
+27 2
-10 2
+1 2
+2 3
+1 2
+2 3
+1 2
fi=(20)
811 2
cfn=(50)
calls=1 255 
* 455
+1 1
-1 1
+1 1
cfn=(50)
calls=1 255 
* 503
+1 1
-1 1
+1 1
cfn=(50)
calls=1 255 
* 530
+4 1
-4 1
+1 2
+3 1
cfn=(50)
calls=1 255 
* 476
+2 1
-2 1
+2 1
cfn=(50)
calls=1 255 
* 468
+3 1
-3 1
+1 2
+2 1
cfn=(50)
calls=1 255 
* 446
+2 1
-2 1
+2 1
cfn=(50)
calls=1 255 
* 447
+3 1
-2 1
-1 1
+3 1
cfn=(50)
calls=1 255 
* 494
+2 1
-2 1
+2 1
cfn=(50)
calls=1 255 
* 495
+1 1
+2 1
-3 1
+1 1
+2 1
cfn=(50)
calls=1 255 
* 521
+2 1
-2 1
+2 1
cfn=(50)
calls=1 255 
* 522
+2 1
-2 1
+2 1
cfn=(50)
calls=1 255 
* 523
+2 4
-2 1
+2 1
cfn=(56)
calls=1 571 
* 223
+93 1
-6 3
+6 1
-6 2
+6 2
-6 2
+6 2
-1 2
fe=(16)
708 6
cfn=(38) get_common_indices.constprop.0
calls=1 398 
* 74
376 3
+1 2
+1 6
+5 2
713 1
cfn=(42)
calls=1 72 
* 222
+2 1
+2 1
1015 1
715 2
878 2
+7 2
+2 2
+4 2
+6 2
+2 1
706 2
-3 1
384 6
+5 2
+1 7
717 1
fi=(20)
987 1
-48 1
fe=(16)
717 1
fi=(20)
987 2
fe=(16)
717 6
+4 7
+78 1
-25 3
+92 2
+3 2
fi=(20)
+38 1
fe=(16)
-37 1
-89 2
+51 2

fn=(38)
398 3
+4 4
+3 3
+5 2
-5 1
+5 1
-5 1
+4 1
+1 1
+1 4
+1 4
+1 3
+1 2
+7 2
+2 5
+5 1
-5 1
+5 1
-5 1
+5 1
-5 2
+5 1
+7 1
-7 4
+7 1
+1 3
+6 1
-6 4
+6 1
fi=(17) ./elf/../sysdeps/unix/sysv/linux/x86/dl-minsigstacksize.h
24 2
+3 2
+1 2
+37 3
+7 1
+2 1
fe=(16)
457 3

fl=(27)
fn=(142) __minimal_free
97 3
+2 12

fn=(78) __minimal_malloc
36 336
+1 126
+11 123
+3 41
-3 41
+3 82
-3 2
+3 1
-3 1
+3 158
+19 42
+1 42
+2 252
-17 12
+1 6
+2 3
+1 21
cfi=(57) ./misc/../sysdeps/unix/sysv/linux/mmap64.c
cfn=(182) mmap
calls=3 -13 
* 78
* 3
+2 6
+2 12
cfi=(58) ./misc/../sysdeps/unix/sysv/linux/setvmaname.c
cfn=(184) __set_vma_name
calls=3 -31 
* 61
+1 9
+2 2
+4 2
-4 4
-24 1
-1 1
+1 1
+1 2
-2 2
+28 1
-3 2
+4 2

fn=(74)
80 17
+4 17
-4 68
+7 17
+1 51
fi=(28)
-32 17
cfi=(27)
cfn=(78)
calls=17 -20 
* 672
fe=(27)

fl=(14)
fn=(30)
36 1
fi=(332) ./elf/../sysdeps/unix/sysv/linux/brk_call.h
-12 2
fe=(14)
+13 1
+1 2
+6 1
+1 1

fl=(30)
fn=(136) expand_dynamic_string_token
385 18
241 4
385 2
241 2
cfi=(41) ./string/../sysdeps/x86_64/multiarch/../multiarch/strchr-sse2.S
cfn=(118) index
calls=2 32 
* 72
+3 4
410 2
-11 2
+11 12
-11 2
cfi=(44) ./string/./string/strdup.c
cfn=(138) strdup
calls=2 40 
* 180

fn=(132) fillin_rpath.isra.0
468 9
+4 1
-4 8
+6 3
cfi=(7)
cfn=(134) strsep
calls=1 239 
* 240
* 3
cfi=(7)
cfn=(134)
calls=1 239 
* 8
* 6
+7 2
+2 3
cfn=(136)
calls=1 -98 
* 125
* 1
+4 2
+5 2
cfi=(22)
cfn=(62)
calls=1 57 
* 17
* 1
+1 2
+7 5
+9 15
+1 8
fi=(28)
50 2
cfi=(27)
cfn=(142)
calls=1 +47 
* 5
+1 1
fe=(30)
528 4
+4 4
fi=(28)
56 1
cfi=(27)
cfn=(78)
calls=1 -20 
* 30
* 1
fe=(30)
534 2
+5 1
+1 2
-1 1
-1 1
+2 1
cfi=(29)
cfn=(126) mempcpy
calls=1 197 
* 13
+3 1
-3 1
+1 1
+2 1
+6 1
+1 1
-1 3
+1 5
+1 1
-1 1
+1 1
-1 3
+1 1
-1 2
+1 1
+2 2
+1 3
+1 1
+6 2
+1 1
+3 3
-60 2
-22 2
+88 1
+3 8
-24 2

fn=(88)
868 6
+8 6
-8 12
+8 6
-6 6
+12 12
-13 6
+13 6
-13 6
+13 12
+3 18
+1 12
+1 12
+3 18
+1 18
+4 6
+1 12
+22 6
+2 6
-2 12
+2 18
-20 18
+1 9
+3 18
+3 9
+1 36
fi=(31)
95 36
+7 18
+16 9
-3 18
254 12
+1 6
+2 24
+3 6
-8 6
+5 3
-4 3
+4 9
+3 3
-2 3
fe=(30)

fn=(166)
1967 156
+8 26
+1 52
+3 272
+5 357
+2 153
cfi=(52) ./elf/./elf/dl-misc.c
cfn=(168) _dl_name_match_p
calls=51 68 
* 5258
* 102
+4 86
+1 129
+4 22
-1 110
+1 22
+1 22
-1 22
+1 44
cfi=(32)
cfn=(94)
calls=22 98 
* 615
* 44
2270 122
2011 15
-1 10
+9 5
-50 5
+50 10
+17 10
-2 5
+2 5
cfi=(41)
cfn=(118)
calls=5 32 
* 120
* 10
2202 2
-1 3
cfn=(136)
calls=1 385 
* 175
+6 1
-7 1
+1 1
+2 2
+4 7
cfn=(170) open_verify.constprop.0
calls=1 1572 
* 106
+3 2
-3 1
+3 1
+12 4
+45 1
+1 5
-1 1
+1 8
cfn=(176) _dl_map_object_from_fd
calls=1 944 
* 1940
-1 4
+1 20
-1 4
+1 32
cfn=(176)
calls=4 944 
* 8862
* 15
2040 8
cfi=(22)
cfn=(62)
calls=4 57 
* 68
* 8
+2 8
+7 16
+51 52
cfn=(208) open_path
calls=4 1812 
* 1312
+6 4
-6 4
+6 8
2222 16
+46 8
682 4
2107 4
682 8
+3 2
2135 8
cfi=(67)
cfn=(214) _dl_load_cache_lookup
calls=4 403 
* 5101
* 4
+2 8
+4 8
+31 4
-23 8
+23 28
cfn=(170)
calls=4 1572 
* 461
+4 8
-4 4
+4 4
+1 4
+17 8
2074 20
682 4
2075 4
682 12
2099 8
+1 8
-47 4
+1 4
696 20
2058 15
682 5
2059 5
682 10
+3 2
+3 3
+3 1
+1 1
2073 20
+1 8
688 3
2115 3
+14 6
+2 12
-47 8
691 1
2115 1
+14 2

fn=(170)
1572 110
+32 11
-32 22
+32 22
+19 44
cfi=(53) ./io/../sysdeps/unix/sysv/linux/open64_nocancel.c
cfn=(172) __open_nocancel
calls=11 28 
* 238
* 11
+2 22
+8 5
+1 10
+5 5
-5 5
+5 25
cfi=(54) ./io/../sysdeps/unix/sysv/linux/read_nocancel.c
cfn=(174) __read_nocancel
calls=5 25 
* 30
+2 10
+2 10
+2 10
+6 10
+17 65
+81 10
+5 10
+6 20
+6 10
+6 5
+1 5
-1 15
+1 15
+26 99
-22 13
+1 2
-1 1
+1 1
cfi=(70)
cfn=(226)
calls=1 25 
* 7
* 2
1668 9
-59 12
1777 2

fn=(176)
944 50
+15 5
-15 10
+15 5
-15 10
+15 10
+77 20
+10 10
+7 35
cfi=(26)
cfn=(72)
calls=5 59 
* 1914
* 5
+1 10
+11 5
+5 5
-4 5
-1 5
+2 5
+2 5
-2 5
+2 10
+1 15
+1 8
+19 8
-2 4
+2 42
-2 1
+2 55
+10 5
-10 5
+10 15
+27 5
-33 5
-3 5
+2 5
-1 5
+35 5
+9 5
-50 5
+41 5
+9 5
-36 5
+63 25
-62 200
+26 140
+8 40
+1 20
-1 20
+1 80
+1 20
-1 20
+1 20
+2 20
-2 20
+2 20
+2 20
-4 20
+1 20
+3 20
-4 20
+4 100
+2 40
+13 40
+1 75
+5 15
+1 135
-28 30
-35 45
+62 5
+1 45
-28 10
-35 120
+1 307
1213 5
1100 5
1213 10
1100 15
1218 35
+10 15
+1 5
-1 5
+1 5
-1 15
+1 15
-1 15
+1 15
-1 45
1066 10
1235 10
+10 20
+7 20
fi=(59) ./elf/./dl-map-segments.h
28 5
fe=(30)
1252 15
fi=(59)
28 10
+1 40
cfi=(57)
cfn=(182)
calls=5 +18 
* 140
+73 10
-1 5
-72 5
+73 5
+3 10
+1 5
+2 5
-3 5
+1 5
+2 5
+17 5
-44 5
fi=(60) ./elf/./dl-load.h
+10 40
fi=(59)
+58 80
+6 5
+2 5
-2 5
+1 5
+2 10
-1 10
+3 10
+5 10
+3 15
+8 30
cfi=(43) ./string/../sysdeps/x86_64/multiarch/../multiarch/memset-vec-unaligned-erms.S
cfn=(130) memset
calls=5 -44 
* 763
* 5
+6 10
+12 20
-59 120
+2 60
+2 120
cfi=(57)
cfn=(182)
calls=15 -92 
* 315
* 30
fe=(30)
1264 5
fi=(56) ./elf/../sysdeps/posix/dl-fileid.h
37 10
cfi=(55) ./io/../sysdeps/unix/sysv/linux/fstat64.c
cfn=(178) fstat
calls=5 -7 
* 30
* 10
fe=(30)
989 10
fi=(56)
40 15
fe=(30)
989 5
fi=(56)
40 5
fe=(30)
989 80
+1 40
fi=(56)
49 60
fe=(30)
1519 45
1074 13
+1 2
-1 1
+1 1
-1 1
+1 1
cfi=(70)
cfn=(226)
calls=1 25 
* 7
* 2
+46 2
+1 1
-15 10
+7 5
+2 5
-2 5
+1 5
+1 5
-1 10
+1 40
+60 9
+5 3
-1 6
+5 3
-5 6
-66 3
+71 12
+1 3
+3 3
-3 3
+8 12
+15 10
+1 5
1008 10
1268 20
+1 15
fi=(61) ./elf/./elf/get-dynamic-info.h
39 10
+6 5
-2 5
+11 5
+1 5
-10 10
+8 6
+15 6
-23 24
+23 132
-23 528
+4 276
+3 37
-1 74
+3 124
+1 104
+1 25
+16 20
+12 17
+1 20
+1 20
+1 20
+1 17
+1 19
+1 19
+1 20
+12 5
+7 5
-7 35
+7 11
+5 8
+7 8
+1 15
+6 15
+1 6
+17 15
+5 4
+2 4
+2 4
+2 4
+4 15
+2 9
+1 6
+9 6
+6 6
+4 10
fe=(30)
1275 10
+1 10
+2 10
+10 15
+19 15
+2 30
+52 15
+1 6
+6 45
+1 100
+6 20
cfn=(88)
calls=5 868 
* 372
-7 125
+1 60
+6 60
-6 120
fi=(31)
149 20
fe=(30)
1380 10
cfi=(62)
cfn=(194)
calls=5 25 
* 30
* 10
+13 10
+2 20
+2 10
+16 10
cfi=(8)
cfn=(14)
calls=5 25 
* 135
+4 10
+1 10
+17 10
+1 1
+3 1
+5 1
-5 1
+5 1
-5 4
+5 4
-5 4
+5 4
+5 10
+12 40
+10 10
+1 12
+5 6
cfi=(46)
cfn=(224) _dl_assign_tls_modid
calls=3 125 
* 36
+7 15
cfi=(26)
cfn=(84)
calls=5 31 
* 295
+3 10
+4 10
cfi=(45)
cfn=(196)
calls=5 38 
* 35
* 5
+1 15
+22 35
+1 15
cfi=(48)
cfn=(198) _dl_audit_objopen
calls=5 77 
* 25
* 5
fi=(60)
92 16
+2 4
-1 4
+1 4
-1 4
+1 4
-1 4
+1 4
-1 8
+3 16
fi=(61)
-37 20
+3 20
+2 20
181 6
-22 4
fe=(30)
1510 10
1074 2
fi=(59)
186 16
cfi=(57)
cfn=(182)
calls=2 47 
* 42
+3 4
fe=(30)
1462 12
+2 3
-1 15
+1 3
-1 3
+1 3
-1 3
cfi=(32)
cfn=(94)
calls=3 98 
* 75
* 6
+2 5
1275 4

fn=(106)
706 11
+14 1
-14 2
+14 2
cfi=(37) ./elf/./elf/dl-hwcaps.c
cfn=(108) _dl_important_hwcaps
calls=1 172 
* 1244
fi=(28)
56 1
fe=(30)
720 1
fi=(28)
56 1
cfi=(27)
cfn=(78)
calls=1 -20 
* 30
fe=(30)
725 1
+2 3
+8 2
-1 3
+5 3
fi=(28)
56 1
cfi=(27)
cfn=(78)
calls=1 -20 
* 30
fe=(30)
739 1
+2 4
+7 1
+8 1
+2 1
+12 2
-23 1
+9 1
+11 1
-4 1
-5 1
+3 2
+7 2
+2 2
-11 1
+11 3
-8 1
+4 1
+1 3
+1 16
cfi=(43)
cfn=(130)
calls=4 132 
* 56
+2 15
-14 3
+10 3
+4 9
-12 3
-2 3
+2 3
+4 3
-3 3
+3 3
+1 3
-2 3
+5 9
+1 6
+3 1
+15 1
-8 1
+5 1
-6 1
+9 2
+2 4
+2 3
+36 5
+2 2
cfi=(22)
cfn=(62)
calls=1 57 
* 17
* 9
-19 1
-2 1
+2 2
+19 9
cfi=(29)
cfn=(82)
calls=1 210 
* 11
* 1
+5 4
-1 2
+2 1
+1 2
-2 4
+1 13
+1 26
-2 52
+5 1
fi=(28)
56 1
cfi=(27)
cfn=(78)
calls=1 -20 
* 30
fe=(30)
836 1
fi=(28)
56 1
fe=(30)
838 2
+6 6
cfn=(132)
calls=1 468 
* 581
+3 3
+6 1
+4 8
-35 2
+5 2

fn=(204) _dl_dst_count
238 24
+3 12
-3 60
+7 12
-7 24
+3 12
cfi=(41)
cfn=(118)
calls=12 32 
* 384
+3 24
+20 108

fn=(208)
1812 32
+1 4
-1 12
+1 4
+6 8
+5 68
+67 8
-74 4
+7 12
+57 4
-65 4
+65 4
+10 8
-64 8
+8 24
+7 8
-11 4
+12 4
-1 16
cfi=(29)
cfn=(126)
calls=4 197 
* 52
+1 40
+50 6
-2 12
-48 44
+3 24
+5 42
cfi=(29)
cfn=(126)
calls=6 197 
* 78
* 24
cfi=(29)
cfn=(126)
calls=6 197 
* 78
+3 12
+6 18
+3 42
cfn=(170)
calls=6 1572 
* 336
* 6
+2 18
+2 6
+93 36
-88 6
+1 21
+6 3
+2 6
-2 6
+2 3
cfi=(65)
cfn=(210)
calls=3 28 
* 46
* 3
+3 3
-3 6
+1 2
+9 8
+2 1
-2 2
+2 6
+44 32
+6 8
-2 4
+2 8
+3 12
1822 8
+2 8

fl=(309) ./elf/./elf/dl-call_fini.c
fn=(5276) _dl_call_fini
24 56
+4 14
+6 7
-2 7
+3 14
+3 5
+1 5
-1 5
+1 10
+3 20
+1 5
cob=(3)
cfi=(183)
cfn=(5562) 0x00000000000104a0
calls=1 -43 
* 152
cob=(6)
cfi=(184)
cfn=(5532) 0x0000000000004940
calls=1 -43 
* 42
cob=(7)
cfi=(185)
cfn=(5464) 0x00000000000b7aa0
calls=1 -43 
* 5113
cob=(5)
cfi=(178)
cfn=(5446) 0x00000000000010d0
calls=1 -43 
* 152
cob=(8) /home/ilya/Final_Project_OS/Part_7/graph_server
cfi=(211) ???
cfn=(5278) 0x0000000000028000
calls=1 -43 
* 152
* 10
cob=(6)
cfi=(184)
cfn=(5544) 0x0000000000005ad0
calls=1 -43 
* 152
cob=(8)
cfi=(213) /home/ilya/Final_Project_OS/Part_7/graph_server.cpp
cfn=(5440) _sub_D_00100_1
calls=1 682 
* 30
cob=(8)
cfi=(214) /home/ilya/Final_Project_OS/Part_7/../Part_1/Graph.cpp
cfn=(5438) _sub_D_00100_1
calls=1 313 
* 30
cob=(8)
cfi=(215) /home/ilya/Final_Project_OS/Part_7/random_graph.cpp
cfn=(5436) _sub_D_00100_1
calls=1 +71 
* 30
cob=(8)
cfi=(216) /home/ilya/Final_Project_OS/Part_7/Algorithms/EulerCircuit.cpp
cfn=(5434) _sub_D_00100_1
calls=1 269 
* 30
cob=(8)
cfi=(217) /home/ilya/Final_Project_OS/Part_7/Algorithms/MSTW.cpp
cfn=(5432) _sub_D_00100_1
calls=1 +90 
* 30
cob=(8)
cfi=(218) /home/ilya/Final_Project_OS/Part_7/Algorithms/HamCircuit.cpp
cfn=(5430) _sub_D_00100_1
calls=1 +50 
* 30
cob=(8)
cfi=(219) /home/ilya/Final_Project_OS/Part_7/Algorithms/MaxClique.cpp
cfn=(5428) _sub_D_00100_1
calls=1 +80 
* 30
cob=(8)
cfi=(220) /home/ilya/Final_Project_OS/Part_7/Algorithms/SCC.cpp
cfn=(5426) _sub_D_00100_1
calls=1 +92 
* 30
cob=(8)
cfi=(221) /home/ilya/Final_Project_OS/Part_7/Algorithms/AlgorithmFactory.cpp
cfn=(5300) _sub_D_00100_1
calls=1 +4 
* 4397898
-1 60
+5 7
+1 14
+1 10
+1 25
-1 5
cob=(4)
cfi=(175)
cfn=(5578) 0x0000000004d983a8
calls=1 -49 
* 4
cob=(4)
cfi=(175)
cfn=(5560) 0x0000000004af1748
calls=1 -49 
* 4
cob=(4)
cfi=(175)
cfn=(5530) 0x0000000004a30ce4
calls=1 -49 
* 4
cob=(4)
cfi=(175)
cfn=(5462) 0x000000000483d294
calls=1 -49 
* 4
cob=(4)
cfi=(175)
cfn=(5442) 0x0000000000172c6c
calls=1 -49 
* 4
+1 12

fl=(53)
fn=(172)
28 24
+3 12
-3 24
+3 72
+8 84
+2 12
-2 18
+2 12

fl=(13)
fn=(234) dfs_traversal.part.0
135 108
+10 12
-2 12
+2 24
+2 36
-7 62
+7 116
+9 24
+15 36
+1 12
+1 78
cfn=(235) dfs_traversal.part.0'2
calls=2 -38 
* 85
-26 10
+9 18

fn=(235)
135 18
+10 2
-2 2
+2 4
+2 8
-7 8
+7 16
+9 4
+15 6
+1 2
+1 12
-17 3

fn=(232) _dl_sort_maps
298 24
+8 2
-8 2
+8 4
+4 16
-99 2
-28 2
-2 2
+1 4
+29 2
-28 8
+1 2
-1 2
+1 2
-1 4
+1 12
-1 12
+1 12
-1 24
+28 30
+8 6
-3 2
+2 2
+1 4
-3 2
+5 44
+2 14
-83 64
cfn=(234)
calls=12 -5 
* 633
+86 40
+18 8
+32 8
+7 2
+27 2
-47 6
cfi=(29)
cfn=(82)
calls=2 -53 
* 38
* 2

fn=(26)
289 2
+1 2
-1 2
+1 2
cfi=(11)
cfn=(28)
calls=1 +97 
* 24
+2 3
-1 1
+2 2

fl=(25)
fn=(70)
28 3
+1 3
+3 57
+13 47
-13 94
+2 98
+1 18
+5 2
-3 2
+3 2
+2 2

fl=(51) ./setjmp/../sysdeps/x86_64/setjmp.S
fn=(162) __sigsetjmp
31 13
+2 13
+9 13
+1 26
+1 13
+4 13
+1 13
+1 13
+1 13
+1 13
+2 26
+2 13
+1 13
+1 13
+2 26
+2 13
+8 13
+3 13
+1 13
+7 13
+1 13

fl=(187) ./elf/./elf/dl-runtime.c
fn=(644) _dl_fixup
46 1342
+2 610
+1 122
+6 122
fi=(333) ./elf/../sysdeps/x86_64/dl-runtime.h
-27 122
fe=(187)
+21 122
+5 122
+1 122
-6 122
+6 244
+1 122
+2 122
-2 122
+2 122
-2 610
+7 244
+4 244
+4 122
-2 122
+2 244
+4 366
+1 488
+1 366
+8 122
-1 122
+1 244
+10 1220
cfi=(78) ./elf/./elf/dl-lookup.c
cfn=(270) _dl_lookup_symbol_x
calls=122 772 
* 86287
* 122
+4 610
+10 1220
+15 488
+9 366
+26 366
fi=(6)
+75 122
fe=(187)
-71 976
fi=(232) ./elf/../sysdeps/x86_64/dl-irel.h
32 5
cob=(2)
cfi=(86) ./string/../sysdeps/x86_64/multiarch/strcmp.c
cfn=(290) strcmp
calls=1 +47 
* 19
cob=(2)
cfi=(121) ./string/../sysdeps/x86_64/multiarch/memcmp.c
cfn=(374) bcmp
calls=1 -3 
* 24
cob=(2)
cfi=(127) ./string/../sysdeps/x86_64/multiarch/strlen.c
cfn=(394) strlen
calls=2 -3 
* 50
cob=(2)
cfi=(98) ./string/../sysdeps/x86_64/multiarch/memcmpeq.c
cfn=(320) memcpy@@GLIBC_2.14
calls=1 -3 
* 22
fe=(187)
+93 10

fl=(22)
fn=(62)
57 30
+44 30
+1 30
+1 30
+1 30
+1 30
+1 30
+1 30
+2 30
+2 30
+31 29
+1 29
+1 29
+1 29
+1 29
+1 15
+2 15
+4 14
+1 14
+1 14
+1 14
+1 14
+1 14
+1 14
+1 14
+1 14
+1 14
+1 14
+1 14
+5 112
+4 1
+1 14
+1 6
+15 1
+1 1
+1 2
+51 1
+1 1
+1 1
+1 1
+1 1
+1 1
+1 1
+1 1
+16 1
+2 1
+1 14
+2 1
+1 1
+1 1
+2 1

fl=(23)
fn=(64)
37 4
+3 1
-3 2
+21 2
+4 2
+16 5

fl=(42) ./string/../sysdeps/x86_64/multiarch/../multiarch/memcmp-sse2.S
fn=(122) bcmp
59 1
+12 1
+1 1
+22 1
+1 1
+45 1
+1 1
+2 1
+1 1
+2 1
+1 1
+2 1
+1 1
+47 1
+1 1
+1 1
+1 1
+1 1
+1 1

fl=(38) ./elf/../sysdeps/x86_64/dl-hwcaps-subdirs.c
fn=(110) _dl_hwcaps_subdirs_active
29 1
fi=(19)
+2 1
fe=(38)
+7 1
fi=(19)
-8 4
fe=(38)
+22 1
fi=(19)
-20 3
+4 1
fe=(38)
+2 1
fi=(19)
-2 2
+3 4
+1 4
+5 1
fe=(38)
-7 1
fi=(19)
+7 3
fe=(38)
-2 1
fi=(19)
+5 2
+3 5
+2 4
+1 2
+1 2
+3 1
fe=(38)
-10 1
fi=(19)
+10 3
fe=(38)

fl=(46)
fn=(224)
125 3
+16 3
-13 3
-3 9
+3 3
+55 3
-2 3
+5 3
+1 6

fn=(248)
97 2
+3 1
-3 3
+3 1
-3 1
+3 1
-3 1
+3 1
-3 1
+3 1
cfi=(11)
cfn=(28)
calls=1 387 
* 23
* 1
+1 4
cfi=(11)
cfn=(28)
calls=1 387 
* 23
+1 1
+2 1
-3 1
+1 2
+2 3
+3 1
+2 1
-26 3
+28 3
+1 6

fn=(250)
216 9
+6 4
+3 2
+36 3
+2 1
-2 1
-2 1
-40 1
-1 1
-1 1
+46 2
+23 9
+3 3
-3 15
+2 6
+6 3
-33 6
+20 3
-20 15
+2 6
+3 3
-1 3
+5 6
-5 3
+1 3
-1 3
+3 6
+2 9
+32 2
-1 1
+53 1
-52 5
+2 2
+51 8

fn=(528)
523 11
+1 2
+4 1
+6 1
-6 1
+6 1
cfi=(24)
cfn=(86)
calls=1 42 
* 3
+3 3
+12 1
-18 1
+42 3
-19 12
+9 9
+1 6
+6 9
+3 3
-2 3
+2 3
-2 3
+2 12
+4 3
-4 3
+4 3
-1 6
+4 6
+1 12
+2 6
+1 6
+17 3
-8 3
+8 3
+2 12
cfi=(29)
cfn=(126)
calls=3 197 
* 39
* 18
cfi=(43)
cfn=(130)
calls=3 132 
* 52
-49 3
+55 3
-55 12
+6 9
+55 2
cfi=(24)
cfn=(86)
calls=1 42 
* 3
+3 2
+3 9

fn=(252)
417 7
+2 1
+11 1
+1 1
fi=(28)
56 1
cfi=(27)
cfn=(78)
calls=1 -20 
* 86
fe=(46)
432 2
+8 3
fi=(28)
44 1
fe=(46)
440 2
+5 1
-5 1
+1 1
+4 304
+19 1
-99 1
+4 1
+1 1
fi=(28)
44 1
cfi=(27)
cfn=(74)
calls=1 +36 
* 41
fe=(46)
371 2
+3 1
+6 2
+90 7

fn=(146)
192 1
+2 2
+1 1
+15 2

fn=(438)
1017 24
+9 3
-9 3
+6 3
+4 3
+4 9
+34 6
+3 6
+1 9
+3 18

fl=(39) ./elf/./elf/dl-hwcaps_split.c
fn=(120) _dl_hwcaps_split
25 5
+1 3
+21 1
-20 1
+20 3

fn=(114) _dl_hwcaps_split_masked
51 110
-25 44
+36 5
-7 5
+7 35
-26 24
+5 27
cfi=(41)
cfn=(118)
calls=9 -9 
* 216
* 9
+1 18
+3 6
+11 12
+1 18
+1 12
-2 6
+1 9
+1 6
-28 24
+4 48
+1 12
-1 30
+24 6
+9 12
-5 6
-2 6
+2 42
-19 6
cfi=(22)
cfn=(62)
calls=3 +14 
* 51
* 6

fl=(41)
fn=(118)
32 28
+1 28
+1 28
+1 28
+1 28
+1 28
+1 28
+1 28
+1 28
+1 28
+1 28
+1 28
+1 28
+1 28
+1 28
+1 28
+1 28
+1 28
+1 23
+4 23
+1 23
+1 23
+1 23
+2 23
+4 5
+1 5
+1 5
+1 5
+1 5
+1 5
+1 5
+1 5
+1 5
+1 5
+1 5
+1 5
+1 5
+1 5
+1 5
+1 5
+1 5
+1 5
+1 5
+1 5
+1 5
+1 5
+1 5
+1 5
+52 5
+4 5
+1 5
+1 5
+1 5
+2 5

fl=(49)
fn=(156)
32 6
+1 3
+1 2
+5 6
+1 4
+1 4
+1 4
+2 1
+3 3
+1 2
-1 6
+1 4
+3 4
+1 4
+1 4
+1 4
+2 3
+6 1
-1 1
+1 1
+2 2
-1 2
+2 1
+2 6
-5 12
-1 12
+1 12
+2 24
-1 24
+2 12
+2 72
+2 1
+1 4
+1 3

fl=(52)
fn=(524) _dl_higher_prime_number
87 2
+38 2
-1 2
+3 2
+2 80
+1 30
+3 7
-6 24
+18 2
+1 2
-15 6

fn=(216) _dl_sysdep_read_whole_file
36 2
+3 1
-3 7
+3 1
-3 2
+3 1
cfi=(53)
cfn=(172)
calls=1 -11 
* 20
+1 2
+23 8
-21 4
cfi=(55)
cfn=(178)
calls=1 -12 
* 6
* 2
+2 2
+3 2
+13 2
cfi=(62)
cfn=(194)
calls=1 -35 
* 6
* 1
-11 6
cfi=(57)
cfn=(182)
calls=1 -2 
* 26
* 2

fn=(168)
68 812
+1 232
cfi=(32)
cfn=(94)
calls=116 +29 
* 3905
* 232
+3 116
+2 232
+6 113
-6 226
+1 399
cfi=(32)
cfn=(94)
calls=133 +23 
* 4662
* 266
+8 20
-13 20
+13 156
-1 96
+1 288

fl=(57)
fn=(182)
47 26
+3 52
-3 156
+6 52
+5 156
+2 104
-7 55

fl=(7)
fn=(12)
42 1
+1 2
+1 2
+1 2
+1 2
+1 1

fn=(134)
239 2
+3 4
+2 2
+1 4
+4 3
-2 2
+4 28
+5 84
-2 56
+13 1
+4 4
-22 14
+15 14
-15 30

fn=(542) lookup_malloc_symbol
61 8
+3 4
-3 12
+3 4
-3 12
+3 4
-3 4
+2 4
+1 16
cfi=(78)
cfn=(270)
calls=4 772 
* 2764
+4 28
+1 28
+2 4
fi=(166) ./elf/./dl-sym-post.h
-30 8
+12 12
fe=(7)
+19 24

fn=(538)
76 2
+10 1
fi=(165) ./elf/../sysdeps/generic/dl-hash.h
-41 1
-1 1
fe=(7)
+32 8
+11 1
-1 1
fi=(165)
-43 1
+5 3
+14 4
-17 3
+3 15
+14 20
-17 15
fe=(7)
+46 2
fi=(165)
-24 1
fe=(7)
+22 1
+2 2
fi=(165)
-19 1
fe=(7)
+19 1
cfn=(542)
calls=1 -30 
* 696
+1 3
-1 1
+1 1
cfn=(542)
calls=1 -31 
* 733
+1 3
-1 1
+1 1
cfn=(542)
calls=1 -32 
* 838
+1 3
-1 1
+1 1
cfn=(542)
calls=1 -33 
* 669
+5 1
+1 1
+1 1
+1 1
+1 8

fl=(55)
fn=(178)
30 6
+9 24
+33 6

fl=(37)
fn=(108)
172 6
+3 1
-3 3
+3 1
-3 5
+2 1
cfi=(38)
cfn=(110)
calls=1 29 
* 49
+1 1
fi=(40) ./elf/./dl-hwcaps.h
43 1
fe=(37)
174 1
fi=(40)
45 2
+32 1
+1 1
+1 1
fe=(37)
-27 2
cfi=(39)
cfn=(114)
calls=1 -1 
* 23
* 2
fi=(40)
-9 1
+2 1
-2 1
+34 2
+1 2
+1 1
fe=(37)
-24 2
-1 2
+1 2
+1 2
+1 2
-5 4
cfi=(39)
cfn=(114)
calls=2 -1 
* 130
* 2
cfi=(39)
cfn=(114)
calls=1 -1 
* 125
* 6
+48 4
fi=(28)
-44 2
cfi=(27)
cfn=(78)
calls=1 -20 
* 30
fe=(37)
+46 2
-2 1
+2 1
+3 1
+3 1
fi=(40)
-65 1
+2 1
fe=(37)
+67 1
fi=(40)
-66 1
fe=(37)
+66 2
cfi=(39)
cfn=(120)
calls=1 -87 
* 13
* 2
fi=(40)
-69 1
+2 1
-2 1
+34 2
+1 2
+1 1
fe=(37)
+48 10
+1 4
+1 2
+1 2
-1 2
-4 4
cfi=(39)
cfn=(114)
calls=2 -74 
* 130
* 2
cfi=(39)
cfn=(114)
calls=1 -74 
* 125
* 6
+8 3
+9 5
+3 8
-2 6
+14 1
+4 1
+1 1
+1 1
-20 3
+19 1
+1 1
-20 2
+8 2
+4 2
-4 3
+4 2
cfi=(42)
cfn=(122)
calls=1 -96 
* 19
+1 3
-14 8
+47 1
-4 2
+4 2
-3 1
+7 1
-7 2
+7 1
fi=(28)
56 1
cfi=(27)
cfn=(78)
calls=1 -20 
* 30
* 1
fe=(37)
194 2
+8 1
fi=(40)
43 1
fe=(37)
201 1
80 1
fi=(40)
-35 1
fe=(37)
+35 1
202 1
fi=(40)
77 1
+1 1
fe=(37)
202 3
fi=(40)
79 1
fe=(37)
-2 2
cfi=(39)
cfn=(114)
calls=1 -26 
* 23
* 2
fi=(40)
-34 1
+2 1
fe=(37)
+35 2
fi=(40)
-37 1
+34 2
+1 2
+1 3
fe=(37)
+1 4
+7 2
-7 8
cfi=(29)
cfn=(126)
calls=2 197 
* 26
+4 2
+2 2
+2 2
-2 4
-9 4
cfi=(39)
cfn=(114)
calls=2 -26 
* 130
* 2
cfi=(39)
cfn=(114)
calls=1 -26 
* 125
* 6
213 2
-5 1
+1 1
-1 1
+5 1
+3 9

fl=(64)
fn=(206) openaux
61 72
+7 12
-4 36
+1 12
-1 84
cfi=(30)
cfn=(166)
calls=12 1967 
* 23742
* 12
+5 36

fn=(202)
143 4
+1 2
-1 1
+1 1
-1 2
+1 1
-1 1
+1 1
-1 4
+1 3
-1 1
+1 7
-8 1
+8 2
-8 1
-6 1
-2 1
+16 1
-8 1
-7 1
+1 1
+6 1
+24 4
-28 3
-2 1
+31 1
-33 2
+2 2
+30 2
-30 1
-1 4
+7 4
+24 3
+28 3
-6 1
+46 1
fi=(72) ./elf/../include/scratch_buffer.h
77 1
fe=(64)
+87 1
fi=(72)
-87 1
+1 1
fe=(64)
184 1
+44 4
-31 1
-4 1
+4 8
-4 6
+4 12
+11 18
-18 2
+18 4
417 14
+2 5
+3 5
-3 15
+3 5
-3 5
fi=(28)
56 5
cfi=(27)
cfn=(78)
calls=5 -20 
* 150
fe=(64)
423 15
fi=(28)
56 5
fe=(64)
423 5
+6 5
+1 25
cfi=(29)
cfn=(82)
calls=5 210 
* 63
+1 25
cfi=(29)
cfn=(82)
calls=5 210 
* 63
+3 5
+1 10
+4 21
188 12
442 18
-1 7
+1 14
183 6
+27 20
+7 5
+4 5
-6 5
+1 5
+1 5
+1 10
+3 15
-2 5
-29 25
+32 298
+6 48
cfi=(30)
cfn=(204)
calls=12 +10 
* 660
* 36
+4 24
-2 12
+2 24
cfi=(50)
cfn=(160) _dl_catch_exception
calls=12 -28 
* 24798
+1 24
+9 12
+2 24
+5 25
+6 5
+2 5
-8 10
+3 5
+1 5
+1 5
+1 5
+4 5
-3 5
+3 15
+4 36
+1 27
-43 611
+7 24
+38 411
fi=(72)
85 3
fe=(64)
448 5
+1 1
+3 4
+11 5
fi=(28)
56 1
cfi=(27)
cfn=(78)
calls=1 -20 
* 30
fe=(64)
465 3
fi=(28)
56 1
fe=(64)
465 1
+5 2
+1 1
-1 3
+4 3
-2 2
+13 6
+5 6
-16 18
+11 6
-7 6
+7 6
-2 12
-5 1
+7 1
-2 2
+2 1
-11 1
+11 1
+5 1
-16 3
+21 3
+37 2
+15 2
-14 2
+20 1
-1 4
+1 4
-1 5
cfi=(13)
cfn=(232)
calls=1 298 
* 489
+5 1
+2 1
+1 1
+1 2
-2 1
+2 1
+7 3
+3 2
+3 8
198 46
+3 5
fi=(72)
-70 20
cfi=(71)
cfn=(228)
calls=5 30 
* 125
fe=(64)
+70 15
+4 10
547 4
cfi=(29)
cfn=(82)
calls=1 210 
* 19
* 3
-53 2
144 2

fl=(45)
fn=(144)
56 3
+3 2
+4 1
+22 1
+10 1
-32 2
+1 1
+21 2
+5 2
+1 1
+4 1
-4 1
-1 1
+2 1
+3 1
+4 2
+8 2
-50 1
+4 2
+35 6

fn=(196)
38 6
+3 6
-1 12
+4 12
+4 6

fn=(150)
116 2
+1 2

fl=(26)
fn=(84)
31 24
+2 6
-2 12
+2 6
-2 18
+2 6
cfi=(24)
cfn=(86)
calls=6 +9 
* 18
+2 53
+3 80
+2 5
+2 5
+4 5
+4 5
-4 10
+1 10
+1 10
+3 25
-1 5
cfi=(24)
cfn=(86)
calls=5 -8 
* 15
-4 1
+4 1
-4 2
+1 2
+1 2
+3 5
-1 1
cfi=(24)
cfn=(86)
calls=1 -8 
* 3
-5 2

fn=(72)
59 90
+3 12
+18 10
+3 5
cfi=(22)
cfn=(62)
calls=5 -26 
* 103
+4 5
-4 5
+4 5
+5 5
-9 15
fi=(28)
-39 10
cfi=(27)
cfn=(74)
calls=5 +36 
* 306
fe=(26)
+39 1
fi=(28)
-39 2
cfi=(27)
cfn=(74)
calls=1 +36 
* 47
* 6
fe=(26)
+51 12
+5 6
+4 6
-6 6
+2 6
+4 6
-5 6
+4 6
+1 6
-1 6
+1 12
cfi=(29)
cfn=(82)
calls=6 210 
* 77
* 6
+15 6
-15 6
+2 6
+13 12
+6 1
+2 7
+3 2
-3 35
+3 10
+2 6
+4 6
+3 16
+2 12
-2 8
+2 8
-2 16
+16 12
-5 6
+5 6
-6 6
+6 6
-6 6
+6 12
+2 10
+3 10
-3 10
+7 24
+4 15
+8 1
+13 1
-10 2
+10 8
-10 10
+10 15
+2 5
cfi=(22)
cfn=(62)
calls=5 57 
* 203
+21 5
-21 15
+17 5
-13 15
+50 15
cfi=(29)
cfn=(126)
calls=5 -48 
* 89
* 5
+5 10
+1 10
-1 158
+1 158
+4 10
+1 5
+3 5
+4 54
131 12
-8 5
-4 10
+34 1
+7 4
+8 20
fi=(28)
56 10
cfi=(27)
cfn=(78)
calls=5 -20 
* 150
* 5
fe=(26)
200 10
-1 10
64 2
+2 3
+1 2
+4 6
+6 2

fl=(1) ???
fn=(0) 0x000000000001f540
0 2
cfi=(2)
cfn=(2)
calls=1 517 
0 1962769
0 8
cfi=(76)
cfn=(580) _dl_cet_setup_features
calls=1 331 
0 4
0 10
cfi=(177)
cfn=(584)
calls=1 81 
0 93343
0 3
cob=(8)
cfi=(211)
cfn=(1306) (below main)
calls=1 0 
0 7610014

fl=(15)
fn=(550) __x86_cpu_features
71 1
-32 3
+32 2

fn=(34)
37 1
+2 3
+2 1
cfi=(16)
cfn=(36)
calls=1 682 
* 7344

fl=(78)
fn=(270)
772 12312
+3 2052
-3 6156
+3 2052
-3 8208
fi=(79) ./elf/../sysdeps/generic/dl-new-hash.h
74 2052
+3 4104
-8 2052
+1 4104
+10 2052
+1 4104
-1 40902
+1 81804
+20 41941
-2 41941
+6 41941
-3 83882
+2 41941
-30 41941
+3 83882
fe=(78)
774 2052
+1 2052
+3 2052
-4 2052
+1 2052
+7 8170
+5 2052
-2 2052
+2 2052
-2 2052
+6 28808
+1 28728
cfn=(274) do_lookup_x
calls=2052 347 
* 751169
* 6156
+28 2052
-23 6156
+23 2052
-23 4104
+24 12200
+7 2036
-7 2036
+35 8144
+34 8144
-20 6108
+3 4072
-57 2052
+76 18468
fi=(79)
87 1013
+1 1013
+1 2026
+1 1013
fe=(78)
871 2
-72 96
+18 48
+11 64

fn=(276) check_match
70 30675
+3 12258
+13 2039
-13 2039
+13 2039
-13 2039
+13 6117
+3 4958
cfi=(32)
cfn=(94)
calls=220 +9 
* 15307
* 440
+4 2039
+1 4078
+2 4072
+19 4072
+1 16288
+2 6
+43 2035
+1 16360
-18 6
+2 6
+1 3
-1 6
+1 9
-1 6
+4 2
+1 7
+2 3
-75 8
+39 6099
cfi=(32)
cfn=(94)
calls=2033 -19 
* 53213
* 4066
-44 24
+5 12

fn=(274)
347 18468
+1 2052
-1 8208
+6 2052
-6 2052
+65 2052
-58 2052
+11 2052
+50 2052
-3 4104
+3 4104
-50 2052
+50 8208
-19 19899
+8 6633
-4 6633
+1 6633
+3 26532
+1 13266
+3 6633
-3 6633
+4 13266
+4 13266
-2 6633
+5 26532
+3 46431
+99 13806
358 13276
+3 13276
+4 13306
+21 13266
+4 13266
+71 16280
fi=(4)
139 4070
+1 6105
fe=(78)
476 4070
fi=(4)
139 2
+1 3
fe=(78)
476 2
fi=(80) ./elf/../sysdeps/generic/dl-protected.h
29 8144
fe=(78)
483 10864
+16 3908
+1 1954
+22 1954
-21 1954
+21 13760
-21 82
+21 574
-99 6642
-1 4428
+2 4428
+2 2212
+6 8848
-6 2212
+6 15484
+7 10701
-10 28010
+2 2045
+1 6135
-1 2045
+1 4090
-1 2045
+1 2045
+1 2045
-1 2045
+1 2045
-1 14315
cfn=(276)
calls=2045 70 
* 190331
+4 6135
+3 20
+31 1417
+2 2
+50 16
-1 16
+1 112
222 82
+2 82
-2 246
+2 82
-2 82
+2 82
-2 82
+2 246
+2 82
-2 246
cfi=(24)
cfn=(86)
calls=82 42 
* 246
+2 82
+2 82
-1 82
+1 246
+2 162
+1 81
-1 567
+1 81
-1 162
+1 162
-1 162
+1 162
-1 1640
+24 352
+3 95
+1 285
-23 176
-1 352
487 3945
+4 1
fi=(28)
44 4
cfi=(27)
cfn=(74)
calls=1 +36 
* 41
* 1
fe=(78)
302 2
-72 1
+70 2
+5 1
+2 1
-7 1
+6 1
+1 1
170 12
+1 9
311 6
-1 2
+1 486
-1 162
+19 246
+2 82
-2 328
+2 82
cfi=(24)
cfn=(86)
calls=82 42 
* 246
+2 164
+1 82
-1 82
+1 82
176 518
-2 84
+1 252
-3 332
+7 82
+1 82
+1 82
+1 82
318 328
-56 1377
+7 10
cfi=(52)
cfn=(524)
calls=2 87 
* 159
fi=(28)
44 2
fe=(78)
269 2
fi=(28)
44 4
cfi=(27)
cfn=(74)
calls=2 +36 
* 82
* 2
fe=(78)
272 4
171 4
279 2
171 4
279 296
+1 276
+1 140
170 70
281 140
170 70
281 70
170 70
+1 70
-1 70
+1 210
+1 440
+2 14
+1 42
-3 168
+7 70
+3 70
-2 70
+3 70
+76 322
-83 12
285 10
+2 2
-2 10
cfi=(27)
cfn=(142)
calls=2 97 
* 10
170 2
288 2
-2 2
+3 4
-1 2
+1 4
170 4
+1 2
-1 2
+1 8

fl=(11)
fn=(58)
153 15
-81 40
+81 15
-81 10
+10 5
fi=(334) ./elf/./dl-tunable-types.h
+2 5
fe=(11)
+9 40
+1 25
fi=(12) ./elf/./elf/dl-tunables.h
+47 10
fe=(11)
-26 25
+1 5
+1 5
+1 5
+39 15
fi=(12)
-15 10
fe=(11)
-45 10
+3 5
fi=(12)
+51 5
fe=(11)
-51 5
+4 10
+7 10
+1 10
-12 25

fn=(28)
387 39
+3 78
-3 39
+3 312
+9 36
-9 72
+19 25
+7 234
+2 39
-19 14
+1 14
+9 6

fn=(22)
261 8
+22 1
-22 1
128 1
283 1
-22 1
+6 4
42 250
+6 49
-3 49
+3 4298
+4 98
+4 98
fi=(12)
160 49
fe=(11)
56 98
fi=(12)
161 22
-1 115
+1 169
-1 98
fe=(11)
281 8036
+6 14553
fi=(12)
160 490
+1 980
-1 97
+1 388
-1 485
fe=(11)
304 8

fl=(54)
fn=(174)
25 5
+1 20
+1 5

fl=(58)
fn=(184)
33 3
+2 11
-2 4
+7 1
-7 2
+7 1
-7 2
+7 1
-7 1
+7 1
cfi=(11)
cfn=(28)
calls=1 387 
* 24
* 3
+7 1
+2 6

fl=(73)
fn=(240)
392 7
+4 5
-2 1
+4 42
cfn=(242) _dl_check_map_versions
calls=7 155 
* 25639
-2 7
+2 21
-1 7
-1 14
+5 7

fn=(242)
155 70
+15 21
+2 35
+2 7
+1 7
+2 14
+3 10
-16 10
+20 5
-4 5
-24 5
+28 35
+16 10
36 5
200 5
36 35
200 14
36 7
200 7
36 49
+1 53
-1 106
+2 195
cfi=(52)
cfn=(168)
calls=65 +30 
* 6517
* 142
208 36
+5 12
fi=(335) ./elf/../sysdeps/generic/_itoa.h
76 36
fe=(73)
213 24
+4 24
+1 24
-1 24
+4 12
-3 12
+3 12
-3 36
-1 84
+1 84
-1 84
+4 42
-3 42
+3 42
-3 201
56 216
+8 162
+6 162
+16 54
+1 108
+2 54
+5 378
+14 1944
+12 2754
+4 918
-30 1836
231 216
+3 162
+5 42
-24 42
110 54
+3 270
cfi=(32)
cfn=(94)
calls=54 -15 
* 2064
* 162
224 162
+1 3
cfi=(32)
cfn=(94)
calls=1 98 
* 71
* 2
+3 26
+15 36
+5 7
-50 7
+59 25
+3 10
+3 35
+3 20
+4 5
-7 20
+3 15
+4 124
-7 496
+3 377
+8 15
+6 12
fi=(28)
44 6
fe=(73)
280 12
fi=(28)
44 6
cfi=(27)
cfn=(74)
calls=6 +36 
* 301
fe=(73)
281 12
-2 6
fi=(28)
44 6
fe=(73)
281 6
+13 6
-3 6
+3 24
+2 12
+3 20
+4 36
+7 54
+1 54
-1 162
+1 54
+1 54
-2 54
+2 108
+1 162
+3 162
+5 42
-15 42
+2 42
-2 42
+2 42
-2 42
+2 84
-2 12
+2 12
-2 12
+2 12
-2 12
+2 24
+16 36
+5 7
-28 7
+33 10
+3 10
+4 129
+6 129
+1 129
+1 129
-1 387
+1 129
-1 129
+1 129
+1 129
+3 387
+4 129
-14 268
+10 15
+12 10
+1 10
+1 10
+1 4
+19 63
164 2
-8 2
257 5
+17 3
+60 2
-40 2
+76 4
+2 4
+4 2
-4 120
+1 60
+2 1
+1 2
-1 1
+1 1
cfi=(32)
cfn=(244)
calls=1 98 
* 32
* 2

fl=(76)
fn=(260)
361 8
-76 1
-10 2
+2 2
-1 1
+6 1
+3 1
+8 1
-11 1
+1 1
-1 1
+1 1
-1 1
+1 1
+10 4
+3 1
+4 2
+2 2
-1 1
+2 2
+2 2
-1 2
+4 1
+2 1
+3 2
145 2
+12 2
+16 1
+6 1
363 6

fn=(580)
331 1
+3 2
+16 1

fl=(63)
fn=(200)
25 1
+2 7
+4 1

fl=(44)
fn=(138)
40 36
+1 6
cfi=(22)
cfn=(62)
calls=6 +16 
* 192
* 6
fi=(336) ./string/../include/rtld-malloc.h
+15 12
cfi=(27)
cfn=(78)
calls=6 -20 
* 180
fe=(44)
-12 12
+3 18
+1 18
-1 6
cfi=(29)
cfn=(82)
calls=6 210 
* 90

fl=(186) ./elf/../sysdeps/x86_64/dl-trampoline.h
fn=(642) _dl_runtime_resolve_xsave
71 122
+5 122
+3 122
+2 122
+10 122
+6 122
+1 122
+1 122
+1 122
+1 122
+1 122
+1 122
+4 122
+1 122
+3 122
+1 122
+2 122
+1 122
+1 122
+1 122
+1 122
+1 122
+2 122
+7 122
+1 122
+1 122
cfi=(187)
cfn=(644)
calls=122 -84 
* 98739
+1 122
+5 122
+1 122
+1 122
+2 122
+1 122
+1 122
+1 122
+1 122
+1 122
+1 122
+2 122
+2 122
+4 122
+2 122

fl=(163)
fn=(534) _dlfo_process_initial
474 2
+3 2
-3 6
+1 2
+3 4
+26 14
+1 6
+1 14
-1 28
+3 52
+3 48
-7 10
+27 2
-2 2
+2 6
-18 36
+3 12
-1 12
cfi=(164) ./elf/./dl-find_object.h
cfn=(532) _dl_find_object_from_map
calls=6 95 
* 373
+2 24

fn=(536) _dlfo_sort_mappings
536 1
+1 2
+3 4
+4 1
+1 1
-1 1
+1 2
-1 4
+1 4
-1 4
+1 18
+1 75
+3 5
-1 5
-3 45
+8 15
+1 10
-1 5
-13 10
+14 15
+1 10
-15 10
+17 1

fn=(4494) _dl_find_object
360 110
+3 30
+9 38
+7 18
+86 80
-85 12
+3 6
-62 18
+4 12
+2 36
+1 54
+1 54
+2 20
-6 20
+13 30
+12 18
-1 6
fi=(164)
77 6
-1 6
+1 6
+2 6
fe=(163)
375 6
fi=(164)
79 6
fe=(163)
388 6
fi=(164)
77 8
-1 4
fe=(163)
375 4
fi=(164)
77 8
+2 8
fe=(163)
375 4
-50 28

fn=(530)
561 2
+3 1
-3 3
+5 2
+13 1
cfn=(534)
calls=1 474 
* 129
+1 1
-1 1
+1 1
fi=(28)
56 1
cfi=(27)
cfn=(78)
calls=1 -20 
* 30
fe=(163)
580 1
fi=(28)
56 1
fe=(163)
582 2
+3 2
+5 1
+1 1
cfn=(534)
calls=1 474 
* 526
+3 3
+10 4
-37 2
cfi=(164)
cfn=(532)
calls=1 95 
* 68
* 1
+29 2
cfn=(536)
calls=1 -60 
* 248
+3 6
+2 1

fl=(77)
fn=(262)
207 88
+1 16
+12 7
+4 28
-4 7
+6 21
+3 7
-1 7
+1 14
+22 35
+4 8
+7 12
fi=(6)
81 20
+6 8
+4 6
+17 2
-11 2
+11 4
+21 4
+5 8
-2 4
fi=(4)
-53 2
fe=(77)
301 4
fi=(4)
79 4
fe=(77)
301 4
fi=(4)
79 5
fe=(77)
301 10
fi=(4)
79 10
fe=(77)
301 9890
fi=(4)
79 2
fe=(77)
301 2
fi=(4)
79 4
fe=(77)
301 298
-80 14
fi=(6)
393 14
fe=(77)
190 7
+31 7
-31 7
fi=(6)
393 21
fi=(5)
49 7
fe=(77)
301 7
fi=(5)
50 7
+30 7
-31 14
+4 7
-3 7
+3 7
-3 7
+3 21
+27 14
-31 7
fe=(77)
301 7
fi=(5)
50 7
+30 7
-31 14
+4 7
-3 7
+3 7
-3 7
+3 21
+27 14
-7 2
-1 2
+11 16
fi=(6)
514 2224
+4 2224
+3 3336
+1 1112
fi=(5)
83 3336
+2 4448
+11 12
fe=(77)
301 42
fi=(5)
51 7
fi=(4)
+28 35
fi=(6)
730 14
+4 8
fe=(77)
304 35
+24 7
+3 14
+17 21
+2 64
-98 14
+3 6
+7 3
-9 3
+9 6
fi=(6)
81 6
fi=(5)
+33 36
+9 24
+1 4
fi=(6)
498 4
fi=(5)
124 4
fi=(6)
498 8
fi=(5)
124 7035
fi=(6)
498 7035
fi=(5)
124 7035
fi=(6)
498 14070
+5 14078
+1 7039
fi=(5)
123 7039
fi=(6)
504 7039
-5 7039
fi=(5)
123 14078
+3 36
+3 40
+2 36
fe=(77)
+59 12
fi=(5)
73 6
fe=(77)
190 6
fi=(5)
72 6
fe=(77)
190 54
fi=(5)
-57 12
+1 6
+1 6
-2 6
+2 6
+3 6
-5 6
+2 6
-2 6
+1 12
+2 6
-2 6
+2 18
+2 12
-5 7250
+1 3625
+1 3625
-2 3625
+2 3625
+3 3625
-5 3625
+2 3625
-2 3625
+1 7250
+2 3625
-2 3625
+2 10875
+2 7250
+9 3563
fi=(6)
267 7126
+7 7126
+4 7126
fe=(77)
170 14252
fi=(4)
-30 10638
fe=(77)
+31 7092
+3 7092
+8 3840
-8 17241
+12 3822
-3 1911
+1 1911
+2 7662
-3 9
+1 9
+2 1956
+1 1920
-1 1920
+2 3840
-1 7680
+3 11520
cfi=(78)
cfn=(270)
calls=1920 772 
* 1380976
+3 1920
+1 3840
-4 1920
+4 9600
fi=(6)
+93 14171
+3 3533
-3 10616
+3 3550
-3 3550
+5 7114
+25 21378
423 8379
fi=(5)
150 8379
fi=(6)
423 1484
fi=(5)
150 2287
-19 14542
+33 24
+1 72
+1 252
+3 136
+4 68
-1 68
-3 68
+2 136
+2 68
-2 136
fe=(77)
-1 272
fi=(6)
287 68
+3 68
-3 68
+4 136
476 136
+2 68
cfi=(15)
cfn=(550)
calls=1 71 
* 6
cob=(3)
cfi=(162) ./math/../sysdeps/x86_64/fpu/multiarch/s_sincos.c
cfn=(518) sincos
calls=1 26 
* 8
cob=(3)
cfi=(146) ./math/../sysdeps/x86_64/fpu/multiarch/s_sin.c
cfn=(514) sin
calls=1 27 
* 9
cob=(3)
cfi=(161) ./math/../sysdeps/x86_64/fpu/multiarch/e_atan2.c
cfn=(510) __atan2_finite@GLIBC_2.15
calls=1 26 
* 9
cob=(3)
cfi=(160) ./math/../sysdeps/x86_64/fpu/multiarch/e_exp2f.c
cfn=(506) exp2f@@GLIBC_2.27
calls=1 27 
* 9
cob=(3)
cfi=(159) ./math/../sysdeps/x86_64/fpu/multiarch/s_expm1.c
cfn=(502) expm1
calls=1 26 
* 9
cob=(3)
cfi=(156) ./math/../sysdeps/x86_64/fpu/multiarch/e_asin.c
cfn=(498) __asin_finite@GLIBC_2.15
calls=1 27 
* 8
cob=(3)
cfi=(158) ./math/../sysdeps/x86_64/fpu/multiarch/s_fma.c
cfn=(496) fma
calls=1 49 
* 6
cob=(3)
cfi=(157) ./math/../sysdeps/x86_64/fpu/multiarch/s_sinf.c
cfn=(492) sinf
calls=1 26 
* 9
cob=(3)
cfi=(156)
cfn=(488) __acos_finite@GLIBC_2.15
calls=1 35 
* 8
cob=(3)
cfi=(155) ./math/../sysdeps/x86_64/fpu/multiarch/e_log.c
cfn=(484) __log_finite@GLIBC_2.15
calls=1 27 
* 9
cob=(3)
cfi=(154) ./math/../sysdeps/x86_64/fpu/multiarch/s_log1p.c
cfn=(480) __log1p
calls=1 26 
* 9
cob=(3)
cfi=(153) ./math/../sysdeps/x86_64/fpu/multiarch/e_log2f.c
cfn=(476) log2f@@GLIBC_2.27
calls=1 27 
* 9
cob=(3)
cfi=(151) ./math/../sysdeps/x86_64/fpu/multiarch/e_pow.c
cfn=(472) __pow_finite@GLIBC_2.15
calls=1 27 
* 8
cob=(3)
cfi=(150) ./math/../sysdeps/x86_64/fpu/multiarch/e_powf.c
cfn=(468) powf@@GLIBC_2.27
calls=1 30 
* 9
cob=(3)
cfi=(149) ./math/../sysdeps/x86_64/fpu/multiarch/s_sincosf.c
cfn=(464) sincosf
calls=1 26 
* 9
cob=(3)
cfi=(148) ./math/../sysdeps/x86_64/fpu/multiarch/e_log2.c
cfn=(460) log2@@GLIBC_2.29
calls=1 27 
* 9
cob=(3)
cfi=(147) ./math/../sysdeps/x86_64/fpu/multiarch/e_logf.c
cfn=(456) logf@@GLIBC_2.27
calls=1 27 
* 9
cob=(3)
cfi=(146)
cfn=(452) cos
calls=1 34 
* 9
cob=(3)
cfi=(145) ./math/../sysdeps/x86_64/fpu/multiarch/e_expf.c
cfn=(448) expf@@GLIBC_2.27
calls=1 27 
* 9
cob=(3)
cfi=(143) ./math/../sysdeps/x86_64/fpu/multiarch/e_exp.c
cfn=(444) __exp_finite@GLIBC_2.15
calls=1 27 
* 9
cob=(3)
cfi=(141) ./math/../sysdeps/x86_64/fpu/multiarch/s_cosf.c
cfn=(440) cosf
calls=1 26 
* 9
cob=(2)
cfi=(139) ./string/../sysdeps/x86_64/multiarch/strncase.c
cfn=(432) strncasecmp
calls=1 31 
* 21
cob=(2)
cfi=(138) ./string/../sysdeps/x86_64/multiarch/mempcpy.c
cfn=(428) mempcpy
calls=1 33 
* 22
cob=(2)
cfi=(137) ./wcsmbs/../sysdeps/x86_64/multiarch/wcpcpy.c
cfn=(424) wcpncpy
calls=1 31 
* 18
cob=(2)
cfi=(136) ./string/../sysdeps/x86_64/multiarch/strspn.c
cfn=(422) strspn
calls=1 29 
* 7
cob=(2)
cfi=(134) ./string/../sysdeps/x86_64/multiarch/memchr.c
cfn=(418) memchr
calls=1 29 
* 23
cob=(2)
cfi=(133) ./string/../sysdeps/x86_64/multiarch/memmove.c
cfn=(414) memmove
calls=1 29 
* 22
cob=(2)
cfi=(132) ./string/../sysdeps/x86_64/multiarch/stpcpy.c
cfn=(410) stpcpy
calls=1 33 
* 17
cob=(2)
cfi=(131) ./debug/../sysdeps/x86_64/multiarch/memmove_chk.c
cfn=(406) __memmove_chk
calls=1 29 
* 22
cob=(2)
cfi=(129) ./wcsmbs/../sysdeps/x86_64/multiarch/wmemcmp.c
cfn=(402) wmemcmp
calls=1 29 
* 24
cob=(2)
cfi=(128) ./string/../sysdeps/x86_64/multiarch/strncpy.c
cfn=(398) strncpy
calls=1 29 
* 19
cob=(2)
cfi=(127)
cfn=(394)
calls=1 29 
* 25
cob=(2)
cfi=(100) ./wcsmbs/../sysdeps/x86_64/multiarch/wcscat.c
cfn=(390) wcscat
calls=1 31 
* 18
cob=(2)
cfi=(126) ./string/../sysdeps/x86_64/multiarch/strcasecmp_l.c
cfn=(386) strcasecmp_l
calls=1 31 
* 21
cob=(2)
cfi=(125) ./string/../sysdeps/x86_64/multiarch/strcpy.c
cfn=(382) strcpy
calls=1 29 
* 17
cob=(2)
cfi=(123) ./wcsmbs/../sysdeps/x86_64/multiarch/wmemset.c
cfn=(378) wmemset
calls=2 31 
* 20
cob=(2)
cfi=(121)
cfn=(374)
calls=1 29 
* 24
cob=(2)
cfi=(120) ./string/../sysdeps/x86_64/multiarch/strchrnul.c
cfn=(370) strchrnul
calls=1 31 
* 25
cob=(2)
cfi=(119) ./string/../sysdeps/x86_64/multiarch/strncase_l.c
cfn=(366) strncasecmp_l
calls=1 31 
* 21
cob=(2)
cfi=(117) ./string/../sysdeps/x86_64/multiarch/strcat.c
cfn=(362) strcat
calls=1 29 
* 17
cob=(2)
cfi=(116) ./wcsmbs/../sysdeps/x86_64/multiarch/wcscpy.c
cfn=(360) wcscpy
calls=1 60 
* 16
cob=(2)
cfi=(115) ./string/../sysdeps/x86_64/multiarch/strcspn.c
cfn=(358) strcspn
calls=1 29 
* 7
cob=(2)
cfi=(113) ./string/../sysdeps/x86_64/multiarch/strcasecmp.c
cfn=(354) strcasecmp
calls=1 31 
* 21
cob=(2)
cfi=(112) ./string/../sysdeps/x86_64/multiarch/strncmp.c
cfn=(352) strncmp
calls=1 67 
* 21
cob=(2)
cfi=(110) ./wcsmbs/../sysdeps/x86_64/multiarch/wmemchr.c
cfn=(348) wmemchr
calls=2 31 
* 46
cob=(2)
cfi=(108) ./string/../sysdeps/x86_64/multiarch/stpncpy.c
cfn=(344) stpncpy
calls=1 31 
* 19
cob=(2)
cfi=(107) ./wcsmbs/../sysdeps/x86_64/multiarch/wcscmp.c
cfn=(340) wcscmp
calls=1 30 
* 25
cob=(2)
cfi=(106) ./string/../sysdeps/x86_64/multiarch/strrchr.c
cfn=(336) rindex
calls=1 28 
* 25
cob=(2)
cfi=(104) ./debug/../sysdeps/x86_64/multiarch/memset_chk.c
cfn=(332) __memset_chk
calls=1 29 
* 24
cob=(2)
cfi=(103) ./string/../sysdeps/x86_64/multiarch/strchr.c
cfn=(330) index
calls=1 65 
* 19
cob=(2)
cfi=(100)
cfn=(324) wcschr
calls=2 31 
* 50
cob=(2)
cfi=(98)
cfn=(320)
calls=1 29 
* 22
cob=(2)
cfi=(96) ./wcsmbs/../sysdeps/x86_64/multiarch/wcsncpy.c
cfn=(316) wcsncpy
calls=1 31 
* 18
cob=(2)
cfi=(95) ./string/../sysdeps/x86_64/multiarch/memrchr.c
cfn=(312) memrchr
calls=1 29 
* 25
cob=(2)
cfi=(94) ./debug/../sysdeps/x86_64/multiarch/memcpy_chk.c
cfn=(308) __memcpy_chk
calls=1 29 
* 22
cob=(2)
cfi=(92) ./debug/../sysdeps/x86_64/multiarch/mempcpy_chk.c
cfn=(304) __mempcpy_chk
calls=1 29 
* 22
cob=(2)
cfi=(91) ./wcsmbs/../sysdeps/x86_64/multiarch/wcslen.c
cfn=(300) wcslen
calls=1 29 
* 19
cob=(2)
cfi=(89) ./string/../sysdeps/x86_64/multiarch/memset.c
cfn=(296) memset
calls=1 29 
* 24
cob=(2)
cfi=(87) ./wcsmbs/../sysdeps/x86_64/multiarch/wcsnlen.c
cfn=(292) wcsnlen
calls=1 30 
* 19
cob=(2)
cfi=(86)
cfn=(290)
calls=1 79 
* 19
cob=(2)
cfi=(85) ./string/../sysdeps/x86_64/multiarch/strpbrk.c
cfn=(288) strpbrk
calls=1 29 
* 7
cob=(2)
cfi=(83) ./string/../sysdeps/x86_64/multiarch/strnlen.c
cfn=(284) strnlen
calls=2 31 
* 50
cob=(2)
cfi=(81) ./string/../sysdeps/x86/cacheinfo.c
cfn=(280) __x86_cacheinfo
calls=1 86 
* 28
fi=(5)
165 68
fi=(6)
479 68
fi=(5)
165 145
-14 438
fi=(6)
460 15
+5 10
-1 15
+1 10
-1 5
cfi=(29)
cfn=(82)
calls=5 210 
* 247
+2 25
+1 10
-67 51
+2 68
+4 17
+9 17
-9 34
+9 17
fi=(5)
150 34
fi=(6)
320 146
+3 146
+29 6
+11 2
-9 4
+9 2
fi=(5)
150 4
fi=(6)
346 8
+1 12
fi=(5)
150 8
fi=(6)
287 85
fi=(5)
141 68
+1 68
-1 204
+2 68
fi=(6)
287 340
fe=(77)
175 14632
+3 1626
-1 1626
+19 1626
-18 3252
fi=(6)
295 14
+1 21
+11 14
+7 7
cob=(2)
cfi=(117)
cfn=(362)
calls=1 29 
* 17
cob=(2)
cfi=(94)
cfn=(308)
calls=1 29 
* 22
cob=(2)
cfi=(133)
cfn=(414)
calls=1 29 
* 22
cob=(2)
cfi=(89)
cfn=(296)
calls=1 29 
* 24
cob=(2)
cfi=(121)
cfn=(374)
calls=1 29 
* 24
cob=(2)
cfi=(127)
cfn=(394)
calls=1 29 
* 25
cob=(2)
cfi=(103)
cfn=(330)
calls=1 65 
* 19
* 28
fe=(77)
-13 6
+55 35
+3 7
-3 7
+3 7
+4 14
+1 28
cfi=(140) ./misc/../sysdeps/unix/syscall-template.S
cfn=(436) mprotect
calls=7 117 
* 42
* 14
-63 9
fi=(5)
180 7
fe=(77)
+10 2
fi=(5)
73 1
fe=(77)
190 3
fi=(6)
436 7
fi=(5)
182 2
+1 2
-1 1
+3 1
-3 4
+3 2
-3 10
+1 10
-1 5
+3 5
-3 20
+3 10
+8 6
fi=(6)
+74 12
+7 12
+4 12
fe=(77)
170 24
fi=(4)
-30 18
fe=(77)
+31 12
+3 12
+8 12
-8 54
+12 12
-3 6
+1 6
+2 36
+4 24
-4 6
+4 18
cfi=(78)
cfn=(270)
calls=6 772 
* 3794
+3 6
+1 12
-4 6
+4 30
fi=(6)
+93 21
+3 3
-3 9
+3 3
-3 3
+5 6
+25 36
423 6
fi=(5)
196 18
-16 24
+31 7
fe=(77)
-33 1624
-3 4872

fl=(306) ./elf/./elf/dl-fini.c
fn=(5270) _dl_fini
26 5
+17 1
-17 6
+20 13
+3 2
cob=(2)
cfi=(307) ./nptl/./nptl/pthread_mutex_lock.c
cfn=(5272) pthread_mutex_lock@@GLIBC_2.2.5
calls=1 +28 
* 44
+2 1
+3 2
+2 5
+7 3
-2 1
+2 1
cfi=(48)
cfn=(570)
calls=1 -22 
* 11
+5 15
+5 1
-5 1
+5 3
+2 14
+2 14
+2 14
+1 7
+1 7
+4 7
-12 21
+14 6
+1 4
+6 6
cfi=(13)
cfn=(232)
calls=1 298 
* 556
+9 2
cob=(2)
cfi=(308) ./nptl/./nptl/pthread_mutex_unlock.c
cfn=(5274) pthread_mutex_unlock@@GLIBC_2.2.5
calls=1 367 
* 34
+5 6
+2 1
+2 2
-2 6
+2 12
+2 28
cfi=(309)
cfn=(5276)
calls=7 -90 
* 4404212
+3 14
cfi=(48)
cfn=(5444) _dl_audit_objclose
calls=7 -20 
* 35
-9 14
+14 7
-14 21
+18 3
cfi=(48)
cfn=(570)
calls=1 -85 
* 11
* 2
+6 4
+2 1
-2 2
+6 2
+7 8
-77 2

fl=(50)
fn=(158)
254 6
+2 1
-2 6
+2 1
cfn=(160)
calls=1 -52 
* 2728
+1 2
+1 1
+1 1
-1 1
+1 1
+2 6

fn=(236)
186 2
58 1
186 4
+2 1
-2 1
58 1
+1 1
+11 1
192 1
+2 1
cfi=(2)
cfn=(238)
calls=1 674 
* 25765
69 2
+1 1
198 1
-1 1
+1 3

fn=(160)
204 78
58 13
204 26
+3 26
+22 13
-1 13
+1 13
58 26
235 39
cfi=(51)
cfn=(162)
calls=13 31 
* 312
* 39
+2 39
cfi=(64)
cfn=(206)
calls=12 61 
* 24006
cfi=(2)
cfn=(164)
calls=1 641 
* 2662
69 13
+1 13
-1 13
+1 13
239 52
-25 13
+34 39
59 26
+11 39

fl=(140)
fn=(436)
117 35
+5 7

fn=(574) munmap
117 5
+5 1

fl=(48)
fn=(570)
41 3
+4 12
+1 3
+1 15

fn=(198)
77 5
+1 20

fn=(5444)
97 7
+1 28

fn=(1342) _dl_audit_preinit
118 1
+1 4

fn=(152)
29 2
+2 1
-2 5
+1 1
+1 2
+6 6

fl=(43)
fn=(130)
132 12
+1 60
+5 12
+1 12
+3 5
+1 5
+2 1
+1 1
+1 1
+97 4
+1 4
+12 4
+3 4
+1 4
+12 4
+1 4
+13 4
+1 4
+2 4
+3 3
+3 6
+3 3
+1 3
+1 3
+1 3
+1 3
+1 3
+1 3
-6 90
+1 90
+1 90
+1 90
+1 90
+1 90
+1 90
+3 4
+1 4
+1 4
+1 4
+5 4
+34 7
+2 7
+1 7
+39 7
+1 7
+2 7

fl=(164)
fn=(532)
95 14
+1 14
+1 7
+6 35
+1 203
+1 140
+2 21
+5 7

fl=(8)
fn=(14)
25 7
+3 7
-3 7
+3 14
+3 21
+1 14
+2 7
-1 7
+3 21
+1 7
+1 14
+7 7
-5 7
-2 7
+3 14
+2 7
+2 14
+5 7

fl=(302) ./elf/../sysdeps/x86_64/tls_get_addr.S
fn=(4440) __tls_get_addr
29 8
+1 8
+1 8
+2 8
+1 8
+1 8
+3 8
+1 8
+4 8
+1 8
+1 8
+1 8

fl=(29)
fn=(126)
197 27
+1 27
+1 27
+1 27
+17 27
+1 27
+2 8
+1 8
+1 8
+2 5
+1 5
+1 5
+2 5
+80 19
+1 19
+2 6
+4 6
+1 6
+1 6
+8 6
+39 13
+1 13
+1 13
+1 13
+1 13
+7 3
+1 3
+1 3
+1 3
+1 3
+1 3
+1 3
+11 3
+1 3
+2 3
+1 3
+1 3

fn=(82)
210 36
+1 36
+6 36
+1 36
+2 27
+1 27
+1 27
+2 12
+1 12
+1 12
+2 12
+80 9
+1 9
+2 1
+4 1
+1 1
+1 1
+1 1
+1 1
+4 1
+2 1
+39 8
+1 8
+1 8
+1 8
+1 8
+7 12
+1 12
+1 12
+1 12
+1 12
+1 12
+1 12
+11 15
+1 15
+2 12
+1 12
+1 12
+20 3
+1 3
+4 3
+2 3
+16 3
+3 3
+2 3
+2 3
+4 3
+1 3
+9 3
+1 3
+2 3
+2 3
+1 3
+1 3
+3 3
+2 3
+2 3
+2 3
+6 3
+1 3
+1 3
+1 3
+1 3
+1 3
+1 3
+1 3
+1 3
+1 3
+1 3
+1 3
-11 7
+1 7
+1 7
+1 7
+1 7
+1 7
+1 7
+1 7
+1 7
+1 7
+1 7
+1 7
+2 3
+1 3
+1 3
+1 3
+2 3
+4 3

fl=(168)
fn=(548)
74 30
+2 3
-2 6
+4 3
-4 3
+2 3
+2 9
+37 3
-37 9
+1 6
+2 12
+3 25
+2 6
-54 3
+54 3
-54 3
+54 3
-54 9
+1 9
+2 6
+1 6
+12 9
+3 3
+2 6
-2 3
+2 9
cfi=(32)
cfn=(94)
calls=3 +45 
* 209
* 6
+4 6
+1 3
-1 3
+1 18
+1 9
cfi=(32)
cfn=(94)
calls=3 +39 
* 198
* 6
+57 27
-23 6

fl=(67)
fn=(222) _dl_cache_libcmp
357 36
+1 36
+32 36
-33 36
+1 82
+2 195
+2 195
-2 390
+20 380
+2 380
-12 159
+2 159
+14 159
+1 159
-29 318
+32 15
-28 10
+6 5
+2 5
-2 5
+1 5
-1 5
+1 5
-1 5
+2 15
+2 5
-3 5
+3 15
+2 10
+9 93

fn=(214)
403 40
+2 8
+3 12
+69 9
+5 4
205 4
482 8
+3 12
fi=(69) ./elf/../sysdeps/x86/dl-procinfo.h
39 8
+3 12
cfi=(32)
cfn=(94)
calls=4 +56 
* 100
* 16
fe=(67)
208 24
cfi=(11)
cfn=(28)
calls=4 387 
* 92
* 4
+12 4
-10 4
-2 4
+12 8
-7 20
+9 20
+1 4
-32 8
+36 4
-4 4
+4 8
-5 135
+1 27
-32 54
+36 27
-4 27
+4 54
+4 93
cfn=(222)
calls=31 357 
* 2443
+1 62
346 27
+3 16
220 32
347 11
220 30
+2 40
+20 10
+3 10
+2 20
cfn=(222)
calls=5 357 
* 480
* 10
+2 1
-9 10
-30 12
+1 4
fi=(337) ./elf/../sysdeps/x86/dl-isa-level.h
28 8
fe=(67)
210 8
fi=(337)
28 4
fe=(67)
210 4
+1 4
-1 12
+76 12
fi=(337)
28 12
fe=(67)
259 8
+10 12
+1 16
+16 4
fi=(68) ./elf/../sysdeps/generic/dl-cache.h
125 4
fe=(67)
286 12
+9 8
+3 8
+3 4
+1 12
+28 8
500 8
+12 8
cfi=(22)
cfn=(62)
calls=4 57 
* 140
+1 4
-1 4
+1 48
+1 4
-1 4
+1 4
-1 4
+1 4
cfi=(29)
cfn=(82)
calls=4 210 
* 60
* 4
+1 4
cfi=(44)
cfn=(138)
calls=4 40 
* 396
+1 32
411 4
cfi=(52)
cfn=(216)
calls=1 36 
* 103
* 1
+8 5
+1 8
+3 3
+1 1
-1 3
fi=(68)
194 1
+1 5
fe=(67)
431 1
+1 2

fn=(572)
525 1
+1 4
-1 1
+3 1
-3 1
+3 1
cfi=(140)
cfn=(574)
calls=1 117 
* 6
+7 1
-6 1
+4 1
+2 1

ob=(2)
fl=(303) ./elf/./elf/libc-dl_find_object.c
fn=(4492) _dl_find_object
24 10
+1 20
cob=(1)
cfi=(163)
cfn=(4494)
calls=10 360 
* 668

fl=(308)
fn=(5274)
367 1
51 3
+1 2
367 3
57 2
+8 1
-3 1
-23 1
+1 4
+1 1
+29 1
+2 1
369 2
74 2
+6 4
+4 3
+3 2

fl=(223) ./setjmp/../sysdeps/x86_64/bsd-_setjmp.S
fn=(1346) _setjmp
28 1
+2 1
+2 1
cfi=(224) ./setjmp/../sysdeps/x86_64/setjmp.S
cfn=(1348) __sigsetjmp
calls=1 -1 
* 35

fl=(92)
fn=(304)
29 1
fi=(93) ./debug/../sysdeps/x86_64/multiarch/ifunc-memmove.h
+28 3
-1 2
+4 3
+14 2
+3 2
+8 2
+8 2
+3 5
fe=(92)

fl=(235) ./csu/./csu/errno-loc.c
fn=(1416) __errno_location
25 105
+1 210
+1 105

fl=(174) ./nptl/./nptl/pthread_mutex_conf.c
fn=(562) __pthread_tunables_init
55 2
+1 2
-1 2
+1 2
-1 4
+1 1
cob=(4)
cfi=(175)
cfn=(564) 0x0000000004b20720
calls=1 -56 
* 26
+2 4
cob=(4)
cfi=(175)
cfn=(564)
calls=1 -58 
* 25
+2 4
cob=(4)
cfi=(175)
cfn=(564)
calls=1 -60 
* 26
+2 6

fl=(271) ./io/../sysdeps/unix/sysv/linux/read.c
fn=(1956) read
25 13
+1 78
+1 13

fl=(273) ./socket/../sysdeps/unix/sysv/linux/accept.c
fn=(1976) accept
24 3
+2 18
+6 3

fl=(188) ./nptl/./nptl/pthread_once.c
fn=(694) pthread_once@@GLIBC_2.34
136 16
+3 16
+1 32
+4 28
-1 2
cfn=(696) __pthread_once_slow
calls=2 -75 
* 1973

fn=(696)
68 22
+8 2
+4 4
+52 20
-44 4
+4 4
+9 4
+13 26
cfi=(189) ./nptl/./nptl/cleanup_compat.c
cfn=(698) _pthread_cleanup_push@@GLIBC_2.34
calls=2 -89 
* 14
+2 2
cob=(6)
cfi=(184)
cfn=(4646) 0x000000000001fb80
calls=1 0 
* 19
cob=(7)
cfi=(185)
cfn=(700) 0x00000000000d0450
calls=1 0 
* 1816
+2 6
cfi=(189)
cfn=(716) _pthread_cleanup_pop@@GLIBC_2.34
calls=2 -78 
* 12
fi=(191) ./nptl/../sysdeps/nptl/futex-internal.h
+91 6
fe=(188)
-85 2
fi=(191)
+85 10
fe=(188)

fl=(107)
fn=(340)
30 1
fi=(101) ./wcsmbs/../sysdeps/x86_64/multiarch/ifunc-avx2.h
+10 3
-2 4
fe=(107)
-8 2
fi=(101)
+11 2
+1 3
+3 2
+4 3
+3 5
fe=(107)

fl=(189)
fn=(698)
25 2
+3 2
+1 2
+1 4
+2 2
+1 2

fn=(716)
40 2
+3 4
+4 4
+2 2

fl=(125)
fn=(382)
29 1
fi=(118) ./string/../sysdeps/x86_64/multiarch/ifunc-strcpy.h
+9 2
+1 1
-1 2
+1 2
+3 2
+4 3
+3 3
fe=(125)
-20 1

fl=(171) ./ctype/./ctype/ctype-info.c
fn=(556) __ctype_init
29 1
+2 7
+2 4
+2 4
+1 1

fl=(237) ./stdlib/../stdlib/strtol_l.c
fn=(1444) ____strtoul_l_internal
238 25
+54 5
-54 5
+19 5
-19 20
+14 5
-14 15
+26 10
+31 20
+9 30
+2 10
+5 10
-1 5
+6 10
+4 10
+15 6
+10 12
-87 3
390 9
+1 9
+4 3
+56 15
+26 3
+1 3
-84 3
-1 3
+96 6
-12 2
+1 2
-84 2
-1 2
+96 4
-5 20
+5 10
+1 30
-41 20
+2 40
+2 39
+7 6
+17 6
+4 30
+3 20
+11 10
+5 15
+1 5
+12 10
+11 25
+22 45
342 2
-20 14
+5 4
+63 2
+1 4
-1 2
+1 6
+4 4
-63 10

fn=(1420) ____strtol_l_internal
238 105
+54 21
-54 21
+19 21
-19 84
+14 21
-14 63
+26 42
+31 84
+9 126
+2 42
+5 42
-1 21
+6 42
+4 42
+15 42
+10 84
-87 42
395 21
+56 105
+26 21
+1 21
-84 21
-1 21
+96 42
-5 48
+5 24
+1 72
-41 48
+2 96
+2 72
+28 72
+3 48
+11 42
+5 63
+1 21
+5 42
+3 21
+15 21
-15 42
-2 42
+39 168
342 42

fl=(310) ./stdlib/./stdlib/cxa_finalize.c
fn=(5286) __cxa_finalize
30 10
+3 10
-3 40
+3 25
+3 20
+4 162
+1 132
+2 11
+2 11
+36 11
-5 11
-33 11
+35 33
+3 33
+1 33
cob=(7)
cfi=(185)
cfn=(5500) std::ios_base::Init::~Init()
calls=1 -82 
* 3907
cob=(7)
cfi=(185)
cfn=(5498) 0x00000000000b8da0
calls=1 -82 
* 8
cob=(7)
cfi=(185)
cfn=(5490) 0x00000000000b8d50
calls=1 -82 
* 773
cob=(7)
cfi=(185)
cfn=(5488) 0x00000000000e75a0
calls=1 -82 
* 2
cob=(7)
cfi=(185)
cfn=(5486) 0x00000000000e8920
calls=1 -82 
* 2
cob=(7)
cfi=(185)
cfn=(5484) 0x00000000000eca30
calls=1 -82 
* 2
cob=(7)
cfi=(185)
cfn=(5482) 0x00000000000eca40
calls=1 -82 
* 2
cob=(7)
cfi=(185)
cfn=(5480) 0x00000000001b4e80
calls=1 -82 
* 2
cob=(7)
cfi=(185)
cfn=(5478) 0x00000000001b4e90
calls=1 -82 
* 2
cob=(7)
cfi=(185)
cfn=(5476) 0x00000000001b4ea0
calls=1 -82 
* 2
cob=(7)
cfi=(185)
cfn=(5472) 0x00000000001d0060
calls=1 -82 
* 5
+1 44
+4 33
-47 34
-4 15
+57 20
+4 30
-4 15
+12 10
cfi=(311) ./posix/./posix/register-atfork.c
cfn=(5288) __unregister_atfork
calls=5 -23 
* 100
+1 20
+1 40

fl=(275) ./socket/../sysdeps/unix/sysv/linux/recv.c
fn=(1984) recv
24 203
+4 203
-4 203
+4 1421
+4 203

fl=(226) ./socket/../sysdeps/unix/syscall-template.S
fn=(1356) socket
120 5
+2 1

fn=(1468) bind
120 5
+2 1

fn=(1480) listen
120 5
+2 1

fl=(181) ./string/../sysdeps/x86_64/multiarch/strrchr-avx2.S
fn=(604) __strrchr_avx2
53 1
+1 1
+1 1
+2 1
+1 1
+4 1
+1 1
+1 1
+3 1
+2 1
+1 1
+1 1
+1 1
+3 1
+1 1
+2 1
+1 1
+1 1
+1 1
+1 1
+9 2

fl=(86)
fn=(290)
79 2
-31 4
+1 2
-2 8
+2 4
+3 4
+4 6
+3 6
+20 2

fl=(116)
fn=(360)
60 1
-17 2
-1 4
+2 3
+2 2
+4 3
+10 1

fl=(136)
fn=(422)
29 1
fi=(338) ./string/../sysdeps/x86_64/multiarch/ifunc-sse4_2.h
+7 5
fe=(136)
-7 1

fl=(247) ./libio/./libio/iofwrite.c
fn=(1510) fwrite
31 148800
+1 24800
-1 24800
+1 24800
-1 49600
+4 148800
+2 248000
+1 74401
+1 1
fi=(252) ./libio/./libio/libioP.h
1025 1
fe=(247)
39 1
fi=(252)
1025 1
+1 2
fe=(247)
39 24799
fi=(252)
1025 24799
fe=(247)
39 24799
fi=(252)
1025 24799
+1 49598
fe=(247)
39 124000
cfi=(248) ./libio/./libio/fileops.c
cfn=(1512) _IO_file_xsputn@@GLIBC_2.2.5
calls=24800 1198 
* 1645937
+6 49600
fi=(252)
979 49600
fe=(247)
45 49600
+1 24800
+3 223200
-11 49598
fi=(252)
980 223200
fe=(247)
37 99200

fl=(307)
fn=(5272)
77 1
+3 3
+2 1
+2 2
-7 4
+11 2
+91 1
+3 1
+2 1
+3 1
-63 1
+66 3
-93 2
+11 4
+4 1
+3 2
-71 1
+1 7
+1 1
+84 3
+1 2

fl=(253) ./libio/./libio/putc.c
fn=(1596) putc
25 63
+3 14
+1 28
+5 7
-5 14
+5 28
-5 7
cfi=(249) ./libio/./libio/genops.c
cfn=(1598) __overflow
calls=7 199 
* 1183

fl=(127)
fn=(394)
29 4
fi=(84) ./string/../sysdeps/x86_64/multiarch/ifunc-avx2.h
+11 12
-2 16
fe=(127)
-9 8
fi=(84)
+12 8
+1 12
+3 8
+4 12
+3 20
fe=(127)

fl=(94)
fn=(308)
29 2
fi=(93)
+28 6
-1 4
+4 6
+14 4
+3 4
+8 4
+8 4
+3 10
fe=(94)

fl=(176) ./nptl/../sysdeps/unix/sysv/linux/x86/elision-conf.c
fn=(566) __lll_elision_init
92 2
+4 1
-4 2
+4 2
-4 1
+4 1
-4 3
+4 1
cob=(4)
cfi=(175)
cfn=(564)
calls=1 -96 
* 26
+2 4
cob=(4)
cfi=(175)
cfn=(564)
calls=1 -98 
* 26
+2 4
cob=(4)
cfi=(175)
cfn=(564)
calls=1 0 
* 26
+2 4
cob=(4)
cfi=(175)
cfn=(564)
calls=1 0 
* 26
+2 4
cob=(4)
cfi=(175)
cfn=(564)
calls=1 0 
* 26
+3 3
+1 1
+1 6

fl=(208) ./misc/./misc/sbrk.c
fn=(1156) sbrk
37 16
+3 2
+3 2
-3 2
+3 2
+35 7
-20 4
+4 4
+4 4
+8 1
cfi=(209) ./misc/../sysdeps/unix/sysv/linux/brk.c
cfn=(1158) brk
calls=1 -38 
* 9
* 2
+4 7
-19 2
cfi=(209)
cfn=(1158)
calls=1 -23 
* 9
* 2
+4 2

fl=(192) ./locale/./locale/uselocale.c
fn=(790) uselocale
30 2
+1 6
+2 4
+3 4
+1 2
+28 6
+1 6
+2 6
+4 6
+1 2

fl=(100)
fn=(324)
31 2
fi=(101)
+9 6
-2 8
fi=(102) ./wcsmbs/../sysdeps/x86_64/multiarch/wcschr.c
-7 4
fi=(101)
+10 4
+1 6
+3 4
+4 6
+3 10
fe=(100)

fn=(390)
31 1
fi=(97) ./wcsmbs/../sysdeps/x86_64/multiarch/ifunc-wcs.h
+9 3
-1 4
+2 3
+3 2
+4 4
fe=(100)
-17 1

fl=(108)
fn=(344)
31 1
fi=(109) ./string/../sysdeps/x86_64/multiarch/ifunc-strncpy.h
+4 5
+1 3
+3 2
+4 3
+3 4
fe=(108)
-15 1

fl=(199) ./string/../sysdeps/x86_64/multiarch/memcmp-avx2-movbe.S
fn=(826) __memcmp_avx2_movbe
73 215
+7 215
+1 215
+3 1
+1 1
+1 1
+4 1
+1 1
+2 1
+1 1
+3 1
+1 1
+1 1
+3 1
+1 1
+3 1
+1 1
+3 1
+1 1
+1 1
+1 1
+1 1
+1 1
+1 1
+1 1
+1 1
+1 1
+3 1
+1 1
+6 1
+1 1
+1 1
+1 1
+4 1
+1 1
+2 1
+1 1
+1 1
+1 1
+3 1
+1 1
+1 1
+1 1
+1 1
+1 1
+2 2
+4 82
+10 82
+1 82
+1 82
+3 164
401 214
+1 214
+5 214
+1 214
+1 214
+1 214
+1 214
+3 213
+1 213
+1 213
+1 213
+3 213
+1 213
+1 131
+1 262
+6 1
+1 1
+2 1
+1 1
+2 1
+1 1
+2 1
+1 1
+1 1
+1 1
+1 1
+1 1
+1 1
+1 1
+1 1
+2 1
+2 1

fl=(172) ./resource/../sysdeps/unix/sysv/linux/getrlimit64.c
fn=(558) getrlimit
38 2
+1 7
+1 1

fl=(244) ./resolv/./resolv/inet_addr.c
fn=(1450) __inet_aton_exact
183 5
+4 2
-4 4
+4 1
cfn=(1452) inet_aton_end
calls=1 -80 
* 644
* 3
+6 1
-6 2
+7 6
-5 2
+1 2

fn=(1452)
107 10
+12 4
+1 1
+9 1
-7 1
+7 3
-13 3
+20 1
-20 2
+17 5
cfi=(236) ./stdlib/../stdlib/strtol.c
cfn=(1454) __strtoul_internal
calls=1 -26 
* 156
* 15
cfi=(236)
cfn=(1454)
calls=3 -26 
* 349
+3 8
+3 4
+3 4
+1 8
+6 15
+2 3
-22 3
+22 3
+1 3
-23 9
+44 2
+6 11
-21 2
+3 2
+5 6
+3 3
fi=(245) ./resolv/../bits/byteswap.h
52 1
fe=(244)
170 2
+1 2
+3 2

fl=(246) ./inet/../sysdeps/unix/sysv/linux/check_pf.c
fn=(1464) __free_in6ai
374 1
+1 2
+17 1

fl=(315) ./posix/../sysdeps/unix/syscall-template.S
fn=(5320) getpid
91 27
+2 9

fl=(225) ./setjmp/./setjmp/sigjmp.c
fn=(1350) __sigjmp_save
28 6
+2 2
-1 1
+5 4

fl=(201) ./stdlib/./stdlib/secure-getenv.c
fn=(1122) secure_getenv
28 1
+1 5
cfi=(202) ./stdlib/./stdlib/getenv.c
cfn=(1124) getenv
calls=1 -5 
* 459

fl=(203) ./string/../sysdeps/x86_64/multiarch/strcmp-avx2.S
fn=(1128) __strncmp_avx2
206 9
+24 9
+5 9
+14 9
+25 9
+1 9
+1 9
+2 9
+1 9
+4 6
+4 6
+2 6
+2 6
+3 6
+2 6
+1 6
+11 6
+10 6
+1 6
+3 6
+4 12
+5 6
+1 6
+1 6
957 5
+1 5
+1 5
+1 5
+2 5
+3 5
+1 5
+4 2
+1 2
+22 3
+1 3
+1 3
+1 3
+1 3
+1 3
+2 3
+47 3
+1 3
+3 3
+1 3
+1 3
+3 6
+7 3
+1 3
+1 3
+1 3
+10 3
+1 3
+3 3
+1 3
+1 3
+1 3
+6 3
+2 3
+3 3
+1 3

fn=(4862) __strcmp_avx2
206 6
+43 6
+25 6
+1 6
+1 6
+2 6
+1 6
+4 6
+4 6
+2 6
+2 6
+3 6
+9 6
+1 6
+4 6
+10 6
+1 6
+3 6
+4 12
953 6
+1 6
+3 6
+1 6
+1 6
+1 6
+2 6
+3 6
+1 6
+4 2
+1 2
1076 4
+1 4

fl=(325) ./io/../sysdeps/unix/sysv/linux/lseek64.c
fn=(5384) lseek
28 9
+12 36
+2 9

fl=(170)
fn=(554)
33 9
+2 1
cfi=(171)
cfn=(556)
calls=1 -6 
* 17
+3 1
fi=(173) ./elf/../sysdeps/nptl/pthread_early_init.h
-5 2
fe=(170)
+8 1
-3 1
+3 1
fi=(173)
-8 1
cfi=(172)
cfn=(558)
calls=1 +5 
* 10
* 3
+1 1
+4 5
+7 1
fi=(339) ./elf/../nptl/nptl-stack.h
+16 3
fi=(173)
-16 1
fi=(339)
+16 2
fi=(173)
-7 1
fi=(339)
+7 3
fi=(173)
-9 1
-6 1
+2 2
+4 4
+1 1
+3 1
cfi=(174)
cfn=(562)
calls=1 -1 
* 104
fe=(170)
-9 3
+2 2
-2 1
cfi=(176)
cfn=(566)
calls=1 +45 
* 169

fl=(179)
fn=(598)
46 6
+5 2
+4 5
+8 1
-2 1
+10 1
-9 1
+1 1
+9 3
-1 1
cfi=(180) ./misc/./misc/init-misc.c
cfn=(600) __init_misc
calls=1 -41 
* 50

fl=(182)
fn=(606)
545 1
+1 4
+1 3
+1 3
+2 1

fl=(117)
fn=(362)
29 2
fi=(118)
+9 4
+1 2
-1 4
+1 4
+3 4
+4 6
+3 6
fe=(117)
-20 2

fl=(139)
fn=(432)
31 1
fi=(114) ./string/../sysdeps/x86_64/multiarch/ifunc-strcasecmp.h
+6 2
-1 4
fe=(139)
-5 2
fi=(114)
+7 3
+3 2
+4 3
+3 4
fe=(139)

fl=(110)
fn=(348)
31 2
fi=(111) ./wcsmbs/../sysdeps/x86_64/multiarch/ifunc-evex.h
+7 6
-1 8
+2 6
+6 4
-3 4
+9 6
+3 8
fe=(110)
-23 2

fl=(196) ./iconv/./iconv/gconv_simple.c
fn=(806) __gconv_btwoc_ascii
49 128
+2 512
+3 128

fl=(327) ./io/../sysdeps/unix/sysv/linux/close_nocancel.c
fn=(5404) __close_nocancel
25 9
+1 36
+1 9

fl=(224)
fn=(1348)
31 1
+2 1
+9 1
+1 2
+1 1
+4 1
+1 1
+1 1
+1 1
+1 1
+2 2
+2 1
+1 1
+1 1
+2 2
+2 1
+5 1
+1 1
+17 1
cfi=(225)
cfn=(1350)
calls=1 -57 
* 13

fl=(95)
fn=(312)
29 1
fi=(84)
+11 3
-2 4
fe=(95)
-9 2
fi=(84)
+12 2
+1 3
+3 2
+4 3
+3 5
fe=(95)

fl=(250) ./libio/./libio/filedoalloc.c
fn=(1518) _IO_file_doallocate
78 121
+6 44
fi=(252)
1025 33
+1 22
fe=(250)
84 33
cfi=(248)
cfn=(1520) _IO_file_stat
calls=11 1147 
* 99
* 22
+2 44
+11 44
+4 22
cob=(4)
cfi=(175)
cfn=(1458) 0x0000000004b203f0
calls=11 0 
* 4828
* 11
+1 22
+2 44
cfi=(249)
cfn=(1524) _IO_setb
calls=11 329 
* 319
+1 11
+1 99
-15 2
fi=(340) ./libio/../include/sys/sysmacros.h
-44 12
fe=(250)
+44 2
-2 4
+5 4

fl=(270) ./libio/./libio/getc.c
fn=(1942) getc
34 98
+3 28
+1 78
+5 68
-5 2
cfi=(249)
cfn=(1944) __uflow
calls=2 299 
* 773

fl=(319) ./io/../sysdeps/unix/sysv/linux/fcntl_nocancel.c
fn=(5334) __fcntl64_nocancel_adjusted
51 63
+1 18
+11 36
+1 45

fl=(180)
fn=(600)
30 1
+1 2
-1 4
+1 4
+2 3
cob=(4)
cfi=(175)
cfn=(602) 0x0000000004b20660
calls=1 -33 
* 24
+4 5
+1 3
+2 4

fl=(329) ./posix/../sysdeps/unix/sysv/linux/_exit.c
fn=(5590) _Exit
27 2
+3 2

fl=(128)
fn=(398)
29 1
fi=(109)
+6 5
+1 3
+3 2
+4 3
+3 4
fe=(128)
-17 1

fl=(202)
fn=(1124)
24 27
+1 24
+3 3
cob=(4)
cfi=(175)
cfn=(820) 0x0000000004b20500
calls=3 -28 
* 48
+1 3
-1 3
+1 594
+2 294
+1 36
cob=(4)
cfi=(175)
cfn=(1126) 0x0000000004b20600
calls=9 -32 
* 318
* 18
+5 27

fl=(323) ./libio/./libio/fseek.c
fn=(5372) fseek
32 99
+3 81
+1 45
cfi=(324) ./libio/./libio/ioseekoff.c
cfn=(5374) _IO_seekoff_unlocked
calls=9 -3 
* 1391
* 36
fi=(252)
979 18
+1 72
fe=(323)
39 63
-4 27

fl=(115)
fn=(358)
29 1
fi=(338)
+7 5
fe=(115)
-7 1

fl=(134)
fn=(418)
29 1
fi=(135) ./string/../sysdeps/x86_64/multiarch/ifunc-evex.h
+9 3
-1 4
+2 3
+6 2
-3 2
+9 3
+3 4
fe=(134)
-25 1

fl=(255) ./libio/./libio/iofflush.c
fn=(1618) fflush
32 19
+1 38
-1 95
+7 38
+1 19
fi=(252)
1025 57
+1 38
fe=(255)
40 38
cfi=(248)
cfn=(1620) _IO_file_sync@@GLIBC_2.2.5
calls=19 793 
* 399
* 38
fi=(252)
979 38
+1 152
fe=(255)
44 95
-5 190

fl=(198) ./string/../sysdeps/x86_64/multiarch/strlen-avx2.S
fn=(822) __strlen_avx2
52 1546
+13 1546
+1 1546
+1 1546
+3 1546
+2 1546
+1 1546
+3 1546
+1 1546
+8 1546
+1 1546
+1 969
+5 1938
+26 211
+13 211
+1 211
+1 211
+6 422
+4 365
+13 365
+1 365
+1 365
+6 730
+57 577
+15 577
+6 577
+1 577
+1 577
+2 366
+1 366
+1 366
+1 366
+2 1
+1 1
+1 1
+1 1
+2 1
+1 1
+1 1
+1 1
+18 1
+1 2
+14 1
+1 1
+1 1
+1 1
+2 1
+1 1
+1 1
+2 1
+1 1
+1 1
-11 1
+1 1
+1 1
+1 1
+2 1
+1 1
+1 1
+2 1
+1 1
+1 1
+3 1
+1 1
+1 1
+1 1
+1 1
+2 1
+1 1
+1 1
+1 1
+3 1
+1 1
+3 1
+1 1
+1 1
+1 1
+1 1
+5 2

fl=(87)
fn=(292)
30 1
fi=(88) ./wcsmbs/../sysdeps/x86_64/multiarch/ifunc-wcslen.h
+11 2
-1 4
+2 3
+3 2
+4 3
+3 3
fe=(87)
-22 1

fl=(98)
fn=(320)
29 2
fi=(99) ./string/../sysdeps/x86_64/multiarch/ifunc-memmove.h
+28 6
-1 4
+4 6
+14 4
+3 4
+8 4
+8 4
+3 10
fe=(98)

fl=(207) ./malloc/./malloc/morecore.c
fn=(1154) __glibc_morecore
25 2
+1 4
-1 4
+4 2
cfi=(208)
cfn=(1156)
calls=2 +8 
* 77
+1 4
+4 4

fl=(126)
fn=(386)
31 1
fi=(114)
+6 2
-1 4
fe=(126)
-5 2
fi=(114)
+7 3
+3 2
+4 3
+3 4
fe=(126)

fl=(193) ./wcsmbs/./wcsmbs/wctob.c
fn=(796) wctob
30 1280
+9 384
+6 128
-1 256
+35 1152

fl=(227) ./socket/../sysdeps/unix/sysv/linux/setsockopt.c
fn=(1360) setsockopt
94 2
-65 4
+74 1

fl=(304) ./stdlib/./stdlib/exit.c
fn=(5264) exit
137 2
+1 3
-1 1
+1 1
cfn=(5266) __run_exit_handlers
calls=1 38 
* 4406038

fn=(5266)
38 12
+2 2
+3 5
+11 2
+2 2
+38 2
-30 39
+2 12
+1 12
-1 12
+3 106
+44 3
+13 1
-66 1
+66 3
+2 2
+3 2
cfi=(329)
cfn=(5590)
calls=1 27 
* 4
-29 1
+1 1
-2 1
+3 1
+3 1
-3 2
+3 3
+1 3
cob=(1)
cfi=(306)
cfn=(5270)
calls=1 -82 
* 4405200
+1 4
+10 3
+1 2
-79 1
cfi=(305) ./stdlib/./stdlib/cxa_thread_atexit_impl.c
cfn=(5268) __call_tls_dtors
calls=1 148 
* 13
* 1
+88 1
cfi=(249)
cfn=(5580) _IO_cleanup
calls=1 842 
* 577
* 1

fl=(318) ./libio/./libio/iofdopen.c
fn=(5332) fdopen@@GLIBC_2.2.5
35 90
+18 27
+17 27
+18 36
cfi=(317) ./io/../sysdeps/unix/sysv/linux/fcntl64.c
cfn=(5328) fcntl
calls=9 -50 
* 369
+1 18
+3 27
-41 9
+64 18
+7 18
cob=(4)
cfi=(175)
cfn=(1458)
calls=9 0 
* 565
* 9
+1 18
+3 18
+2 63
cfi=(249)
cfn=(5336) _IO_no_init
calls=9 563 
* 504
+8 9
-2 9
+5 18
cfi=(248)
cfn=(5340) _IO_new_file_init_internal
calls=9 -33 
* 918
+9 9
-3 9
+3 18
+6 9
-6 9
+6 9
+8 81
-92 9
+5 36
+18 18
+35 27
-75 27
+3 18

fl=(96)
fn=(316)
31 1
fi=(97)
+9 3
-1 4
+2 3
+3 2
+4 4
fe=(96)
-17 1

fl=(138)
fn=(428)
33 1
fi=(99)
+24 3
-1 2
+4 3
+14 2
+3 2
+8 2
+8 2
+3 5
fe=(138)

fl=(209)
fn=(1158)
36 2
fi=(341) ./misc/../sysdeps/unix/sysv/linux/brk_call.h
-12 4
fe=(209)
+13 4
+1 4
+6 2
+1 2

fl=(195) ./elf/./elf/libc-dl-profstub.c
fn=(804) _dl_mcount_wrapper_check
36 128
+1 384
+1 128

fl=(113)
fn=(354)
31 1
fi=(114)
+6 2
-1 4
fe=(113)
-5 2
fi=(114)
+7 3
+3 2
+4 3
+3 4
fe=(113)

fl=(129)
fn=(402)
29 1
fi=(130) ./wcsmbs/../sysdeps/x86_64/multiarch/ifunc-memcmp.h
+5 5
+1 2
+1 2
+1 3
+3 2
+4 3
+3 4
fe=(129)
-18 2

fl=(137)
fn=(424)
31 1
fi=(97)
+9 3
-1 4
+2 3
+3 2
+4 4
fi=(342) ./wcsmbs/../sysdeps/x86_64/multiarch/wcpncpy.c
-17 1
fe=(137)

fl=(190) ./locale/./locale/newlocale.c
fn=(714) newlocale
43 15
+12 2
277 12
63 2
+3 1
-10 1
+10 2
+7 3
+2 1
-2 1

fl=(197) ./wctype/./wctype/wctype_l.c
fn=(818) wctype_l
26 80
+7 10
-7 30
+3 10
cob=(4)
cfi=(175)
cfn=(820)
calls=10 -29 
* 160
* 10
+3 30
+1 10
+7 48
+1 96
-8 48
+2 96
cob=(4)
cfi=(175)
cfn=(820)
calls=48 -35 
* 768
* 20
cob=(4)
cfi=(175)
cfn=(820)
calls=10 -35 
* 160
* 58
+2 312
cob=(4)
cfi=(175)
cfn=(824) 0x0000000004b20580
calls=49 -37 
* 1146
* 98
+8 20
+1 10
+1 80

fl=(269) ./misc/../sysdeps/unix/sysv/linux/select.c
fn=(1914) select
34 1968
+1 246
+34 1230
+2 246
+46 1476
-61 369

fl=(305)
fn=(5268)
148 4
+1 1
-1 1
+1 3
+16 4

fl=(249)
fn=(1964) _IO_sputbackc
635 49
+3 21
+1 14
+9 7
+3 35
-10 14
+1 7
+5 7

fn=(5588) _IO_default_setbuf
452 16
fi=(252)
1025 2
fe=(249)
452 2
+1 2
-1 2
fi=(252)
1025 4
+1 4
fe=(249)
453 4
cfi=(248)
cfn=(1620)
calls=2 793 
* 42
* 4
+4 2
330 2
462 2
-7 4
332 2
466 2
337 2
-4 2
+4 2
467 2
-1 6
+2 12
-11 2
+1 4
-1 2
330 8

fn=(5400) _IO_unsave_markers
937 54
+2 18
+5 27
+2 27

fn=(1516) _IO_doallocbuf
343 11
+1 22
-1 77
+3 33
+1 11
fi=(252)
1025 33
+1 22
fe=(249)
347 22
cfi=(250)
cfn=(1518)
calls=11 78 
* 5842
* 22
+3 66

fn=(1946) _IO_default_uflow
361 4
fi=(252)
1025 2
fe=(249)
361 6
+1 2
-1 2
fi=(252)
1025 4
+1 4
fe=(249)
362 4
cfi=(248)
cfn=(1948) _IO_file_underflow@@GLIBC_2.2.5
calls=2 462 
* 652
+1 4
+2 8
+1 8

fn=(5354) _IO_sgetn
409 3772
fi=(252)
1025 1886
fe=(249)
409 5658
+2 1886
fi=(252)
1025 3772
+1 3772
fe=(249)
411 1886
+1 3772
-1 1886
cfi=(248)
cfn=(5356) _IO_file_xsgetn
calls=1886 1273 
* 111561

fn=(5362) __underflow
269 55
+1 11
-1 11
+1 31
+5 33
+3 11
173 11
278 22
+2 22
+6 22
+7 11
fi=(252)
1025 33
+1 22
fe=(249)
293 22
+1 33
-1 11
cfi=(248)
cfn=(1948)
calls=11 462 
* 1088
-23 4
+21 33

fn=(5394) _IO_un_link
53 18
+1 36
+28 18
cfn=(5396) __GI__IO_un_link.part.0
calls=9 -30 
* 900

fn=(5396)
52 36
+6 9
-6 18
+6 9
-6 36
+6 36
cfi=(320) ./nptl/./nptl/libc-cleanup.c
cfn=(5344) __libc_cleanup_push_defer
calls=9 -34 
* 117
+1 63
+2 9
-1 9
+1 90
+4 18
+9 18
+2 54
+3 18
cfi=(320)
cfn=(5346) __libc_cleanup_pop_restore
calls=9 -25 
* 81
+3 81
-19 9
-2 18
+2 18
+13 27
+2 9
-2 9
+1 9
+1 45
-12 27
-7 27

fn=(5414) _IO_default_finish
601 54
+2 27
+6 27
+3 27
54 18
624 27

fn=(5582) _IO_flush_all
686 5
+5 1
-5 1
+5 1
-5 6
+5 4
cfi=(320)
cfn=(5344)
calls=1 24 
* 13
+1 6
-5 1
fi=(252)
1025 2
fe=(249)
708 33
+1 3
-14 9
+2 3
+1 27
+2 21
+13 7
+1 2
cfi=(320)
cfn=(5346)
calls=1 54 
* 9
+4 12
-20 9
-6 2
-5 2
+8 1
-3 1
+3 2

fn=(1952) _IO_switch_to_get_mode
164 78
+1 39
+3 39
+4 26
+1 26
+7 13
-4 13
+4 13
-2 26
+3 13
+1 52

fn=(5336)
563 99
+1 9
cfn=(5338) _IO_old_init
calls=9 -33 
* 225
+1 9
+1 18
+2 9
+4 9
+7 9
+2 9
-9 45
+15 9
+1 54

fn=(1528) _IO_default_xsputn
371 330
+3 120
fi=(252)
1025 30
fe=(249)
373 60
+16 58
+8 29
+2 153
fi=(252)
1025 62
+1 62
fe=(249)
399 124
cfi=(248)
cfn=(1514) _IO_file_overflow@@GLIBC_2.2.5
calls=31 732 
* 1209
* 62
+2 31
-2 31
-20 244
+2 29
+1 58
+2 58
-9 30
+29 240
-11 87
+1 232
-1 348
+2 116
-6 58

fn=(1598)
199 35
+2 21
+2 7
fi=(252)
1025 21
+1 14
fe=(249)
203 7
+1 14
-1 7
cfi=(248)
cfn=(1514)
calls=7 732 
* 1057

fn=(5342) _IO_link_in
87 63
+1 45
+18 81
-16 9
+2 27
-2 9
+2 36
cfi=(320)
cfn=(5344)
calls=9 -68 
* 117
+1 63
+10 18
cfi=(320)
cfn=(5346)
calls=9 -49 
* 81
+3 9
-11 45
+2 9
-2 9
+3 9
-3 9
+2 9
+3 36
+2 9
-2 9
+1 9
+1 45
-9 18
+1 9
+1 18

fn=(5378) _IO_free_backup_area
187 54
+1 18
+2 18
cob=(4)
cfi=(175)
cfn=(1460) 0x0000000004b203e0
calls=9 0 
* 54
+1 9
+1 9
-1 9
+3 27

fn=(5580)
842 6
-66 1
+66 6
+1 1
cfn=(5582)
calls=1 686 
* 183
-67 2
+67 1
-67 3
cfi=(320)
cfn=(5344)
calls=1 24 
* 13
+1 6
fi=(252)
1025 1
fe=(249)
785 1
-1 1
+1 4
-1 2
+1 25
+9 6
+2 8
+4 2
-2 2
+3 2
-3 2
+2 4
+5 2
fi=(252)
1025 4
+1 4
fe=(249)
805 8
cfi=(248)
cfn=(5586) _IO_file_setbuf@@GLIBC_2.2.5
calls=2 382 
* 174
+2 6
+9 2
-2 2
+2 4
+1 3
-37 9
+41 7
+1 2
cfi=(320)
cfn=(5346)
calls=1 54 
* 9
+33 12
-78 2
+39 24
-2 1
+2 1
-31 6
+7 7
-15 1
+3 2
-3 1
+3 2

fn=(1524)
329 220
+1 98
+5 40
-3 20
+3 40
-2 20
+2 40
+3 120
-7 9
cob=(4)
cfi=(175)
cfn=(1460)
calls=9 0 
* 1386
+4 18

fn=(1944)
299 10
+1 2
-1 2
+1 5
+5 6
+3 2
173 2
308 4
+2 4
+6 4
+7 2
fi=(252)
1025 6
+1 4
fe=(249)
323 4
+1 6
-1 2
cfn=(1946)
calls=2 +38 
* 700
-23 2
+21 6

fn=(5338)
531 9
+3 9
-2 9
+2 9
+5 9
-7 9
+2 9
+10 9
-10 9
+16 9
-11 9
-5 9
+16 9
-16 9
+21 9
-16 45
+16 18
+1 18
+2 9

fl=(320)
fn=(5344)
24 20
+1 20
+2 40
+2 40
+3 40
+14 60
+2 20
+1 20

fn=(5346)
54 20
+1 20
+2 40
+2 20
+1 60
+11 20

fl=(204) ./malloc/./malloc/malloc.c
fn=(1150) tcache_init.part.0
3242 4
+9 8
+1 3
cfn=(1152) _int_malloc
calls=1 3846 
* 359
+1 2
+8 4
+9 1
fi=(210) ./malloc/../string/bits/string_fortified.h
59 2
fe=(204)
3270 1
fi=(210)
59 86
fe=(204)
3274 3

fn=(5406) _int_free_merge_chunk
4665 45
+1 9
-1 27
+5 54
+3 18
+5 27
+3 18
+1 18
+1 18
1992 27
4689 18
+25 18
-12 9
-1 18
+1 54
-1 9
cfn=(5408) _int_free_maybe_consolidate
calls=9 +69 
* 216
+55 9
+1 27
+1 18
-83 27
-2 18

fn=(1462) free
3359 897
+4 1794
-4 2652
+14 884
-14 2652
+12 884
+4 884
-4 884
+4 1768
+17 2652
fi=(205) ./malloc/./malloc/arena.c
153 2652
fe=(204)
3398 2652
cfn=(1476) _int_free
calls=884 4495 
* 51217
+3 884
+1 5317

fn=(5358) malloc_consolidate
4811 1
+17 1
-17 5
+28 1
-28 3
+15 1
+2 1
+13 2
+1 2
-1 18
+1 18
+62 30
+1 8
-31 62
+4 50
+2 25
+1 50
+1 50
+2 50
-4 6
+1 12
+1 12
+2 12
+5 31
+2 31
-2 62
+3 31
+9 90
-56 62
+4 93
+1 124
+8 31
-3 62
+3 31
-3 31
+4 31
-4 31
+5 31
-5 31
+5 62
+2 62
+1 11
+2 11
-1 11
+2 44
+2 77
cfn=(5360) unlink_chunk.isra.0
calls=11 1608 
* 231
* 55
+3 62
+4 6
+1 18
+16 12
-16 6
cfn=(5360)
calls=6 1608 
* 126
* 24

fn=(5360)
1608 17
+2 51
-2 17
+2 34
+3 17
+1 34
+2 68
-3 17
+6 17
+1 17
+1 34
+24 34

fn=(1476)
4495 6188
+4 2652
+6 3536
+1 1768
+4 4420
+8 3536
-1 1768
+1 1768
+29 875
-20 875
-6 875
+6 1750
+20 3500
1792 147
4561 294
+11 552
+2 414
1992 138
4593 138
1992 276
4595 138
+1 138
+4 276
+2 138
-2 138
+2 138
+4 276
+2 414
+1 138
+19 532
+30 5250
-21 18
+3 18
+18 9
-12 9
+12 36
-12 9
cfn=(5406)
calls=9 +19 
* 702
3163 737
+4 737
-4 737
+2 2948
+1 737
+1 737
4550 737

fn=(1160) alloc_perturb
1985 246
+2 82

fn=(5408)
4770 99
+6 18
+22 99

fn=(1140) malloc
3294 7096
+7 1774
1326 1772
+19 4241
3311 1386
+2 3548
+3 1772
+10 194
+28 582
3248 4
cfn=(1150)
calls=1 -6 
* 473
+68 2
+2 2631
3178 1580
+4 1580
+4 790
+4 790
-4 2370
+4 790
+1 790
3354 4740
-26 388
cfn=(1152)
calls=97 3846 
* 17561
+1 485
fi=(205)
153 194
264 1
cfn=(1144) ptmalloc_init.part.0
calls=1 -2 
* 1151
fe=(204)
1326 2

fn=(1152)
3846 1078
1326 196
+19 568
3887 156
1794 78
3914 156
+65 114
-63 228
+3 57
+2 114
+2 32
-6 16
+9 32
+1 80
+5 32
+1 32
+7 16
-1 32
+1 80
+5 32
3165 16
3945 16
+1 32
+5 546
3165 91
-2 91
+4 91
-2 91
3945 91
3163 91
+3 91
+1 91
3946 476
+2 182
+2 182
+27 42
+62 120
+1 36
+20 82
-1 82
-1 82
+1 164
+1 164
-2 162
+12 410
-1 2
+4 2
+1 1
+2 2
-3 26
+1 13
+2 26
+1 42
+2 14
+1 56
+2 56
-10 14
+12 28
+1 28
+2 28
+11 30
+29 14
+1 14
+4 28
+29 28
3887 40
+27 40
+66 70
+2 70
-2 70
+2 140
-68 60
1345 20
3919 40
+2 40
+9 183
4041 2
cfn=(5358)
calls=1 4811 
* 2041
* 1
1985 48
4487 1176
4163 28
+1 42
+1 14
-1 14
+57 28
+9 14
-9 28
+9 14
-9 42
+1 14
+1 14
+1 14
+1 14
+6 28
4070 42
4246 2
+11 246
+2 36
+3 12
-3 12
+3 24
+1 82
+71 246
-4 82
+1 82
+1 82
-1 82
+1 82
+1 164
+1 246
+5 328
-99 56
4343 246
+3 288
-3 216
+3 280
-3 210
+3 272
-3 136
4443 82
+1 164
+2 164
+3 246
+17 4
4070 9
-91 54
2552 1
+12 1
-12 5
+12 1
4460 246
cfn=(1160)
calls=82 1985 
* 328
+1 82
-9 162
+2 162
-1 81
+1 81
-3 81
+3 81
+2 81
-2 324
+2 81
+3 162
2553 1
+36 3
+1 1
-1 1
+1 1
+9 4
+9 3
2921 3
+1 1
+4 1
+4 5
+5 1
-2 1
+5 1
-3 2
-3 1
+2 1
+1 1
+1 1
-1 3
+1 1
4482 1
2669 3
+8 2
+1 3
+13 1
+2 1
-2 2
+8 5
+8 2
+48 4
+40 3
+19 2
+3 2
+1 6
+2 1
+1 5
cfi=(207)
cfn=(1154)
calls=1 25 
* 33
+12 4
-12 1
+12 1
2008 4
3882 1
2873 1
+3 1
-1 1
+1 4
+12 1
-11 1
+11 2
2783 1
-1 2
2017 2
2745 1
+1 1
+6 3
-6 1
+6 3
-43 3
cfi=(207)
cfn=(1154)
calls=1 25 
* 64
+1 2
-1 1
+1 1
2008 1
2711 1
2008 3
2712 1
+3 2
+29 3

fl=(272) ./libio/./libio/ioungetc.c
fn=(1962) ungetc
31 7
+3 14
-3 56
+5 14
+6 7
-5 14
+5 28
-5 7
cfi=(249)
cfn=(1964)
calls=7 635 
* 154

fl=(212) ./csu/../csu/libc-start.c
fn=(1308) __libc_start_main@@GLIBC_2.34
242 13
+69 3
+1 3
cfi=(200) ./stdlib/./stdlib/cxa_atexit.c
cfn=(1080) __cxa_atexit
calls=1 67 
* 76
+25 6
+6 2
-3 2
+10 2
cob=(4)
cfi=(175)
cfn=(1340) 0x0000000004b207b0
calls=1 0 
* 7
+2 2
+8 4
cfi=(222) ./csu/../sysdeps/nptl/libc_start_call_main.h
cfn=(1344) (below main)
calls=1 29 
* 7609457
128 2
+6 3
+1 6
cob=(4)
cfi=(175)
cfn=(1310) 0x000000000012f000
calls=1 0 
* 7
* 1
+3 1
+1 2
+3 2
+1 2
-1 1
+2 25
+1 36
cob=(8)
cfi=(211)
cfn=(1334) 0x0000000000028040
calls=1 0 
* 12
cob=(8)
cfi=(221)
cfn=(1332) _sub_I_00100_0
calls=1 -98 
* 31
cob=(8)
cfi=(220)
cfn=(1330) _sub_I_00100_0
calls=1 -10 
* 31
cob=(8)
cfi=(219)
cfn=(1328) _sub_I_00100_0
calls=1 -22 
* 31
cob=(8)
cfi=(218)
cfn=(1326) _sub_I_00100_0
calls=1 -52 
* 31
cob=(8)
cfi=(217)
cfn=(1324) _sub_I_00100_0
calls=1 -12 
* 31
cob=(8)
cfi=(216)
cfn=(1322) _sub_I_00100_0
calls=1 269 
* 31
cob=(8)
cfi=(215)
cfn=(1320) _sub_I_00100_0
calls=1 -31 
* 31
cob=(8)
cfi=(214)
cfn=(1318) _sub_I_00100_0
calls=1 313 
* 31
* 4
cob=(8)
cfi=(213)
cfn=(1314) _sub_I_00100_0
calls=1 682 
* 42
-1 31

fl=(317)
fn=(5328)
38 144
+4 90
+6 54
+3 9
cfi=(319)
cfn=(5334)
calls=9 * 
* 162
+1 90
-3 54

fl=(316) ./io/../sysdeps/unix/sysv/linux/open64.c
fn=(5324) open
30 18
+3 9
-3 90
+3 18
+8 63
+2 72
-7 9
+5 9
-5 27
+1 9
-1 9
+5 9

fl=(251) ./io/../sysdeps/unix/sysv/linux/fstat64.c
fn=(1522) fstat
30 11
+9 44
+33 11

fl=(274) ./socket/../sysdeps/unix/sysv/linux/send.c
fn=(1980) send
24 124
+4 124
-4 124
+4 868
+4 124

fl=(91)
fn=(300)
29 1
fi=(88)
+12 2
-1 4
+2 3
+3 2
+4 3
+3 3
fe=(91)
-23 1

fl=(236)
fn=(1454)
107 4
+1 16
cfi=(237)
cfn=(1444)
calls=4 238 
* 485

fn=(1418) __isoc23_strtol
125 21
+1 105
cfi=(237)
cfn=(1420)
calls=21 238 
* 2181

fn=(1442) __isoc23_strtoul
125 1
+1 5
cfi=(237)
cfn=(1444)
calls=1 238 
* 166

fl=(131)
fn=(406)
29 1
fi=(93)
+28 3
-1 2
+4 3
+14 2
+3 2
+8 2
+8 2
+3 5
fe=(131)

fl=(200)
fn=(1080)
67 84
-26 24
+2 96
+1 24
cfn=(1082) __new_exitfn
calls=12 +36 
* 440
+2 24
+8 12
-2 12
+3 12
+1 12
-4 24
+1 12
+4 48
+1 12
+11 72

fn=(1082)
80 12
+6 24
-6 48
+11 24
-10 12
+10 48
+2 24
+1 55
-1 24
-2 1
+10 1
-10 3
+13 22
+25 11
+1 22
-1 22
+7 11
+5 33
-4 11
+4 22
-5 1
+5 3
-4 1
+4 2
-18 1
-1 1
+12 1

fl=(233) ./string/../sysdeps/x86_64/multiarch/memmove-vec-unaligned-erms.S
fn=(1576) __mempcpy_avx_unaligned_erms
242 24770
+1 24770
+1 24770
+1 24770
+17 24770
+1 24770
+2 2
+1 2
+1 2
+3 2
+1 2
+1 2
+3 4
+30 24768
+1 24768
+2 24761
+1 24761
+2 24761
+4 24761
+1 3
+1 3
+1 3
+1 3
+4 3
+2 3
+6 24758
+1 24758
+1 24758
+1 24758
+1 24758
+7 7
+1 7
+1 7
+1 7
+2 7

fn=(1396) __memcpy_avx_unaligned_erms
255 3084
+1 3084
+6 3084
+1 3084
+2 60
+1 60
+1 60
+3 54
+1 54
+1 54
+3 108
+30 3024
+1 3024
+2 2971
+1 2971
+2 2018
+4 2018
+1 281
+1 281
+1 281
+1 281
+1 118
+1 118
+2 118
+2 118
-2 163
+2 163
+6 1737
+1 1737
+1 1737
+1 1737
+1 1737
+7 53
+1 53
+1 53
+1 53
+2 53
+17 953
+1 953
+1 953
+1 953
+1 953
+7 1
+1 1
+1 1
+1 1
+1 1
+1 1
+1 2
+5 6
+1 6
+5 6
+1 6
+2 5
+1 5
+1 5
+2 4
+1 4
+1 4
+1 4
+1 4
+1 4
+1 4
+1 4
+1 4
+1 4
+1 4
+1 4
+1 4
+1 4
+1 8
+4 1
+1 1
+4 1
+2 1
+4 1
+1 1
+11 1
+3 1
+2 1
+2 1
+4 1
+1 1
+9 1
+1 1
+2 1
+2 1
+1 1
+1 1
+3 1
+2 1
+2 1
+2 2
+6 1
+1 1
+1 1
+1 1
+1 1
+1 1
+1 1
+1 1
+1 1
+1 1
+1 1
+1 1
-11 1
+1 1
+1 1
+1 1
+1 1
+1 1
+1 1
+1 1
+1 1
+1 1
+1 1
+1 1
+2 1
+1 1
+1 1
+1 1
+2 1
+4 2

fl=(119)
fn=(366)
31 1
fi=(114)
+6 2
-1 4
fe=(119)
-5 2
fi=(114)
+7 3
+3 2
+4 3
+3 4
fe=(119)

fl=(112)
fn=(352)
67 1
-23 2
-1 4
+24 2
-22 3
+3 2
+4 3
+3 4

fl=(121)
fn=(374)
29 3
fi=(122) ./string/../sysdeps/x86_64/multiarch/ifunc-memcmp.h
+5 15
+1 6
+1 6
+1 9
+3 6
+4 9
+3 12
fe=(121)
-18 6

fl=(321) ./libio/./libio/iofread.c
fn=(5352) fread
31 13202
+1 1886
-1 1886
+1 1886
-1 1886
+4 11316
+2 18860
+1 7544
cfi=(249)
cfn=(5354)
calls=1886 409 
* 139851
fi=(252)
979 3772
+1 16974
fe=(321)
40 3796
+1 16974
-1 3756
-3 7544

fl=(81)
fn=(280)
86 1
fi=(82) ./string/../sysdeps/x86/cacheinfo.h
-27 1
+3 3
+2 1
+1 1
-1 2
+7 3
+2 1
+1 1
-1 2
+5 2
+2 2
+1 2
+1 2
+2 2
+2 2
fe=(81)

fl=(241) ./nss/./nss/getaddrinfo.c
fn=(1440) getaddrinfo
2297 16
+3 1
+4 4
+3 4
+6 2
+3 3
+6 2
+3 3
+1 5
+3 1
+1 1
+1 1
+1 1
+3 2
+30 4
399 3
-3 2
+3 2
+1 3
+14 6
2613 12
417 3
fi=(243) ./nss/../bits/byteswap.h
37 2
fe=(241)
419 1
+4 1
+2 1
-2 1
+2 2
-1 1
+2 1
+1 1
1147 1
+3 1
+2 1
-5 1
+3 2
1035 1
1147 1
+1 5
+4 1
+6 2
2369 3
-1 1
+1 2
cfi=(236)
cfn=(1442)
calls=1 125 
* 172
* 2
+1 3
fi=(242) ./nss/../include/scratch_buffer.h
77 1
fe=(241)
1134 2
fi=(242)
78 1
-1 2
fe=(241)
1134 1
394 1
1134 20
394 1
1158 1
-15 1
876 1
1158 2
881 1
fi=(343) ./nss/../string/bits/string_fortified.h
59 2
fe=(241)
882 2
cfi=(244)
cfn=(1450)
calls=1 183 
* 672
* 2
+2 3
+1 1
+15 2
2387 3
1062 2
+1 2
+61 1
-64 3
1202 2
166 2
+2 1
2386 1
168 1
cob=(4)
cfi=(175)
cfn=(1460)
calls=1 0 
* 6
+1 2
cob=(4)
cfi=(175)
cfn=(1460)
calls=1 0 
* 6
fi=(242)
-84 4
fe=(241)
2394 2
-95 1
+87 1
+16 3
+2 1
+1 1
-3 2
+6 2
1085 1
-7 2
+7 1
-7 2
+3 2
cob=(4)
cfi=(175)
cfn=(1458)
calls=1 0 
* 192
* 1
+1 2
+3 1
+5 1
+18 1
-30 1
+7 1
+14 1
+22 1
-36 2
+23 1
-19 1
-11 1
+7 2
+18 1
-18 2
+5 2
+4 1
-4 1
fi=(343)
29 1
+30 1
-30 1
fe=(241)
1078 2
2604 2
cfi=(246)
cfn=(1464)
calls=1 374 
* 4
+4 2
+1 1
1170 3
796 2

fn=(1472) freeaddrinfo
2620 1
+3 2
-3 6
+6 2
+1 2
cob=(4)
cfi=(175)
cfn=(1460)
calls=1 0 
* 6
+1 2
cob=(4)
cfi=(175)
cfn=(1460)
calls=1 0 
* 87
-5 2
+7 4

fl=(254) ./io/../sysdeps/unix/sysv/linux/write.c
fn=(1604) write
25 39
+1 234
+1 39

fl=(313) ./string/../sysdeps/x86_64/multiarch/strcpy-avx2.S
fn=(5312) __strcat_avx2
64 9
+1 9
+3 9
fi=(314) ./string/../sysdeps/x86_64/multiarch/strcat-strlen-avx2.h.S
-41 9
+1 9
+1 9
+1 9
+1 9
+1 9
+1 9
+66 9
+1 9
fe=(313)
-28 9
+1 9
+1 9
+1 9
+5 9
+1 9
+1 9
+2 9
+1 9
+69 9
+2 9
+1 9
+1 9
+1 9
+7 9
+1 9
+1 9
+1 9
+2 4
+1 4
+2 4
+1 4
+1 4
+1 4
+97 5
+1 5
+1 5
+5 10
+4 4
+1 4
+1 4
+4 8

fl=(85)
fn=(288)
29 1
fi=(338)
+7 5
fe=(85)
-7 1

fl=(194) ./wcsmbs/./wcsmbs/btowc.c
fn=(802) btowc
32 512
+5 256
-5 2048
+5 1536
+5 512
+4 384
fi=(344) ./wcsmbs/./wcsmbsload.h
+23 128
+1 384
fe=(194)
-23 128
+1 128
-1 128
+1 128
+4 512
+3 256
cfi=(195)
cfn=(804)
calls=128 -19 
* 640
* 512
+39 128
-39 256
+39 512
-39 128
cfi=(196)
cfn=(806)
calls=128 -6 
* 768
+39 1152

fl=(322) ./libio/./libio/feof.c
fn=(5368) feof
32 8
+4 8
-1 16
+3 16
+3 8

fl=(222)
fn=(1344)
29 4
+15 1
-15 5
+15 1
cfi=(223)
cfn=(1346)
calls=1 -16 
* 38
* 1
+2 2
+5 2
+1 2
+3 2
+3 6
cob=(8)
cfi=(213)
cfn=(1352) main
calls=1 582 
* 3203346
+16 2
cfi=(304)
cfn=(5264)
calls=1 +63 
* 4406045

fl=(205)
fn=(1144)
262 1
fi=(206) ./malloc/../sysdeps/unix/sysv/linux/not-cancel.h
97 3
fe=(205)
262 7
+5 1
fi=(206)
97 3
fi=(204)
3143 2
fe=(205)
292 2
+4 3
fi=(204)
1946 4
+3 1
-3 1
+3 2
-3 2
+3 126
-3 126
+3 252
-3 252
+11 1
fe=(205)
300 3
fi=(204)
1958 1
+2 1
fe=(205)
300 1
cob=(4)
cfi=(175)
cfn=(564)
calls=1 0 
* 25
+1 4
cob=(4)
cfi=(175)
cfn=(564)
calls=1 0 
* 26
+1 4
cob=(4)
cfi=(175)
cfn=(564)
calls=1 0 
* 25
+1 4
cob=(4)
cfi=(175)
cfn=(564)
calls=1 0 
* 25
+1 4
cob=(4)
cfi=(175)
cfn=(564)
calls=1 0 
* 26
+1 4
cob=(4)
cfi=(175)
cfn=(564)
calls=1 0 
* 25
+1 4
cob=(4)
cfi=(175)
cfn=(564)
calls=1 0 
* 25
+2 4
cob=(4)
cfi=(175)
cfn=(564)
calls=1 0 
* 25
+1 4
cob=(4)
cfi=(175)
cfn=(564)
calls=1 0 
* 25
+1 4
cob=(4)
cfi=(175)
cfn=(564)
calls=1 0 
* 25
+3 4
cob=(4)
cfi=(175)
cfn=(564)
calls=1 0 
* 25
+1 4
cob=(4)
cfi=(175)
cfn=(564)
calls=1 0 
* 25
+2 2
+10 8

fl=(103)
fn=(330)
65 2
-22 4
+1 2
-2 8
+2 4
+3 4
+4 6
+3 6
+11 2

fl=(89)
fn=(296)
29 2
fi=(90) ./string/../sysdeps/x86_64/multiarch/ifunc-memset.h
+25 10
+3 6
+7 4
+9 4
+2 4
+10 4
+8 4
+3 10
fe=(89)

fl=(104)
fn=(332)
29 1
fi=(105) ./debug/../sysdeps/x86_64/multiarch/ifunc-memset.h
+25 5
+3 3
+7 2
+9 2
+2 2
+10 2
+8 2
+3 5
fe=(104)

fl=(132)
fn=(410)
33 1
fi=(118)
+5 2
+1 1
-1 2
+1 2
+3 2
+4 3
+3 3
fe=(132)
-16 1

fl=(311)
fn=(5288)
82 10
+1 10
-1 20
+1 10
fi=(312) ./posix/../malloc/dynarray-skeleton.c
243 5
fe=(311)
71 10
+38 20
+1 15

fl=(123)
fn=(378)
31 2
fi=(124) ./wcsmbs/../sysdeps/x86_64/multiarch/ifunc-wmemset.h
+5 10
+1 6
fe=(123)
-6 2

fl=(324)
fn=(5374)
33 9
+1 18
-1 54
+10 45
+16 9
fi=(345) ./libio/../libio/libioP.h
1025 27
+1 18
fe=(324)
59 9
+1 9
-1 9
+1 27
-1 9
cfi=(248)
cfn=(5376) _IO_file_seekoff@@GLIBC_2.2.5
calls=9 901 
* 1130
-16 18

fl=(326) ./libio/./libio/iofclose.c
fn=(5392) fclose@@GLIBC_2.2.5
34 72
+14 27
+9 9
fi=(252)
1025 27
+1 18
fe=(326)
57 27
cfi=(248)
cfn=(5412) _IO_file_finish@@GLIBC_2.2.5
calls=9 168 
* 306
+1 27
+13 18
fi=(252)
951 36
+1 36
+6 18
cob=(4)
cfi=(175)
cfn=(1460)
calls=9 0 
* 783
fe=(326)
76 63
-27 9
cfi=(249)
cfn=(5394)
calls=9 +4 
* 936
+2 72
+1 18
+1 18
cfi=(248)
cfn=(5398) _IO_file_close_it@@GLIBC_2.2.5
calls=9 +75 
* 3501
fi=(252)
979 9
fe=(326)
53 9
fi=(252)
979 27
+1 81
fe=(326)
51 45

fl=(120)
fn=(370)
31 1
fi=(84)
+9 3
-2 4
fe=(120)
-7 2
fi=(84)
+10 2
+1 3
+3 2
+4 3
+3 5
fe=(120)

fl=(248)
fn=(5376)
901 117
+8 27
-60 27
+66 36
+3 36
+12 18
+13 36
+33 18
cfi=(249)
cfn=(5378)
calls=9 187 
* 198
+5 9
+1 9
-1 18
fi=(252)
+44 9
fe=(248)
-27 18
+4 18
+1 9
-1 18
+2 9
-2 9
+1 9
+1 18
+5 9
fi=(252)
+16 18
+1 18
fe=(248)
-17 27
cfn=(5382) _IO_file_seek
calls=9 1140 
* 81
* 9
+1 18
+2 18
+15 9
+4 9
-1 18
-3 63
+5 18
+23 99
915 32
+92 18

fn=(1512)
1198 173600
+7 24800
-7 49600
+6 99200
+9 49600
-2 99200
+17 74361
+1 49514
+5 24757
+2 49514
+2 24757
-4 24757
+2 24757
+2 24757
-1 24757
-1 24757
cob=(4)
cfi=(175)
cfn=(1574) 0x0000000004b20430
calls=24757 0 
* 470383
-7 10
+5 10
+2 20
+2 10
-4 10
+2 10
+2 10
-1 10
-1 10
cob=(4)
cfi=(175)
cfn=(1574)
calls=10 0 
* 156
-2 3
+2 6
+2 3
-4 3
+2 3
+2 3
-1 3
-1 3
cob=(4)
cfi=(175)
cfn=(1574)
calls=3 0 
* 60
+2 24770
-2 24770
+4 49540
+28 223200
-55 13
+4 13
-4 13
+1 26
-14 30
+44 30
fi=(252)
1025 90
+1 60
fe=(248)
1244 3
fi=(252)
1025 9
+1 6
fe=(248)
1244 99
cfn=(1514)
calls=33 732 
* 3989
* 66
+6 66
+1 165
+2 99
+11 66
+1 120
cfi=(249)
cfn=(1528)
calls=30 371 
* 3861
+2 90
-48 765
-2 540
446 6
1221 3
+11 9
444 6

fn=(1520)
1147 11
+1 22
cfi=(251)
cfn=(1522)
calls=11 30 
* 66

fn=(1954) _IO_file_read
1131 13
+3 13
-1 13
+1 26
cfi=(271)
cfn=(1956)
calls=13 25 
* 104

fn=(5356)
1273 20746
+7 1886
-7 1886
+7 1886
+11 1886
fi=(252)
1025 1886
fe=(248)
1291 7544
+2 5658
+1 3772
-1 9
+1 6
+8 22
+8 22
+9 33
+1 44
+41 15024
fi=(328) ./libio/../string/bits/string_fortified.h
29 5634
cob=(4)
cfi=(175)
cfn=(5420) 0x0000000004b206b0
calls=1878 -29 
* 30778
fe=(248)
1297 1878
-6 3756
+31 22
cfi=(249)
cfn=(5362)
calls=11 269 
* 1486
* 22
+38 8
+1 24
-1 8
+1 40
-78 27
+5 18
cfi=(249)
cfn=(1516)
calls=9 343 
* 5541
* 9

fn=(5586)
382 12
+1 2
cfi=(249)
cfn=(5588)
calls=2 +69 
* 138
* 4
+3 2
+4 4
-2 6
+3 6

fn=(1526) _IO_do_write@@GLIBC_2.2.5
424 51
+2 153
+1 12
-3 117
fi=(252)
1025 39
fe=(248)
424 312
+20 39
-10 78
+7 156
fi=(252)
1025 78
+1 78
fe=(248)
449 156
cfn=(1602) _IO_file_write@@GLIBC_2.2.5
calls=39 1174 
* 1852
* 39
+1 117
+2 39
+4 78
-3 78
-1 78
+4 107
-30 58
+28 29
-28 58
+1 232
-1 20
+28 10
-28 20
+1 80
+28 107

fn=(5402) _IO_file_close
1165 9
+3 18
cfi=(327)
cfn=(5404)
calls=9 25 
* 54

fn=(1620)
793 147
+5 84
+2 21
+1 42
+11 42
+4 105

fn=(1948)
462 13
+4 39
-4 117
+7 26
+6 39
+3 26
+12 24
+7 22
fi=(252)
979 4
+1 10
+45 11
fe=(248)
506 22
cfi=(249)
cfn=(1952)
calls=11 164 
* 286
* 4
cfi=(249)
cfn=(1952)
calls=2 164 
* 52
+6 13
+5 13
-5 13
fi=(252)
1025 26
fe=(248)
512 13
fi=(252)
1025 13
fe=(248)
512 39
fi=(252)
1026 26
fe=(248)
517 52
cfn=(1954)
calls=13 1131 
* 169
+2 26
+16 5
-9 5
+9 10
+2 10
+1 104
-6 8
-10 56
-55 16
+32 2
+2 2
fi=(252)
1025 6
+1 4
fe=(248)
501 4
cfn=(1514)
calls=2 732 
* 66
* 2
-20 3
+5 2
cfi=(249)
cfn=(1516)
calls=1 343 
* 310
+4 3
+7 4
+2 2
-2 4
+2 4
fi=(252)
980 10
fe=(248)

fn=(5340)
106 54
+5 9
-1 9
+3 9
cfi=(249)
cfn=(5342)
calls=9 -26 
* 801
+1 9
+1 27

fn=(1602)
1174 312
+2 156
-1 78
+6 39
cfi=(254)
cfn=(1604)
calls=39 25 
* 312
+1 78
+5 39
+1 39
-12 78
+4 117
+1 78
+10 117
+1 58
+2 234
-4 117

fn=(1514)
732 584
+1 292
+7 345
+37 63
-2 126
+3 76
+3 114
+1 114
+1 152
+4 38
+1 228
-45 20
+14 9
-2 20
+9 30
+5 30
+2 20
-5 10
+5 10
+1 10
-5 10
+1 10
+4 20
-7 10
+10 20
+13 35
-12 35
+1 35
+11 140
-12 35
cfn=(1526)
calls=35 424 
* 2555
+9 14
-1 7
+1 7
-1 7
cfn=(1526)
calls=7 424 
* 735
* 14
-12 20
+1 2
-28 2
cfi=(249)
cfn=(1516)
calls=1 343 
* 310
+1 1
+9 1
-9 5

fn=(5382)
1140 9
+1 18
cfi=(325)
cfn=(5384)
calls=9 28 
* 54

fn=(5398)
128 63
+2 27
+4 18
+3 9
-3 9
-1 18
+6 9
+3 9
-3 9
cfi=(249)
cfn=(5400)
calls=9 937 
* 126
+3 27
fi=(252)
1025 27
+1 18
fe=(248)
142 18
cfn=(5402)
calls=9 1165 
* 81
* 9
+3 27
+8 45
cfi=(249)
cfn=(1524)
calls=9 329 
* 1692
+1 9
+3 9
-3 27
+3 9
cfi=(249)
cfn=(5394)
calls=9 53 
* 36
+5 9
-4 9
+1 9
+3 9
-2 9
+3 63
-28 63
cfn=(1526)
calls=9 424 
* 981
* 18

fn=(5412)
168 45
+1 9
-1 9
+1 9
+6 18
+1 27
-1 9
cfi=(249)
cfn=(5414)
calls=9 601 
* 180

fl=(301) ./io/../sysdeps/unix/sysv/linux/close.c
fn=(4370) close
26 4
+1 24
+1 4

fl=(83)
fn=(284)
31 2
fi=(84)
+9 6
-2 8
fe=(83)
-7 4
fi=(84)
+10 4
+1 6
+3 4
+4 6
+3 10
fe=(83)

fl=(106)
fn=(336)
28 1
fi=(84)
+12 3
-2 4
fe=(106)
-10 2
fi=(84)
+13 2
+1 3
+3 2
+4 3
+3 5
fe=(106)

fl=(133)
fn=(414)
29 2
fi=(99)
+28 6
-1 4
+4 6
+14 4
+3 4
+8 4
+8 4
+3 10
fe=(133)

fl=(240) ./string/../sysdeps/x86_64/multiarch/memset-vec-unaligned-erms.S
fn=(1436) __memset_avx2_unaligned_erms
158 242
+1 484
+5 242
+1 242
+1 214
+1 214
+1 214
+2 1
+1 1
+1 2
+9 10
+1 10
+2 20
+53 213
+1 213
+6 213
+1 213
+12 213
+3 213
+1 213
+12 203
+1 203
+13 203
+1 203
+2 203
+3 203
+3 203
+3 203
+1 203
+1 203
+1 203
+1 203
+1 203
+1 203
-6 1015
+1 1015
+1 1015
+1 1015
+1 1015
+1 1015
+1 1218
+3 203
+1 203
+1 203
+1 203
+3 406
+23 28
+9 28
+1 28
+5 28
+1 28
+36 28
+1 28
+5 28

ob=(4)
fl=(175)
fn=(630)
0 7

fn=(564)
0 40
cob=(1)
cfi=(11)
cfn=(28)
calls=20 387 
0 469

fn=(602)
0 2
cob=(2)
cfi=(181)
cfn=(604)
calls=1 53 
0 22

fn=(756) 0x00000000048efa00
0 2
cob=(7)
cfi=(185)
cfn=(760) std::__timepunct<char>::__timepunct(std::__timepunct_cache<char>*, unsigned long)
calls=1 0 
0 1155
cob=(1)
cfi=(186)
cfn=(642)
calls=1 71 
0 945
0 5

fn=(828) 0x00000000048ee5a0
0 2
cob=(7)
cfi=(185)
cfn=(832) std::codecvt<wchar_t, char, __mbstate_t>::codecvt(unsigned long)
calls=1 0 
0 44
cob=(1)
cfi=(186)
cfn=(642)
calls=1 71 
0 782
0 5

fn=(1056) 0x00000000048f0920
0 1040
cob=(7)
cfi=(185)
cfn=(1060) std::basic_ios<char, std::char_traits<char> >::_M_cache_locale(std::locale const&)
calls=520 0 
0 29120
cob=(1)
cfi=(186)
cfn=(642)
calls=1 71 
0 985
0 5

fn=(1076) 0x00000000048ee620
0 22
cob=(2)
cfi=(200)
cfn=(1080)
calls=11 67 
0 832
cob=(1)
cfi=(186)
cfn=(642)
calls=1 71 
0 902
0 5

fn=(1398) 0x000000000012fa60
0 632
cob=(7)
cfi=(185)
cfn=(1400) std::__cxx11::basic_string<char, std::char_traits<char>, std::allocator<char> >::_M_set_length(unsigned long)
calls=316 0 
0 1580

fn=(1438) 0x000000000012fc90
0 2
cob=(2)
cfi=(241)
cfn=(1440)
calls=1 2297 
0 1302

fn=(1536) 0x00000000048ee4c0
0 170
cob=(7)
cfi=(185)
cfn=(1540) std::ostream& std::ostream::_M_insert<long>(long)
calls=85 0 
0 29008
cob=(1)
cfi=(186)
cfn=(642)
calls=1 71 
0 713
0 5

fn=(1548) 0x00000000048f0620
0 2
cob=(2)
cfi=(199)
cfn=(826)
calls=1 73 
0 47
cob=(1)
cfi=(186)
cfn=(642)
calls=1 71 
0 758
0 5

fn=(1606) 0x00000000048ef8a0
0 24
cob=(7)
cfi=(185)
cfn=(1610) std::ostream::flush()
calls=12 0 
0 3357
cob=(1)
cfi=(186)
cfn=(642)
calls=1 71 
0 681
0 5

fn=(1607) 0x00000000048ef8a0'2
0 2
cob=(7)
cfi=(185)
cfn=(1611) std::ostream::flush()'2
calls=1 0 
0 136

fn=(1920) 0x000000000012f820
0 4
cob=(7)
cfi=(185)
cfn=(1922) std::basic_istream<char, std::char_traits<char> >& std::getline<char, std::char_traits<char>, std::allocator<char> >(std::basic_istream<char, std::char_traits<char> >&, std::__cxx11::basic_string<char, std::char_traits<char>, std::allocator<char> >&)
calls=2 0 
0 5775

fn=(1930) 0x00000000048f0ab0
0 1170
cob=(7)
cfi=(185)
cfn=(1934) std::istream::sentry::sentry(std::istream&, bool)
calls=585 0 
0 36616
cob=(1)
cfi=(186)
cfn=(642)
calls=1 71 
0 701
0 5

fn=(1938) 0x00000000048f15a0
0 28
cob=(2)
cfi=(270)
cfn=(1942)
calls=14 34 
0 1047
cob=(1)
cfi=(186)
cfn=(642)
calls=1 71 
0 718
0 5

fn=(1958) 0x00000000048eeb50
0 14
cob=(2)
cfi=(272)
cfn=(1962)
calls=7 31 
0 301
cob=(1)
cfi=(186)
cfn=(642)
calls=1 71 
0 755
0 5

fn=(2092) 0x000000000012fb70
0 1430
cob=(7)
cfi=(185)
cfn=(2094) operator delete(void*, unsigned long)
calls=715 0 
0 70807

fn=(2136) 0x00000000048ef250
0 474
cob=(7)
cfi=(185)
cfn=(2140) std::istreambuf_iterator<char, std::char_traits<char> > std::num_get<char, std::istreambuf_iterator<char, std::char_traits<char> > >::_M_extract_int<long>(std::istreambuf_iterator<char, std::char_traits<char> >, std::istreambuf_iterator<char, std::char_traits<char> >, std::ios_base&, std::_Ios_Iostate&, long&) const
calls=237 0 
0 70422
cob=(1)
cfi=(186)
cfn=(642)
calls=1 71 
0 1301
0 5

fn=(2586) 0x000000000012fe10
0 144
cob=(7)
cfi=(185)
cfn=(2588) std::__cxx11::basic_string<char, std::char_traits<char>, std::allocator<char> >::empty() const
calls=72 0 
0 288

fn=(2594) 0x000000000012f9e0
0 214
cob=(7)
cfi=(185)
cfn=(2596) std::__cxx11::basic_string<char, std::char_traits<char>, std::allocator<char> >::end()
calls=107 0 
0 428

fn=(4406) 0x000000000012f980
0 4
cob=(7)
cfi=(185)
cfn=(4408) __cxa_allocate_exception
calls=2 0 
0 314

fn=(4480) 0x0000000004ace600
0 20
cob=(6)
cfi=(184)
cfn=(4486) _Unwind_Find_FDE
calls=10 0 
0 5555
cob=(1)
cfi=(186)
cfn=(642)
calls=1 71 
0 709
0 5

fn=(5008) 0x00000000048ee540
0 4
cob=(6)
cfi=(184)
cfn=(5012) _Unwind_DeleteException
calls=2 0 
0 3403
cob=(1)
cfi=(186)
cfn=(642)
calls=1 71 
0 887
0 5

fn=(4858) 0x00000000048f0120
0 12
cob=(2)
cfi=(203)
cfn=(4862)
calls=6 206 
0 186
cob=(1)
cfi=(186)
cfn=(642)
calls=1 71 
0 807
0 5

fn=(5306) 0x000000000012fc70
0 4
cob=(2)
cfi=(202)
cfn=(1124)
calls=2 24 
0 936

fn=(608)
0 7

fn=(768) 0x00000000048ed630
0 2
cob=(7)
cfi=(185)
cfn=(772) std::__cxx11::messages<char>::messages(unsigned long)
calls=1 0 
0 51
cob=(1)
cfi=(186)
cfn=(642)
calls=1 71 
0 745
0 5

fn=(786) 0x00000000048f0000
0 4
cob=(2)
cfi=(192)
cfn=(790)
calls=2 30 
0 44
cob=(1)
cfi=(186)
cfn=(642)
calls=1 71 
0 771
0 5

fn=(792) 0x00000000048ef040
0 256
cob=(2)
cfi=(193)
cfn=(796)
calls=128 30 
0 3200
cob=(1)
cfi=(186)
cfn=(642)
calls=1 71 
0 859
0 5

fn=(864) 0x00000000048edca0
0 2
cob=(7)
cfi=(185)
cfn=(868) std::__cxx11::messages<wchar_t>::messages(unsigned long)
calls=1 0 
0 51
cob=(1)
cfi=(186)
cfn=(642)
calls=1 71 
0 745
0 5

fn=(938) 0x00000000048ef0a0
0 2
cob=(7)
cfi=(185)
cfn=(942) std::numpunct<wchar_t>::_M_initialize_numpunct(__locale_struct*)
calls=1 0 
0 353
cob=(1)
cfi=(186)
cfn=(642)
calls=1 71 
0 938
0 5

fn=(1136) 0x00000000048ee210
0 1714
cob=(2)
cfi=(204)
cfn=(1140)
calls=857 3294 
0 52739
cob=(1)
cfi=(186)
cfn=(642)
calls=1 71 
0 902
0 5

fn=(1382) 0x000000000012fbd0
0 632
cob=(7)
cfi=(185)
cfn=(1384) std::__cxx11::basic_string<char, std::char_traits<char>, std::allocator<char> >::_M_data() const
calls=316 0 
0 948

fn=(1406) 0x000000000012f910
0 290
cob=(7)
cfi=(185)
cfn=(1408) std::__cxx11::basic_string<char, std::char_traits<char>, std::allocator<char> >::c_str() const
calls=145 0 
0 435

fn=(1506) 0x00000000048f0d00
0 28
cob=(2)
cfi=(247)
cfn=(1510)
calls=14 31 
0 5908
cob=(1)
cfi=(186)
cfn=(642)
calls=1 71 
0 750
0 5

fn=(1778) 0x000000000012f830
0 10
cob=(7)
cfi=(185)
cfn=(1780) std::_Hash_bytes(void const*, unsigned long, unsigned long)
calls=5 0 
0 276

fn=(1968) 0x000000000012fca0
0 562
cob=(7)
cfi=(185)
cfn=(1970) std::basic_ios<char, std::char_traits<char> >::operator bool() const
calls=281 0 
0 1124

fn=(2008) 0x00000000048edb90
0 328
cob=(7)
cfi=(185)
cfn=(2012) std::locale::locale(std::locale const&)
calls=164 0 
0 1148
cob=(1)
cfi=(186)
cfn=(642)
calls=1 71 
0 686
0 5

fn=(2110) 0x00000000048f0e20
0 620
cob=(7)
cfi=(185)
cfn=(2114) std::basic_ios<char, std::char_traits<char> >::clear(std::_Ios_Iostate)
calls=310 0 
0 2170
cob=(1)
cfi=(186)
cfn=(642)
calls=1 71 
0 933
0 5

fn=(2170) 0x000000000012fcf0
0 48
cob=(7)
cfi=(185)
cfn=(2172) std::basic_istream<char, std::char_traits<char> >& std::operator>><char, std::char_traits<char> >(std::basic_istream<char, std::char_traits<char> >&, char&)
calls=24 0 
0 2112

fn=(3158) 0x00000000048efeb0
0 16
cob=(7)
cfi=(185)
cfn=(3162) std::__cxx11::basic_string<char, std::char_traits<char>, std::allocator<char> >::swap(std::__cxx11::basic_string<char, std::char_traits<char>, std::allocator<char> >&)
calls=8 0 
0 408
cob=(1)
cfi=(186)
cfn=(642)
calls=1 71 
0 981
0 5

fn=(4788) 0x00000000048ed810
0 4
cob=(6)
cfi=(184)
cfn=(4792) _Unwind_GetRegionStart
calls=2 0 
0 6
cob=(1)
cfi=(186)
cfn=(642)
calls=1 71 
0 880
0 5

fn=(5330) 0x000000000012fbc0
0 18
cob=(2)
cfi=(318)
cfn=(5332)
calls=9 35 
0 3049

fn=(5462)
0 4

fn=(5578)
0 4

fn=(4868) 0x00000000048eeb70
0 8
cob=(7)
cfi=(185)
cfn=(4872) __cxxabiv1::__class_type_info::__do_upcast(__cxxabiv1::__class_type_info const*, void const*, __cxxabiv1::__class_type_info::__upcast_result&) const
calls=4 0 
0 252
cob=(1)
cfi=(186)
cfn=(642)
calls=1 71 
0 1050
0 5

fn=(5322) 0x000000000012fab0
0 18
cob=(2)
cfi=(316)
cfn=(5324)
calls=9 30 
0 342

fn=(1310)
0 7

fn=(636) 0x00000000048f0040
0 2
cob=(7)
cfi=(185)
cfn=(648) std::ios_base::Init::Init()
calls=1 0 
0 83607
cob=(1)
cfi=(186)
cfn=(642)
calls=1 71 
0 718
0 5

fn=(720) 0x00000000048ef0e0
0 64
cob=(7)
cfi=(185)
cfn=(724) std::locale::_Impl::_M_install_facet(std::locale::id const*, std::locale::facet const*)
calls=32 0 
0 13455
cob=(1)
cfi=(186)
cfn=(642)
calls=1 71 
0 942
0 5

fn=(732) 0x00000000048ee9e0
0 2
cob=(7)
cfi=(185)
cfn=(736) std::codecvt<char, char, __mbstate_t>::codecvt(unsigned long)
calls=1 0 
0 44
cob=(1)
cfi=(186)
cfn=(642)
calls=1 71 
0 782
0 5

fn=(738) 0x00000000048f0700
0 2
cob=(7)
cfi=(185)
cfn=(742) std::__cxx11::numpunct<char>::_M_initialize_numpunct(__locale_struct*)
calls=1 0 
0 417
cob=(1)
cfi=(186)
cfn=(642)
calls=1 71 
0 1002
0 5

fn=(820)
0 142
cob=(2)
cfi=(198)
cfn=(822)
calls=71 52 
0 994

fn=(872) 0x00000000048ee750
0 2
cob=(7)
cfi=(185)
cfn=(876) std::numpunct<char>::_M_initialize_numpunct(__locale_struct*)
calls=1 0 
0 417
cob=(1)
cfi=(186)
cfn=(642)
calls=1 71 
0 930
0 5

fn=(926) 0x00000000048f1510
0 2
cob=(7)
cfi=(185)
cfn=(930) std::messages<char>::messages(unsigned long)
calls=1 0 
0 51
cob=(1)
cfi=(186)
cfn=(642)
calls=1 71 
0 713
0 5

fn=(956) 0x00000000048ef6f0
0 2
cob=(7)
cfi=(185)
cfn=(960) std::moneypunct<wchar_t, false>::_M_initialize_moneypunct(__locale_struct*, char const*)
calls=1 0 
0 109
cob=(1)
cfi=(186)
cfn=(642)
calls=1 71 
0 1034
0 5

fn=(1108) 0x00000000048ee560
0 2
cob=(7)
cfi=(185)
cfn=(1112) std::future_category()
calls=1 0 
0 3
cob=(1)
cfi=(186)
cfn=(642)
calls=1 71 
0 740
0 5

fn=(1386) 0x000000000012fbe0
0 632
cob=(7)
cfi=(185)
cfn=(1388) std::__cxx11::basic_string<char, std::char_traits<char>, std::allocator<char> >::_S_copy_chars(char*, char const*, char const*)
calls=316 0 
0 7774

fn=(1434) 0x000000000012f9b0
0 484
cob=(2)
cfi=(240)
cfn=(1436)
calls=242 158 
0 14979

fn=(1492) 0x00000000048efb20
0 380
cob=(7)
cfi=(185)
cfn=(1496) std::basic_ostream<char, std::char_traits<char> >& std::__ostream_insert<char, std::char_traits<char> >(std::basic_ostream<char, std::char_traits<char> >&, char const*, long)
calls=190 0 
0 41651
cob=(1)
cfi=(186)
cfn=(642)
calls=1 71 
0 1049
0 5

fn=(1632) 0x00000000048edcc0
0 278
cob=(7)
cfi=(185)
cfn=(1636) operator new(unsigned long)
calls=139 0 
0 9467
cob=(1)
cfi=(186)
cfn=(642)
calls=1 71 
0 670
0 5

fn=(1802) 0x000000000012fb60
0 1430
cob=(7)
cfi=(185)
cfn=(1636)
calls=715 0 
0 56601

fn=(1818) 0x000000000012f9f0
0 480
cob=(7)
cfi=(185)
cfn=(1820) std::__cxx11::basic_string<char, std::char_traits<char>, std::allocator<char> >::basic_string(std::__cxx11::basic_string<char, std::char_traits<char>, std::allocator<char> >&&)
calls=240 0 
0 5701

fn=(2058) 0x000000000012f920
0 554
cob=(7)
cfi=(185)
cfn=(2060) std::__cxx11::basic_string<char, std::char_traits<char>, std::allocator<char> >::basic_string(std::__cxx11::basic_string<char, std::char_traits<char>, std::allocator<char> > const&)
calls=277 0 
0 17404

fn=(2544) 0x000000000012ff10
0 52
cob=(7)
cfi=(185)
cfn=(2546) std::__cxx11::basic_string<char, std::char_traits<char>, std::allocator<char> >::append(std::__cxx11::basic_string<char, std::char_traits<char>, std::allocator<char> > const&)
calls=26 0 
0 2708

fn=(588)
0 7

fn=(650) 0x00000000048ee8d0
0 2108
cob=(7)
cfi=(185)
cfn=(654) std::locale::locale()
calls=1054 0 
0 105032
cob=(1)
cfi=(186)
cfn=(642)
calls=1 71 
0 674
0 5

fn=(618)
0 7

fn=(3128) 0x000000000012fd20
0 16
cob=(7)
cfi=(185)
cfn=(3130) std::__cxx11::basic_ostringstream<char, std::char_traits<char>, std::allocator<char> >::basic_ostringstream()
calls=8 0 
0 4480

fn=(3820) 0x000000000012fb20
0 28
cob=(7)
cfi=(185)
cfn=(3822) std::__cxx11::basic_string<char, std::char_traits<char>, std::allocator<char> >::operator+=(char const*)
calls=14 0 
0 1108

fn=(4460) 0x00000000048eee80
0 4
cob=(6)
cfi=(184)
cfn=(4464) _Unwind_RaiseException
calls=2 0 
0 61781
cob=(1)
cfi=(186)
cfn=(642)
calls=1 71 
0 874
0 5

fn=(4820) 0x00000000048efdc0
0 4
cob=(6)
cfi=(184)
cfn=(4824) _Unwind_GetIPInfo
calls=2 0 
0 14
cob=(1)
cfi=(186)
cfn=(642)
calls=1 71 
0 811
0 5

fn=(5002) 0x00000000048eeaa0
0 4
cob=(7)
cfi=(185)
cfn=(5006) __cxa_get_globals_fast
calls=2 0 
0 44
cob=(1)
cfi=(186)
cfn=(642)
calls=1 71 
0 702
0 5

fn=(5284) 0x000000000012f7b0
0 2
cob=(2)
cfi=(310)
cfn=(5286)
calls=1 30 
0 132

fn=(5388) 0x000000000012ff00
0 49572
cob=(2)
cfi=(247)
cfn=(1510)
calls=24786 31 
0 3425628

fn=(5550) 0x0000000004ace3c0
0 2
cob=(2)
cfi=(310)
cfn=(5286)
calls=1 30 
0 132

fn=(5318) 0x000000000012fd70
0 18
cob=(2)
cfi=(315)
cfn=(5320)
calls=9 91 
0 36

fn=(744) 0x00000000048eee30
0 2
cob=(7)
cfi=(185)
cfn=(748) std::__cxx11::moneypunct<char, false>::_M_initialize_moneypunct(__locale_struct*, char const*)
calls=1 0 
0 114
cob=(1)
cfi=(186)
cfn=(642)
calls=1 71 
0 1066
0 5

fn=(780) 0x00000000048eea90
0 2
cob=(7)
cfi=(185)
cfn=(784) std::ctype<wchar_t>::_M_initialize_ctype()
calls=1 0 
0 25328
cob=(1)
cfi=(186)
cfn=(642)
calls=1 71 
0 794
0 5

fn=(1026) 0x00000000048ee300
0 532
cob=(7)
cfi=(185)
cfn=(1030) std::ios_base::ios_base()
calls=266 0 
0 24472
cob=(1)
cfi=(186)
cfn=(642)
calls=1 71 
0 678
0 5

fn=(1092) 0x00000000048ef0c0
0 4
cob=(7)
cfi=(185)
cfn=(1096) std::error_category::error_category()
calls=2 0 
0 10
cob=(1)
cfi=(186)
cfn=(642)
calls=1 71 
0 744
0 5

fn=(1390) 0x00000000048f1260
0 2386
cob=(2)
cfi=(233)
cfn=(1396)
calls=1193 255 
0 17409
cob=(1)
cfi=(186)
cfn=(642)
calls=1 71 
0 1008
0 5

fn=(1458)
0 42
cob=(2)
cfi=(204)
cfn=(1140)
calls=21 3294 
0 5543

fn=(1488) 0x00000000048eecf0
0 620
cob=(2)
cfi=(198)
cfn=(822)
calls=310 52 
0 4388
cob=(1)
cfi=(186)
cfn=(642)
calls=1 71 
0 802
0 5

fn=(1554) 0x00000000048efc20
0 170
cob=(7)
cfi=(185)
cfn=(1558) std::ostreambuf_iterator<char, std::char_traits<char> > std::num_put<char, std::ostreambuf_iterator<char, std::char_traits<char> > >::_M_insert_int<long>(std::ostreambuf_iterator<char, std::char_traits<char> >, std::ios_base&, char, long) const
calls=85 0 
0 17959
cob=(1)
cfi=(186)
cfn=(642)
calls=1 71 
0 1185
0 5

fn=(1614) 0x00000000048f14b0
0 38
cob=(2)
cfi=(255)
cfn=(1618)
calls=19 32 
0 1254
cob=(1)
cfi=(186)
cfn=(642)
calls=1 71 
0 730
0 5

fn=(1828) 0x000000000012fd00
0 26
cob=(7)
cfi=(185)
cfn=(1830) std::__detail::_Prime_rehash_policy::_M_need_rehash(unsigned long, unsigned long, unsigned long) const
calls=13 0 
0 1495

fn=(1906) 0x000000000012f940
0 330
cob=(2)
cfi=(199)
cfn=(826)
calls=165 73 
0 3272

fn=(2096) 0x00000000048ee430
0 1708
cob=(7)
cfi=(185)
cfn=(2100) operator delete(void*)
calls=854 0 
0 79707
cob=(1)
cfi=(186)
cfn=(642)
calls=1 71 
0 606
0 5

fn=(678) 0x00000000048ed7a0
0 2
cob=(7)
cfi=(185)
cfn=(682) std::ctype<char>::ctype(unsigned short const*, bool, unsigned long)
calls=1 0 
0 3867
cob=(1)
cfi=(186)
cfn=(642)
calls=1 71 
0 770
0 5

fn=(3590) 0x000000000012f810
0 210
cob=(7)
cfi=(185)
cfn=(3592) std::_Rb_tree_insert_and_rebalance(bool, std::_Rb_tree_node_base*, std::_Rb_tree_node_base*, std::_Rb_tree_node_base&)
calls=105 0 
0 2422

fn=(3680) 0x000000000012fc20
0 294
cob=(7)
cfi=(185)
cfn=(3682) std::_Rb_tree_increment(std::_Rb_tree_node_base const*)
calls=147 0 
0 2005

fn=(3862) 0x000000000012fdc0
0 6
cob=(7)
cfi=(185)
cfn=(3864) std::__cxx11::basic_string<char, std::char_traits<char>, std::allocator<char> >::insert(unsigned long, std::__cxx11::basic_string<char, std::char_traits<char>, std::allocator<char> > const&)
calls=3 0 
0 1005

fn=(4426) 0x000000000012fe50
0 4
cob=(7)
cfi=(185)
cfn=(4428) __cxa_throw
calls=2 0 
0 66656

fn=(4448) 0x00000000048f11c0
0 4
cob=(7)
cfi=(185)
cfn=(4452) std::get_unexpected()
calls=2 0 
0 8
cob=(1)
cfi=(186)
cfn=(642)
calls=1 71 
0 746
0 5

fn=(4454) 0x00000000048f0c10
0 4
cob=(7)
cfi=(185)
cfn=(4458) std::get_terminate()
calls=2 0 
0 8
cob=(1)
cfi=(186)
cfn=(642)
calls=1 71 
0 706
0 5

fn=(4642) 0x0000000004ace6f0
0 4
cob=(2)
cfi=(188)
cfn=(694)
calls=2 136 
0 99
cob=(1)
cfi=(186)
cfn=(642)
calls=1 71 
0 919
0 5

fn=(5326) 0x000000000012f9d0
0 18
cob=(2)
cfi=(317)
cfn=(5328)
calls=9 38 
0 234

fn=(5416) 0x000000000012fc50
0 20
cob=(2)
cfi=(204)
cfn=(1462)
calls=10 3359 
0 769

fn=(5530)
0 4

fn=(774) 0x00000000048edb70
0 2
cob=(7)
cfi=(185)
cfn=(778) std::ctype<wchar_t>::ctype(unsigned long)
calls=1 0 
0 26175
cob=(1)
cfi=(186)
cfn=(642)
calls=1 71 
0 686
0 5

fn=(834) 0x00000000048edc60
0 2
cob=(7)
cfi=(185)
cfn=(838) std::__cxx11::numpunct<wchar_t>::_M_initialize_numpunct(__locale_struct*)
calls=1 0 
0 353
cob=(1)
cfi=(186)
cfn=(642)
calls=1 71 
0 978
0 5

fn=(992) 0x00000000048efc70
0 2
cob=(7)
cfi=(185)
cfn=(996) std::messages<wchar_t>::messages(unsigned long)
calls=1 0 
0 51
cob=(1)
cfi=(186)
cfn=(642)
calls=1 71 
0 713
0 5

fn=(1062) 0x00000000048efb50
0 8
cob=(7)
cfi=(185)
cfn=(1066) std::basic_ios<wchar_t, std::char_traits<wchar_t> >::init(std::basic_streambuf<wchar_t, std::char_traits<wchar_t> >*)
calls=4 0 
0 1722
cob=(1)
cfi=(186)
cfn=(642)
calls=1 71 
0 985
0 5

fn=(1426) 0x000000000012fa40
0 2032
cob=(7)
cfi=(185)
cfn=(1428) std::__cxx11::basic_string<char, std::char_traits<char>, std::allocator<char> >::~basic_string()
calls=1016 0 
0 15112

fn=(1466) 0x000000000012f800
0 2
cob=(2)
cfi=(226)
cfn=(1468)
calls=1 120 
0 6

fn=(1478) 0x000000000012fc10
0 2
cob=(2)
cfi=(226)
cfn=(1480)
calls=1 120 
0 6

fn=(1532) 0x000000000012fe70
0 170
cob=(7)
cfi=(185)
cfn=(1534) std::ostream::operator<<(int)
calls=85 0 
0 30831

fn=(1638) 0x000000000012faf0
0 124
cob=(7)
cfi=(185)
cfn=(1640) std::__cxx11::basic_string<char, std::char_traits<char>, std::allocator<char> >::_M_data(char*)
calls=62 0 
0 186

fn=(1768) 0x000000000012fd90
0 10
cob=(7)
cfi=(185)
cfn=(1770) std::__cxx11::basic_string<char, std::char_traits<char>, std::allocator<char> >::length() const
calls=5 0 
0 15

fn=(1912) 0x000000000012fb10
0 246
cob=(2)
cfi=(269)
cfn=(1914)
calls=123 34 
0 5535

fn=(2166) 0x000000000012f950
0 268
cob=(7)
cfi=(185)
cfn=(2168) std::basic_ios<char, std::char_traits<char> >::operator!() const
calls=134 0 
0 536

fn=(2534) 0x00000000048ef810
0 150
cob=(7)
cfi=(185)
cfn=(1630) std::__cxx11::basic_string<char, std::char_traits<char>, std::allocator<char> >::_M_create(unsigned long&, unsigned long)
calls=75 0 
0 6571
cob=(1)
cfi=(186)
cfn=(642)
calls=1 71 
0 981
0 5

fn=(2552) 0x00000000048f0140
0 516
cob=(7)
cfi=(185)
cfn=(2556) std::ios_base::~ios_base()
calls=258 0 
0 20588
cob=(1)
cfi=(186)
cfn=(642)
calls=1 71 
0 686
0 5

ob=(3)
fl=(157)
fn=(492)
26 1
fi=(142) ./math/../sysdeps/x86_64/fpu/multiarch/ifunc-fma.h
+3 4
+1 3
fe=(157)
-4 1

fl=(150)
fn=(468)
30 1
fi=(142)
-1 4
+1 4
fe=(150)

fl=(161)
fn=(510)
26 1
fi=(144) ./math/../sysdeps/x86_64/fpu/multiarch/ifunc-avx-fma4.h
+6 5
+1 2
fe=(161)
-7 1

fl=(156)
fn=(498)
27 1
fi=(152) ./math/../sysdeps/x86_64/fpu/multiarch/ifunc-fma4.h
+4 4
+1 2
fe=(156)
-5 1

fn=(488)
35 1
fi=(152)
-4 4
+1 2
+3 1
fe=(156)

fl=(159)
fn=(502)
26 1
fi=(142)
+3 4
+1 3
fe=(159)
-4 1

fl=(143)
fn=(444)
27 1
fi=(144)
+5 5
+1 2
fe=(143)
-6 1

fl=(154)
fn=(480)
26 1
fi=(142)
+3 4
+1 3
fe=(154)
-4 1

fl=(149)
fn=(464)
26 1
fi=(142)
+3 4
+1 3
fe=(149)
-4 1

fl=(148)
fn=(460)
27 1
fi=(142)
+2 4
+1 3
fe=(148)
-3 1

fl=(147)
fn=(456)
27 1
fi=(142)
+2 4
+1 3
fe=(147)
-3 1

fl=(183)
fn=(5562)
0 9
cob=(4)
cfi=(175)
cfn=(5568) 0x0000000004d1a220
calls=1 0 
0 134
0 1
cfn=(5572) 0x0000000000010430
calls=1 0 
0 5
0 3

fn=(612)
0 9

ob=(4)
fl=(175)
fn=(3140) 0x00000000048eefb0
0 32
cob=(7)
cfi=(185)
cfn=(3144) std::__cxx11::basic_stringbuf<char, std::char_traits<char>, std::allocator<char> >::_M_pbump(char*, char*, long)
calls=16 0 
0 224
cob=(1)
cfi=(186)
cfn=(642)
calls=1 71 
0 1001
0 5

fn=(4420) 0x00000000048ed610
0 4
cob=(7)
cfi=(185)
cfn=(4424) std::string::_Rep::_S_create(unsigned long, unsigned long, std::allocator<char> const&)
calls=2 0 
0 178
cob=(1)
cfi=(186)
cfn=(642)
calls=1 71 
0 749
0 5

fn=(4430) 0x00000000048efe80
0 12
cob=(7)
cfi=(185)
cfn=(4434) __cxa_get_globals
calls=6 0 
0 1048
cob=(1)
cfi=(186)
cfn=(642)
calls=1 71 
0 690
0 5

fn=(4442) 0x00000000048efef0
0 4
cob=(7)
cfi=(185)
cfn=(4446) __cxa_init_primary_exception
calls=2 0 
0 1528
cob=(1)
cfi=(186)
cfn=(642)
calls=1 71 
0 754
0 5

fn=(4488) 0x0000000004ace620
0 20
cob=(2)
cfi=(303)
cfn=(4492)
calls=10 24 
0 698
cob=(1)
cfi=(186)
cfn=(642)
calls=1 71 
0 820
0 5

fn=(4998) 0x000000000012fdf0
0 4
cob=(7)
cfi=(185)
cfn=(5000) __cxa_end_catch
calls=2 0 
0 5096

fn=(5044) 0x00000000048ed800
0 4
cob=(7)
cfi=(185)
cfn=(5048) __cxa_free_exception
calls=2 0 
0 190
cob=(1)
cfi=(186)
cfn=(642)
calls=1 71 
0 698
0 5

fn=(5420)
0 3756
cob=(2)
cfi=(233)
cfn=(1396)
calls=1878 255 
0 27022

fn=(5452) 0x000000000483d030
0 2
cob=(2)
cfi=(310)
cfn=(5286)
calls=1 30 
0 132

fn=(5508) 0x00000000048f0980
0 6
cob=(7)
cfi=(185)
cfn=(5512) std::basic_ostream<wchar_t, std::char_traits<wchar_t> >::flush()
calls=3 0 
0 1593
cob=(1)
cfi=(186)
cfn=(642)
calls=1 71 
0 873
0 5

fn=(5509) 0x00000000048f0980'2
0 2
cob=(7)
cfi=(185)
cfn=(5513) std::basic_ostream<wchar_t, std::char_traits<wchar_t> >::flush()'2
calls=1 0 
0 136

fn=(5568)
0 2
cob=(2)
cfi=(310)
cfn=(5286)
calls=1 30 
0 132

fn=(4880) 0x0000000004ace520
0 12
cob=(6)
cfi=(184)
cfn=(4884) _Unwind_GetCFA
calls=6 0 
0 18
cob=(1)
cfi=(186)
cfn=(642)
calls=1 71 
0 705
0 5

fn=(5308) 0x000000000012fd10
0 18
cob=(2)
cfi=(204)
cfn=(1140)
calls=9 3294 
0 405

fn=(858) 0x00000000048ef300
0 2
cob=(7)
cfi=(185)
cfn=(862) std::__timepunct<wchar_t>::_M_initialize_timepunct(__locale_struct*)
calls=1 0 
0 154
cob=(1)
cfi=(186)
cfn=(642)
calls=1 71 
0 986
0 5

fn=(902) 0x00000000048f1050
0 2
cob=(7)
cfi=(185)
cfn=(906) std::moneypunct<char, true>::_M_initialize_moneypunct(__locale_struct*, char const*)
calls=1 0 
0 115
cob=(1)
cfi=(186)
cfn=(642)
calls=1 71 
0 1018
0 5

fn=(968) 0x00000000048f0280
0 2
cob=(7)
cfi=(185)
cfn=(972) std::moneypunct<wchar_t, true>::_M_initialize_moneypunct(__locale_struct*, char const*)
calls=1 0 
0 109
cob=(1)
cfi=(186)
cfn=(642)
calls=1 71 
0 1010
0 5

fn=(1118) 0x00000000048eecb0
0 2
cob=(2)
cfi=(201)
cfn=(1122)
calls=1 28 
0 465
cob=(1)
cfi=(186)
cfn=(642)
calls=1 71 
0 913
0 5

fn=(1578) 0x000000000012fba0
0 14
cob=(7)
cfi=(185)
cfn=(1580) std::ostream::operator<<(std::ostream& (*)(std::ostream&))
calls=7 0 
0 5842

fn=(1832) 0x00000000048ee610
0 10
cob=(7)
cfi=(185)
cfn=(1716) std::__detail::_Prime_rehash_policy::_M_next_bkt(unsigned long) const
calls=5 0 
0 190
cob=(1)
cfi=(186)
cfn=(642)
calls=1 71 
0 882
0 5

fn=(1916) 0x000000000012fd30
0 242
cob=(7)
cfi=(185)
cfn=(1918) std::__cxx11::basic_string<char, std::char_traits<char>, std::allocator<char> >::basic_string()
calls=121 0 
0 726

fn=(1982) 0x000000000012f8b0
0 406
cob=(2)
cfi=(275)
cfn=(1984)
calls=203 24 
0 2233

fn=(1990) 0x00000000048efe40
0 516
cob=(7)
cfi=(185)
cfn=(1994) std::__cxx11::basic_stringbuf<char, std::char_traits<char>, std::allocator<char> >::_M_sync(char*, unsigned long, unsigned long)
calls=258 0 
0 8658
cob=(1)
cfi=(186)
cfn=(642)
calls=1 71 
0 1001
0 5

fn=(2062) 0x00000000048ee3d0
0 554
cob=(7)
cfi=(185)
cfn=(2066) void std::__cxx11::basic_string<char, std::char_traits<char>, std::allocator<char> >::_M_construct<char*>(char*, char*, std::forward_iterator_tag)
calls=277 0 
0 13440
cob=(1)
cfi=(186)
cfn=(642)
calls=1 71 
0 1189
0 5

fn=(2524) 0x000000000012fef0
0 200
cob=(7)
cfi=(185)
cfn=(2526) std::__cxx11::basic_string<char, std::char_traits<char>, std::allocator<char> >::append(char const*)
calls=100 0 
0 20067

fn=(2540) 0x000000000012f7d0
0 56
cob=(7)
cfi=(185)
cfn=(2542) std::__cxx11::basic_string<char, std::char_traits<char>, std::allocator<char> >::capacity() const
calls=28 0 
0 168

fn=(704) 0x00000000048ee500
0 2
cob=(7)
cfi=(185)
cfn=(708) std::locale::facet::_S_create_c_locale(__locale_struct*&, char const*, __locale_struct*)
calls=1 0 
0 832
cob=(1)
cfi=(186)
cfn=(642)
calls=1 71 
0 970
0 5

fn=(3834) 0x000000000012f870
0 8
cob=(7)
cfi=(185)
cfn=(3836) std::__cxx11::basic_string<char, std::char_traits<char>, std::allocator<char> >::insert(unsigned long, char const*)
calls=4 0 
0 1036

fn=(4272) 0x000000000012f840
0 20
cob=(7)
cfi=(185)
cfn=(4274) std::ostream::operator<<(unsigned long)
calls=10 0 
0 4922

fn=(4368) 0x000000000012ff20
0 8
cob=(2)
cfi=(301)
cfn=(4370)
calls=4 26 
0 32

fn=(4414) 0x00000000048ed8e0
0 4
cob=(7)
cfi=(185)
cfn=(4418) std::logic_error::logic_error(char const*)
calls=2 0 
0 1116
cob=(1)
cfi=(186)
cfn=(642)
calls=1 71 
0 714
0 5

fn=(4498) 0x0000000004ace4a0
0 40
cob=(2)
cfi=(198)
cfn=(822)
calls=20 52 
0 280
cob=(1)
cfi=(186)
cfn=(642)
calls=1 71 
0 807
0 5

fn=(5030) 0x00000000048eda00
0 4
cob=(7)
cfi=(185)
cfn=(5034) std::string::_Rep::_M_destroy(std::allocator<char> const&)
calls=2 0 
0 186
cob=(1)
cfi=(186)
cfn=(642)
calls=1 71 
0 749
0 5

fn=(5350) 0x000000000012fd80
0 3772
cob=(2)
cfi=(321)
cfn=(5352)
calls=1886 31 
0 251133

fn=(5390) 0x000000000012fb50
0 18
cob=(2)
cfi=(326)
cfn=(5392)
calls=9 34 
0 6192

fn=(1354) 0x000000000012f860
0 2
cob=(2)
cfi=(226)
cfn=(1356)
calls=1 120 
0 6

fn=(1358) 0x000000000012fec0
0 2
cob=(2)
cfi=(227)
cfn=(1360)
calls=1 94 
0 7

fn=(726) 0x00000000048ee800
0 4260
cob=(7)
cfi=(185)
cfn=(730) std::locale::id::_M_id() const
calls=2130 0 
0 13212
cob=(1)
cfi=(186)
cfn=(642)
calls=1 71 
0 714
0 5

fn=(750) 0x00000000048f0530
0 2
cob=(7)
cfi=(185)
cfn=(754) std::__cxx11::moneypunct<char, true>::_M_initialize_moneypunct(__locale_struct*, char const*)
calls=1 0 
0 115
cob=(1)
cfi=(186)
cfn=(642)
calls=1 71 
0 1066
0 5

fn=(824)
0 98
cob=(2)
cfi=(199)
cfn=(826)
calls=49 73 
0 1048

fn=(840) 0x00000000048efd70
0 2
cob=(7)
cfi=(185)
cfn=(844) std::__cxx11::moneypunct<wchar_t, false>::_M_initialize_moneypunct(__locale_struct*, char const*)
calls=1 0 
0 109
cob=(1)
cfi=(186)
cfn=(642)
calls=1 71 
0 1082
0 5

fn=(1038) 0x00000000048f0780
0 1048
cob=(7)
cfi=(185)
cfn=(1042) std::ios_base::_M_init()
calls=524 0 
0 53286
cob=(1)
cfi=(186)
cfn=(642)
calls=1 71 
0 722
0 5

fn=(1050) 0x00000000048efea0
0 2408
cob=(7)
cfi=(185)
cfn=(1054) std::locale::~locale()
calls=1204 0 
0 14448
cob=(1)
cfi=(186)
cfn=(642)
calls=1 71 
0 706
0 5

fn=(1414) 0x000000000012f7e0
0 210
cob=(2)
cfi=(235)
cfn=(1416)
calls=105 25 
0 420

fn=(1542) 0x00000000048eefc0
0 2
cob=(7)
cfi=(185)
cfn=(1546) std::ctype<char>::_M_widen_init() const
calls=1 0 
0 1566
cob=(1)
cfi=(186)
cfn=(642)
calls=1 71 
0 800
0 5

fn=(1584) 0x00000000048ee0f0
0 14
cob=(7)
cfi=(185)
cfn=(1588) std::ostream::put(char)
calls=7 0 
0 2630
cob=(1)
cfi=(186)
cfn=(642)
calls=1 71 
0 645
0 5

fn=(1642) 0x000000000012ff30
0 124
cob=(7)
cfi=(185)
cfn=(1644) std::__cxx11::basic_string<char, std::char_traits<char>, std::allocator<char> >::_M_capacity(unsigned long)
calls=62 0 
0 186

fn=(1924) 0x00000000048ed970
0 4
cob=(7)
cfi=(185)
cfn=(1928) std::basic_istream<char, std::char_traits<char> >& std::getline<char, std::char_traits<char>, std::allocator<char> >(std::basic_istream<char, std::char_traits<char> >&, std::__cxx11::basic_string<char, std::char_traits<char>, std::allocator<char> >&, char)
calls=2 0 
0 4494
cob=(1)
cfi=(186)
cfn=(642)
calls=1 71 
0 1222
0 5

fn=(1986) 0x000000000012fe30
0 500
cob=(7)
cfi=(185)
cfn=(1988) std::__cxx11::basic_istringstream<char, std::char_traits<char>, std::allocator<char> >::basic_istringstream(std::__cxx11::basic_string<char, std::char_traits<char>, std::allocator<char> > const&, std::_Ios_Openmode)
calls=250 0 
0 162002

fn=(2004) 0x000000000012fcb0
0 558
cob=(7)
cfi=(185)
cfn=(2006) std::basic_istream<char, std::char_traits<char> >& std::operator>><char, std::char_traits<char>, std::allocator<char> >(std::basic_istream<char, std::char_traits<char> >&, std::__cxx11::basic_string<char, std::char_traits<char>, std::allocator<char> >&)
calls=279 0 
0 62266

fn=(2014) 0x00000000048ef6a0
0 664
cob=(7)
cfi=(185)
cfn=(2018) std::__cxx11::basic_string<char, std::char_traits<char>, std::allocator<char> >::_M_append(char const*, unsigned long)
calls=332 0 
0 27412
cob=(1)
cfi=(186)
cfn=(642)
calls=1 71 
0 1017
0 5

fn=(2130) 0x000000000012fa30
0 560
cob=(7)
cfi=(185)
cfn=(2132) std::istream::operator>>(int&)
calls=280 0 
0 104155

fn=(666) 0x00000000048ee410
0 2
cob=(7)
cfi=(185)
cfn=(670) std::locale::_Impl::_Impl(unsigned long)
calls=1 0 
0 71938
cob=(1)
cfi=(186)
cfn=(642)
calls=1 71 
0 702
0 5

fn=(672) 0x00000000048ee3e0
0 14
cob=(7)
cfi=(185)
cfn=(676) std::locale::facet::_S_get_c_name()
calls=7 0 
0 21
cob=(1)
cfi=(186)
cfn=(642)
calls=1 71 
0 812
0 5

fn=(2590) 0x000000000012fb00
0 214
cob=(7)
cfi=(185)
cfn=(2592) std::__cxx11::basic_string<char, std::char_traits<char>, std::allocator<char> >::begin()
calls=107 0 
0 321

fn=(4410) 0x000000000012fee0
0 4
cob=(7)
cfi=(185)
cfn=(4412) std::invalid_argument::invalid_argument(char const*)
calls=2 0 
0 1865

fn=(4778) 0x00000000048eeac0
0 4
cob=(6)
cfi=(184)
cfn=(4782) _Unwind_GetLanguageSpecificData
calls=2 0 
0 6
cob=(1)
cfi=(186)
cfn=(642)
calls=1 71 
0 936
0 5

fn=(5442)
0 4

fn=(5470) 0x00000000048ed2b0
0 2
cob=(2)
cfi=(310)
cfn=(5286)
calls=1 30 
0 5093

fn=(4928) 0x00000000048ed950
0 8
cob=(6)
cfi=(184)
cfn=(4932) _Unwind_SetGR
calls=4 0 
0 60
cob=(1)
cfi=(186)
cfn=(642)
calls=1 71 
0 808
0 5

fn=(4934) 0x00000000048f1340
0 4
cob=(6)
cfi=(184)
cfn=(4938) _Unwind_SetIP
calls=2 0 
0 6
cob=(1)
cfi=(186)
cfn=(642)
calls=1 71 
0 806
0 5

fn=(5310) 0x000000000012fea0
0 18
cob=(2)
cfi=(313)
cfn=(5312)
calls=9 64 
0 339

fn=(762) 0x00000000048efec0
0 2
cob=(7)
cfi=(185)
cfn=(766) std::__timepunct<char>::_M_initialize_timepunct(__locale_struct*)
calls=1 0 
0 157
cob=(1)
cfi=(186)
cfn=(642)
calls=1 71 
0 962
0 5

fn=(846) 0x00000000048ee060
0 2
cob=(7)
cfi=(185)
cfn=(850) std::__cxx11::moneypunct<wchar_t, true>::_M_initialize_moneypunct(__locale_struct*, char const*)
calls=1 0 
0 109
cob=(1)
cfi=(186)
cfn=(642)
calls=1 71 
0 1050
0 5

fn=(852) 0x00000000048f03b0
0 2
cob=(7)
cfi=(185)
cfn=(856) std::__timepunct<wchar_t>::__timepunct(std::__timepunct_cache<wchar_t>*, unsigned long)
calls=1 0 
0 1176
cob=(1)
cfi=(186)
cfn=(642)
calls=1 71 
0 885
0 5

fn=(1126)
0 18
cob=(2)
cfi=(203)
cfn=(1128)
calls=9 206 
0 300

fn=(1364) 0x000000000012fad0
0 740
cob=(7)
cfi=(185)
cfn=(1366) std::__cxx11::basic_string<char, std::char_traits<char>, std::allocator<char> >::_M_local_data()
calls=370 0 
0 1110

fn=(1376) 0x000000000012f930
0 2290
cob=(2)
cfi=(198)
cfn=(822)
calls=1145 52 
0 22105

fn=(1460)
0 62
cob=(2)
cfi=(204)
cfn=(1462)
calls=31 3359 
0 2266

fn=(1470) 0x000000000012fce0
0 2
cob=(2)
cfi=(241)
cfn=(1472)
calls=1 2620 
0 114

fn=(1574)
0 49540
cob=(2)
cfi=(233)
cfn=(1576)
calls=24770 242 
0 421059

fn=(1592) 0x00000000048efb60
0 14
cob=(2)
cfi=(253)
cfn=(1596)
calls=7 25 
0 1344
cob=(1)
cfi=(186)
cfn=(642)
calls=1 71 
0 742
0 5

fn=(1714) 0x000000000012fa80
0 2
cob=(7)
cfi=(185)
cfn=(1716)
calls=1 0 
0 8

fn=(1772) 0x000000000012fcd0
0 434
cob=(7)
cfi=(185)
cfn=(1774) std::__cxx11::basic_string<char, std::char_traits<char>, std::allocator<char> >::data() const
calls=217 0 
0 651

fn=(1890) 0x000000000012fa70
0 1948
cob=(7)
cfi=(185)
cfn=(1892) std::__cxx11::basic_string<char, std::char_traits<char>, std::allocator<char> >::size() const
calls=974 0 
0 2922

fn=(2558) 0x00000000048ef4d0
0 516
cob=(7)
cfi=(185)
cfn=(2562) std::ios_base::_M_call_callbacks(std::ios_base::event)
calls=258 0 
0 4128
cob=(1)
cfi=(186)
cfn=(642)
calls=1 71 
0 924
0 5

fn=(3164) 0x000000000012fb80
0 16
cob=(7)
cfi=(185)
cfn=(3166) std::__cxx11::basic_ostringstream<char, std::char_traits<char>, std::allocator<char> >::str() const
calls=8 0 
0 2249

fn=(3168) 0x000000000012f850
0 16
cob=(7)
cfi=(185)
cfn=(3170) std::__cxx11::basic_ostringstream<char, std::char_traits<char>, std::allocator<char> >::~basic_ostringstream()
calls=8 0 
0 1720

fn=(4284) 0x00000000048f0e10
0 20
cob=(7)
cfi=(185)
cfn=(4288) std::ostreambuf_iterator<char, std::char_traits<char> > std::num_put<char, std::ostreambuf_iterator<char, std::char_traits<char> > >::_M_insert_int<unsigned long>(std::ostreambuf_iterator<char, std::char_traits<char> >, std::ios_base&, char, unsigned long) const
calls=10 0 
0 2030
cob=(1)
cfi=(186)
cfn=(642)
calls=1 71 
0 1193
0 5

fn=(4436) 0x00000000048ef140
0 16
cob=(1)
cfi=(302)
cfn=(4440)
calls=8 29 
0 96
cob=(1)
cfi=(186)
cfn=(642)
calls=1 71 
0 911
0 5

fn=(5036) 0x00000000048f05a0
0 4
cob=(7)
cfi=(185)
cfn=(5040) std::exception::~exception()
calls=2 0 
0 4
cob=(1)
cfi=(186)
cfn=(642)
calls=1 71 
0 694
0 5

fn=(5370) 0x000000000012fbf0
0 18
cob=(2)
cfi=(323)
cfn=(5372)
calls=9 32 
0 1832

fn=(5502) 0x00000000048ee970
0 4
cob=(7)
cfi=(185)
cfn=(5506) std::uncaught_exception()
calls=2 0 
0 66
cob=(1)
cfi=(186)
cfn=(642)
calls=1 71 
0 722
0 5

fn=(5514) 0x00000000048ef340
0 6
cob=(7)
cfi=(185)
cfn=(5518) std::basic_ostream<wchar_t, std::char_traits<wchar_t> >::sentry::sentry(std::basic_ostream<wchar_t, std::char_traits<wchar_t> >&)
calls=3 0 
0 213
cob=(1)
cfi=(186)
cfn=(642)
calls=1 71 
0 917
0 5

fn=(5515) 0x00000000048ef340'2
0 2
cob=(7)
cfi=(185)
cfn=(5519) std::basic_ostream<wchar_t, std::char_traits<wchar_t> >::sentry::sentry(std::basic_ostream<wchar_t, std::char_traits<wchar_t> >&)'2
calls=1 0 
0 22

fn=(3754) 0x000000000012fa10
0 54
cob=(7)
cfi=(185)
cfn=(3756) std::_Rb_tree_rebalance_for_erase(std::_Rb_tree_node_base*, std::_Rb_tree_node_base&)
calls=27 0 
0 1134

fn=(1340)
0 2
cob=(1)
cfi=(48)
cfn=(1342)
calls=1 118 
0 5

fn=(798) 0x00000000048f0b80
0 512
cob=(2)
cfi=(194)
cfn=(802)
calls=256 32 
0 11136
cob=(1)
cfi=(186)
cfn=(642)
calls=1 71 
0 734
0 5

fn=(808) 0x00000000048eef00
0 24
cob=(7)
cfi=(185)
cfn=(812) std::ctype<wchar_t>::_M_convert_to_wmask(unsigned short) const
calls=12 0 
0 4218
cob=(1)
cfi=(186)
cfn=(642)
calls=1 71 
0 814
0 5

fn=(814) 0x00000000048ee580
0 20
cob=(2)
cfi=(197)
cfn=(818)
calls=10 26 
0 3300
cob=(1)
cfi=(186)
cfn=(642)
calls=1 71 
0 747
0 5

fn=(890) 0x00000000048eda50
0 2
cob=(7)
cfi=(185)
cfn=(894) std::moneypunct<char, false>::_M_initialize_moneypunct(__locale_struct*, char const*)
calls=1 0 
0 114
cob=(1)
cfi=(186)
cfn=(642)
calls=1 71 
0 1002
0 5

fn=(1018) 0x00000000048ed780
0 2
cob=(7)
cfi=(185)
cfn=(1022) std::locale::locale(std::locale::_Impl*)
calls=1 0 
0 3
cob=(1)
cfi=(186)
cfn=(642)
calls=1 71 
0 734
0 5

fn=(1032) 0x00000000048f06e0
0 1040
cob=(7)
cfi=(185)
cfn=(1036) std::basic_ios<char, std::char_traits<char> >::init(std::basic_streambuf<char, std::char_traits<char> >*)
calls=520 0 
0 98287
cob=(1)
cfi=(186)
cfn=(642)
calls=1 71 
0 1025
0 5

fn=(1044) 0x00000000048ef9c0
0 1048
cob=(7)
cfi=(185)
cfn=(1048) std::locale::operator=(std::locale const&)
calls=524 0 
0 12052
cob=(1)
cfi=(186)
cfn=(642)
calls=1 71 
0 694
0 5

fn=(1068) 0x00000000048f1270
0 8
cob=(7)
cfi=(185)
cfn=(1072) std::basic_ios<wchar_t, std::char_traits<wchar_t> >::_M_cache_locale(std::locale const&)
calls=4 0 
0 224
cob=(1)
cfi=(186)
cfn=(642)
calls=1 71 
0 985
0 5

fn=(1368) 0x000000000012fbb0
0 740
cob=(7)
cfi=(185)
cfn=(1370) std::__cxx11::basic_string<char, std::char_traits<char>, std::allocator<char> >::_Alloc_hider::_Alloc_hider(char*, std::allocator<char> const&)
calls=370 0 
0 1110

fn=(1484) 0x000000000012fb40
0 380
cob=(7)
cfi=(185)
cfn=(1486) std::basic_ostream<char, std::char_traits<char> >& std::operator<< <std::char_traits<char> >(std::basic_ostream<char, std::char_traits<char> >&, char const*)
calls=190 0 
0 50748

fn=(1498) 0x00000000048f1360
0 608
cob=(7)
cfi=(185)
cfn=(1502) std::ostream::sentry::sentry(std::ostream&)
calls=304 0 
0 6835
cob=(1)
cfi=(186)
cfn=(642)
calls=1 71 
0 709
0 5

fn=(1499) 0x00000000048f1360'2
0 2
cob=(7)
cfi=(185)
cfn=(1503) std::ostream::sentry::sentry(std::ostream&)'2
calls=1 0 
0 22

fn=(1628) 0x000000000012fed0
0 124
cob=(7)
cfi=(185)
cfn=(1630)
calls=62 0 
0 5591

fn=(1974) 0x000000000012f8a0
0 6
cob=(2)
cfi=(273)
cfn=(1976)
calls=3 24 
0 24

fn=(1978) 0x000000000012f990
0 248
cob=(2)
cfi=(274)
cfn=(1980)
calls=124 24 
0 1364

fn=(2102) 0x00000000048eec60
0 1712
cob=(2)
cfi=(204)
cfn=(1462)
calls=856 3359 
0 75638
cob=(1)
cfi=(186)
cfn=(642)
calls=1 71 
0 818
0 5

fn=(2510) 0x000000000012fc30
0 108
cob=(7)
cfi=(185)
cfn=(2512) std::__cxx11::basic_string<char, std::char_traits<char>, std::allocator<char> >::_M_construct(unsigned long, char)
calls=54 0 
0 1512

fn=(2516) 0x000000000012ff40
0 108
cob=(7)
cfi=(185)
cfn=(2518) std::__cxx11::basic_string<char, std::char_traits<char>, std::allocator<char> >::operator[](unsigned long)
calls=54 0 
0 216

fn=(2528) 0x00000000048f1150
0 134
cob=(7)
cfi=(185)
cfn=(2532) std::__cxx11::basic_string<char, std::char_traits<char>, std::allocator<char> >::_M_mutate(unsigned long, unsigned long, char const*, unsigned long)
calls=67 0 
0 16335
cob=(1)
cfi=(186)
cfn=(642)
calls=1 71 
0 1013
0 5

fn=(2548) 0x000000000012f970
0 500
cob=(7)
cfi=(185)
cfn=(2550) std::__cxx11::basic_istringstream<char, std::char_traits<char>, std::allocator<char> >::~basic_istringstream()
calls=250 0 
0 32945

fn=(684) 0x00000000048f03c0
0 28
cob=(7)
cfi=(185)
cfn=(688) std::locale::facet::_S_get_c_locale()
calls=14 0 
0 3212
cob=(1)
cfi=(186)
cfn=(642)
calls=1 71 
0 826
0 5

ob=(3)
fl=(183)
fn=(612)
0 3

fn=(5572)
0 5

fl=(160)
fn=(506)
27 1
fi=(142)
+2 4
+1 3
fe=(160)
-3 1

fl=(141)
fn=(440)
26 1
fi=(142)
+3 4
+1 3
fe=(141)
-4 1

fl=(162)
fn=(518)
26 1
fi=(152)
+5 4
+1 2
fe=(162)
-6 1

fl=(155)
fn=(484)
27 1
fi=(144)
+5 5
+1 2
fe=(155)
-6 1

fl=(153)
fn=(476)
27 1
fi=(142)
+2 4
+1 3
fe=(153)
-3 1

fl=(158)
fn=(496)
49 6

fl=(151)
fn=(472)
27 1
fi=(152)
+4 4
+1 2
fe=(151)
-5 1

fl=(146)
fn=(514)
27 1
fi=(144)
+5 5
+1 2
fe=(146)

ob=(4)
fl=(175)
fn=(690) 0x00000000048ee790
0 28
cob=(2)
cfi=(188)
cfn=(694)
calls=14 136 
0 1968
cob=(1)
cfi=(186)
cfn=(642)
calls=1 71 
0 1001
0 5

fn=(710) 0x00000000048ef490
0 2
cob=(2)
cfi=(190)
cfn=(714)
calls=1 43 
0 40
cob=(1)
cfi=(186)
cfn=(642)
calls=1 71 
0 771
0 5

fn=(2564) 0x00000000048ed870
0 516
cob=(7)
cfi=(185)
cfn=(2568) std::ios_base::_M_dispose_callbacks()
calls=258 0 
0 4644
cob=(1)
cfi=(186)
cfn=(642)
calls=1 71 
0 820
0 5

fn=(3146) 0x00000000048f0c40
0 16
cob=(7)
cfi=(185)
cfn=(3150) std::__cxx11::basic_string<char, std::char_traits<char>, std::allocator<char> >::reserve(unsigned long)
calls=8 0 
0 1096
cob=(1)
cfi=(186)
cfn=(642)
calls=1 71 
0 957
0 5

fn=(3152) 0x00000000048ed560
0 46
cob=(7)
cfi=(185)
cfn=(3156) std::__cxx11::basic_string<char, std::char_traits<char>, std::allocator<char> >::_M_replace(unsigned long, unsigned long, char const*, unsigned long)
calls=23 0 
0 4401
cob=(1)
cfi=(186)
cfn=(642)
calls=1 71 
0 1001
0 5

fn=(3816) 0x000000000012fcc0
0 56
cob=(7)
cfi=(185)
cfn=(3818) std::__cxx11::basic_string<char, std::char_traits<char>, std::allocator<char> >::operator+=(std::__cxx11::basic_string<char, std::char_traits<char>, std::allocator<char> > const&)
calls=28 0 
0 1546

fn=(4012) 0x000000000012fde0
0 26
cob=(2)
cfi=(233)
cfn=(1396)
calls=13 255 
0 183

fn=(4276) 0x00000000048f0d10
0 20
cob=(7)
cfi=(185)
cfn=(4280) std::ostream& std::ostream::_M_insert<unsigned long>(unsigned long)
calls=10 0 
0 4140
cob=(1)
cfi=(186)
cfn=(642)
calls=1 71 
0 737
0 5

fn=(4992) 0x000000000012f900
0 4
cob=(7)
cfi=(185)
cfn=(4994) __cxa_begin_catch
calls=2 0 
0 110

fn=(5024) 0x00000000048f10b0
0 4
cob=(7)
cfi=(185)
cfn=(5028) std::logic_error::~logic_error()
calls=2 0 
0 1717
cob=(1)
cfi=(186)
cfn=(642)
calls=1 71 
0 718
0 5

fn=(5366) 0x000000000012fda0
0 16
cob=(2)
cfi=(322)
cfn=(5368)
calls=8 32 
0 56

fn=(5492) 0x00000000048ef320
0 4
cob=(7)
cfi=(185)
cfn=(5496) std::error_category::~error_category()
calls=2 0 
0 4
cob=(1)
cfi=(186)
cfn=(642)
calls=1 71 
0 760
0 5

fn=(5560)
0 4

ob=(3)
fl=(146)
fn=(514)
27 1

fn=(452)
34 1
fi=(144)
-2 5
+1 2
fe=(146)
+1 1

fl=(145)
fn=(448)
27 1
fi=(142)
+2 4
+1 3
fe=(145)
-3 1

ob=(8)
fl=(230) /usr/include/x86_64-linux-gnu/c++/13/bits/c++config.h
fn=(1374) std::__is_constant_evaluated()
541 4842
+6 807
+4 1614

fl=(266) /usr/include/c++/13/ext/aligned_buffer.h
fn=(1812) __gnu_cxx::__aligned_buffer<std::__cxx11::basic_string<char, std::char_traits<char>, std::allocator<char> > >::_M_ptr()
116 80
+1 30
cfn=(1814) __gnu_cxx::__aligned_buffer<std::__cxx11::basic_string<char, std::char_traits<char>, std::allocator<char> > >::_M_addr()
calls=10 -13 
* 100
* 80

fn=(1878) __gnu_cxx::__aligned_buffer<std::__cxx11::basic_string<char, std::char_traits<char>, std::allocator<char> > >::_M_ptr() const
120 1344
+1 504
cfn=(1880) __gnu_cxx::__aligned_buffer<std::__cxx11::basic_string<char, std::char_traits<char>, std::allocator<char> > >::_M_addr() const
calls=168 -11 
* 1680
* 1344

fn=(2222) __gnu_cxx::__aligned_buffer<std::pair<int const, bool> >::_M_ptr()
116 2272
+1 852
cfn=(2224) __gnu_cxx::__aligned_buffer<std::pair<int const, bool> >::_M_addr()
calls=284 -13 
* 2840
* 2272

fn=(2614) __gnu_cxx::__aligned_buffer<std::pair<int const, std::unique_ptr<Graph, std::default_delete<Graph> > > >::_M_ptr() const
120 2392
+1 897
cfn=(2616) __gnu_cxx::__aligned_buffer<std::pair<int const, std::unique_ptr<Graph, std::default_delete<Graph> > > >::_M_addr() const
calls=299 -11 
* 2990
* 2392

fn=(3610) __gnu_cxx::__aligned_membuf<int>::_M_addr() const
68 3010
+1 1290

fn=(2224)
104 1988
+2 284
+1 568

fn=(2430) __gnu_cxx::__aligned_buffer<std::pair<int const, std::unique_ptr<Graph, std::default_delete<Graph> > > >::_M_ptr()
116 2416
+1 906
cfn=(2432) __gnu_cxx::__aligned_buffer<std::pair<int const, std::unique_ptr<Graph, std::default_delete<Graph> > > >::_M_addr()
calls=302 -13 
* 3020
* 2416

fn=(4228) __gnu_cxx::__aligned_membuf<std::pair<int, int> >::_M_addr()
64 28
+1 12

fn=(2290) __gnu_cxx::__aligned_buffer<std::pair<int const, bool> >::_M_ptr() const
120 2184
+1 819
cfn=(2292) __gnu_cxx::__aligned_buffer<std::pair<int const, bool> >::_M_addr() const
calls=273 -11 
* 2730
* 2184

fn=(1814)
104 70
+2 10
+1 20

fn=(2292)
110 1911
+2 273
+1 546

fn=(3582) __gnu_cxx::__aligned_membuf<int>::_M_ptr()
72 2800
+1 1050
cfn=(3584) __gnu_cxx::__aligned_membuf<int>::_M_addr()
calls=350 -9 
* 3500
* 2800

fn=(3608) __gnu_cxx::__aligned_membuf<int>::_M_ptr() const
76 3440
+1 1290
cfn=(3610)
calls=430 -9 
* 4300
* 3440

fn=(1880)
110 1176
+2 168
+1 336

fn=(2616)
110 2093
+2 299
+1 598

fn=(4226) __gnu_cxx::__aligned_membuf<std::pair<int, int> >::_M_ptr()
72 32
+1 12
cfn=(4228)
calls=4 -9 
* 40
* 32

fn=(2432)
104 2114
+2 302
+1 604

fn=(3584)
64 2450
+1 1050

fl=(217)
fn=(3110) min_key(std::vector<int, std::allocator<int> > const&, std::vector<bool, std::allocator<bool> > const&)
9 126
+1 14
+1 14
+2 28
+2 324
cfi=(289) /usr/include/c++/13/bits/stl_bvector.h
cfn=(3112) std::vector<bool, std::allocator<bool> >::operator[](unsigned long) const
calls=54 1091 
* 17928
* 570
cfi=(276) /usr/include/c++/13/bits/stl_vector.h
cfn=(3126) std::vector<int, std::allocator<int> >::operator[](unsigned long) const
calls=41 1145 
* 615
* 630
+2 90
cfi=(276)
cfn=(3126)
calls=15 1145 
* 225
* 75
+1 30
-5 60
cfi=(276)
cfn=(2948) std::vector<int, std::allocator<int> >::size() const
calls=15 992 
* 240
* 156
cfi=(276)
cfn=(2948)
calls=39 992 
* 624
* 42
cfi=(276)
cfn=(2948)
calls=14 992 
* 224
* 612
+9 70
+1 28

fn=(5432)
133 4
cfi=(211)
cfn=(5302) __gcov_exit
calls=1 0 
* 24
* 2

fn=(2870) MST_algo::execute[abi:cxx11](Graph const&) const
29 84
+1 18
cfi=(214)
cfn=(2636) Graph::get_num_vertices() const
calls=6 -9 
* 66
* 24
+2 12
fi=(239) /usr/include/c++/13/bits/allocator.h
184 12
fi=(238) /usr/include/c++/13/bits/new_allocator.h
-96 6
fi=(239)
+75 6
fe=(217)
40 48
cfi=(289)
cfn=(2874) std::vector<bool, std::allocator<bool> >::vector(unsigned long, bool const&, std::allocator<bool> const&)
calls=6 795 
* 4462
* 18
fi=(239)
184 18
cfi=(238)
cfn=(2916) std::__new_allocator<bool>::~__new_allocator()
calls=6 -80 
* 60
* 24
fe=(217)
41 18
cfi=(276)
cfn=(2918) std::vector<int, std::allocator<int> >::vector()
calls=6 531 
* 438
* 18
+1 36
cfi=(276)
cfn=(2926) std::vector<int, std::allocator<int> >::push_back(int&&)
calls=6 1298 
* 8410
* 18
+2 24
cfi=(289)
cfn=(2984) std::vector<bool, std::allocator<bool> >::operator[](unsigned long)
calls=6 1086 
* 1818
* 54
cfi=(289)
cfn=(2994) std::_Bit_reference::operator=(bool)
calls=6 +60 
* 162
* 18
+2 6
+2 63
cfi=(276)
cfn=(2978) std::vector<int, std::allocator<int> >::back()
calls=21 1233 
* 2940
* 105
+1 63
cfi=(276)
cfn=(3008) std::vector<int, std::allocator<int> >::pop_back()
calls=21 1322 
* 546
* 63
+1 126
cfi=(214)
cfn=(3010) Graph::get_weighted_neighbours(int) const
calls=21 253 
* 28425
* 168
cfi=(276)
cfn=(2706) std::vector<std::pair<int, int>, std::allocator<std::pair<int, int> > >::begin()
calls=21 873 
* 840
* 147
cfi=(276)
cfn=(2692) std::vector<std::pair<int, int>, std::allocator<std::pair<int, int> > >::end()
calls=21 893 
* 861
* 309
cfi=(277) /usr/include/c++/13/bits/stl_iterator.h
cfn=(2740) __gnu_cxx::__normal_iterator<std::pair<int, int>*, std::vector<std::pair<int, int>, std::allocator<std::pair<int, int> > > >::operator*() const
calls=34 1099 
* 374
* 136
+2 102
+1 204
cfi=(289)
cfn=(2984)
calls=34 1086 
* 10302
* 272
cfi=(289)
cfn=(3038) std::_Bit_reference::operator bool() const
calls=34 +46 
* 578
* 249
+2 90
cfi=(289)
cfn=(2984)
calls=15 1086 
* 4545
* 135
cfi=(289)
cfn=(2994)
calls=15 +49 
* 405
* 45
+1 75
cfi=(276)
cfn=(3040) std::vector<int, std::allocator<int> >::push_back(int const&)
calls=15 1281 
* 4175
* 45
-6 45
cfi=(277)
cfn=(3046) __gnu_cxx::__normal_iterator<std::pair<int, int>*, std::vector<std::pair<int, int>, std::allocator<std::pair<int, int> > > >::operator++()
calls=15 1109 
* 225
* 57
cfi=(277)
cfn=(3046)
calls=19 1109 
* 285
* 272
cfi=(277)
cfn=(3036) bool __gnu_cxx::operator!=<std::pair<int, int>*, std::vector<std::pair<int, int>, std::allocator<std::pair<int, int> > > >(__gnu_cxx::__normal_iterator<std::pair<int, int>*, std::vector<std::pair<int, int>, std::allocator<std::pair<int, int> > > > const&, __gnu_cxx::__normal_iterator<std::pair<int, int>*, std::vector<std::pair<int, int>, std::allocator<std::pair<int, int> > > > const&)
calls=34 1241 
* 1700
* 105
cfi=(277)
cfn=(3036)
calls=21 1241 
* 1050
* 275
+8 63
cfi=(276)
cfn=(3048) std::vector<std::pair<int, int>, std::allocator<std::pair<int, int> > >::~vector()
calls=21 733 
* 6258
* 63
-12 63
cfi=(276)
cfn=(2996) std::vector<int, std::allocator<int> >::empty() const
calls=21 1088 
* 3612
* 18
cfi=(276)
cfn=(2996)
calls=6 1088 
* 1032
* 162
+14 96
+2 132
cfi=(289)
cfn=(2984)
calls=22 1086 
* 6666
* 176
cfi=(289)
cfn=(3038)
calls=22 +37 
* 374
* 134
fi=(238)
+26 4
fi=(239)
+75 1
fe=(217)
-99 6
cfi=(228) /usr/include/c++/13/bits/basic_string.h
cfn=(1362) std::__cxx11::basic_string<char, std::char_traits<char>, std::allocator<char> >::basic_string<std::allocator<char> >(char const*, std::allocator<char> const&)
calls=1 641 
* 372
* 3
fi=(239)
184 3
cfi=(238)
cfn=(1430) std::__new_allocator<char>::~__new_allocator()
calls=1 -80 
* 10
* 5
fe=(217)
60 112
fi=(238)
+28 5
fi=(239)
+75 5
fe=(217)
-93 35
cfi=(276)
cfn=(3062) std::vector<int, std::allocator<int> >::vector(unsigned long, std::allocator<int> const&)
calls=5 556 
* 3470
* 15
fi=(239)
184 15
cfi=(238)
cfn=(3066) std::__new_allocator<int>::~__new_allocator()
calls=5 -80 
* 50
* 30
fi=(238)
-96 5
fi=(239)
+75 5
fe=(217)
-90 40
cfi=(276)
cfn=(3098) std::vector<int, std::allocator<int> >::vector(unsigned long, int const&, std::allocator<int> const&)
calls=5 569 
* 3400
* 15
fi=(239)
184 15
cfi=(238)
cfn=(3066)
calls=5 -80 
* 50
* 30
fi=(238)
-96 5
fi=(239)
+75 5
fe=(217)
-87 40
cfi=(289)
cfn=(2874)
calls=5 795 
* 3742
* 15
fi=(239)
184 15
cfi=(238)
cfn=(2916)
calls=5 -80 
* 50
* 20
fe=(217)
79 20
cfi=(276)
cfn=(3108) std::vector<int, std::allocator<int> >::operator[](unsigned long)
calls=5 1126 
* 75
* 20
+1 20
cfi=(276)
cfn=(3108)
calls=5 1126 
* 75
* 5
+3 67
+2 70
cfn=(3110)
calls=14 -76 
* 22725
* 56
+2 28
+6 84
cfi=(289)
cfn=(2984)
calls=14 1086 
* 4242
* 126
cfi=(289)
cfn=(2994)
calls=14 +11 
* 378
* 42
+3 84
cfi=(214)
cfn=(3010)
calls=14 253 
* 18360
* 112
cfi=(276)
cfn=(2706)
calls=14 873 
* 560
* 98
cfi=(276)
cfn=(2692)
calls=14 893 
* 574
* 220
cfi=(277)
cfn=(2740)
calls=25 1099 
* 275
* 100
+2 75
+1 75
+2 150
cfi=(289)
cfn=(2984)
calls=25 1086 
* 7575
* 200
cfi=(289)
cfn=(3038)
calls=25 -2 
* 425
* 246
cfi=(276)
cfn=(3108)
calls=16 1126 
* 240
* 306
+2 105
cfi=(276)
cfn=(3108)
calls=15 1126 
* 225
* 60
+1 105
cfi=(276)
cfn=(3108)
calls=15 1126 
* 225
* 60
-8 45
cfi=(277)
cfn=(3046)
calls=15 1109 
* 225
* 30
cfi=(277)
cfn=(3046)
calls=10 1109 
* 150
* 200
cfi=(277)
cfn=(3036)
calls=25 1241 
* 1250
* 70
cfi=(277)
cfn=(3036)
calls=14 1241 
* 700
* 195
+10 42
cfi=(276)
cfn=(3048)
calls=14 733 
* 4116
* 42
-23 90
+26 30
cfi=(214)
cfn=(2306) Graph::Graph(int, bool)
calls=5 9 
* 10308
* 20
+3 52
+2 84
cfi=(276)
cfn=(3108)
calls=14 1126 
* 210
* 70
+2 14
+1 84
cfi=(214)
cfn=(3010)
calls=14 253 
* 18262
* 112
cfi=(276)
cfn=(2706)
calls=14 873 
* 560
* 98
cfi=(276)
cfn=(2692)
calls=14 893 
* 574
* 208
cfi=(277)
cfn=(2740)
calls=23 1099 
* 253
* 92
+2 92
+2 84
+1 14
-5 27
cfi=(277)
cfn=(3046)
calls=9 1109 
* 135
* 72
cfi=(277)
cfn=(3036)
calls=9 1241 
* 450
* 70
cfi=(277)
cfn=(3036)
calls=14 1241 
* 700
* 115
+7 42
cfi=(276)
cfn=(3048)
calls=14 733 
* 4116
* 42
+1 70
+1 84
cfi=(214)
cfn=(2674) Graph::add_edge(int, int, int)
calls=14 -85 
* 57010
-14 113
+18 15
cob=(4)
cfi=(175)
cfn=(3128)
calls=5 0 
* 2810
* 20
+1 25
cfi=(214)
cfn=(3132) operator<<(std::ostream&, Graph const&)
calls=5 284 
* 66937
* 15
+1 25
cob=(4)
cfi=(175)
cfn=(3164)
calls=5 0 
* 1554
* 25
+1 15
cob=(4)
cfi=(175)
cfn=(3168)
calls=5 0 
* 1085
* 30
cfi=(290) /home/ilya/Final_Project_OS/Part_7/Algorithms/../../Part_1/Graph.hpp
cfn=(3172) Graph::~Graph()
calls=5 6 
* 8331
* 30
cfi=(289)
cfn=(3200) std::vector<bool, std::allocator<bool> >::~vector()
calls=5 890 
* 2090
* 30
cfi=(276)
cfn=(3216) std::vector<int, std::allocator<int> >::~vector()
calls=5 733 
* 1470
* 30
cfi=(276)
cfn=(3216)
calls=5 733 
* 1470
* 30
cfi=(276)
cfn=(3216)
calls=5 733 
* 1571
* 3
cfi=(276)
cfn=(3216)
calls=1 733 
* 315
* 36
cfi=(289)
cfn=(3200)
calls=6 890 
* 2634
* 60

fn=(1324)
133 6
cfi=(211)
cfn=(1316) __gcov_init
calls=1 0 
* 23
* 2

fl=(295) /home/ilya/Final_Project_OS/Part_7/Algorithms/MaxClique.hpp
fn=(3450) MaxClique_algo::MaxClique_algo()
7 44
cfi=(288) /home/ilya/Final_Project_OS/Part_7/Algorithms/Algorithms.hpp
cfn=(2786) Algorithms::Algorithms()
calls=4 -2 
* 52
* 36

fn=(3858) MaxClique_algo::~MaxClique_algo()
7 44
cfn=(3859) MaxClique_algo::~MaxClique_algo()'2
calls=4 * 
* 132
* 28
cob=(4)
cfi=(175)
cfn=(2092)
calls=4 -7 
* 380
* 20

fn=(3859)
7 56
cfi=(288)
cfn=(3264) Algorithms::~Algorithms()
calls=4 +10 
* 52
* 24

fl=(258) /usr/include/c++/13/bits/hashtable_policy.h
fn=(1658) std::__detail::_Hashtable_ebo_helper<0, std::equal_to<int>, true>::_Hashtable_ebo_helper()
1218 40

fn=(1746) std::__detail::_Hashtable_hash_traits<std::hash<std::__cxx11::basic_string<char, std::char_traits<char>, std::allocator<char> > > >::__small_size_threshold()
297 312
+1 156

fn=(1754) std::__detail::_Node_iterator_base<std::__cxx11::basic_string<char, std::char_traits<char>, std::allocator<char> >, true>::_Node_iterator_base(std::__detail::_Hash_node<std::__cxx11::basic_string<char, std::char_traits<char>, std::allocator<char> >, true>*)
393 1976
+1 1482

fn=(1764) std::__detail::_Hashtable_ebo_helper<1, std::hash<std::__cxx11::basic_string<char, std::char_traits<char>, std::allocator<char> > >, true>::_M_cget() const
1225 50

fn=(1786) std::__detail::_Mod_range_hashing::operator()(unsigned long, unsigned long) const
526 5364
+2 3576

fn=(1792) std::__detail::_Hash_node<std::__cxx11::basic_string<char, std::char_traits<char>, std::allocator<char> >, true>* std::__detail::_AllocNode<std::allocator<std::__detail::_Hash_node<std::__cxx11::basic_string<char, std::char_traits<char>, std::allocator<char> >, true> > >::operator()<std::__cxx11::basic_string<char, std::char_traits<char>, std::allocator<char> > >(std::__cxx11::basic_string<char, std::char_traits<char>, std::allocator<char> >&&) const
247 50
+1 25
cfi=(260) /usr/include/c++/13/bits/move.h
cfn=(1788) std::__cxx11::basic_string<char, std::char_traits<char>, std::allocator<char> >&& std::forward<std::__cxx11::basic_string<char, std::char_traits<char>, std::allocator<char> > >(std::remove_reference<std::__cxx11::basic_string<char, std::char_traits<char>, std::allocator<char> > >::type&)
calls=5 70 
* 50
* 30
cfn=(1794) std::__detail::_Hash_node<std::__cxx11::basic_string<char, std::char_traits<char>, std::allocator<char> >, true>* std::__detail::_Hashtable_alloc<std::allocator<std::__detail::_Hash_node<std::__cxx11::basic_string<char, std::char_traits<char>, std::allocator<char> >, true> > >::_M_allocate_node<std::__cxx11::basic_string<char, std::char_traits<char>, std::allocator<char> > >(std::__cxx11::basic_string<char, std::char_traits<char>, std::allocator<char> >&&)
calls=5 1987 
* 2830
* 45

fn=(2280) std::__detail::_Hashtable_base<int, std::pair<int const, bool>, std::__detail::_Select1st, std::equal_to<int>, std::hash<int>, std::__detail::_Mod_range_hashing, std::__detail::_Default_ranged_hash, std::__detail::_Hashtable_traits<false, false, true> >::_M_equals(int const&, unsigned long, std::__detail::_Hash_node_value<std::pair<int const, bool>, false> const&) const
1732 2970
+2 1350
cfn=(2282) std::__detail::_Hashtable_base<int, std::pair<int const, bool>, std::__detail::_Select1st, std::equal_to<int>, std::hash<int>, std::__detail::_Mod_range_hashing, std::__detail::_Default_ranged_hash, std::__detail::_Hashtable_traits<false, false, true> >::_S_equals(unsigned long, std::__detail::_Hash_node_code_cache<false> const&)
calls=270 -51 
* 2970
* 2970
cfn=(2284) std::__detail::_Hashtable_base<int, std::pair<int const, bool>, std::__detail::_Select1st, std::equal_to<int>, std::hash<int>, std::__detail::_Mod_range_hashing, std::__detail::_Default_ranged_hash, std::__detail::_Hashtable_traits<false, false, true> >::_M_key_equals(int const&, std::__detail::_Hash_node_value<std::pair<int const, bool>, false> const&) const
calls=270 -26 
* 43740
* 3510

fn=(2282)
1683 2160
+1 810

fn=(2454) std::__detail::_Hashtable_alloc<std::allocator<std::__detail::_Hash_node<std::pair<int const, std::unique_ptr<Graph, std::default_delete<Graph> > >, false> > >::_M_allocate_buckets(unsigned long)
2039 13
+3 3
cfn=(2418) std::__detail::_Hashtable_alloc<std::allocator<std::__detail::_Hash_node<std::pair<int const, std::unique_ptr<Graph, std::default_delete<Graph> > >, false> > >::_M_node_allocator()
calls=1 -92 
* 29
* 6
fi=(238)
88 1
fi=(239)
+90 3
fi=(263) /usr/include/c++/13/bits/alloc_traits.h
482 6
cfi=(238)
cfn=(1844) std::__new_allocator<std::__detail::_Hash_node_base*>::allocate(unsigned long, void const*)
calls=1 126 
* 242
* 4
fe=(258)
2044 1
+1 3
cfi=(264) /usr/include/c++/13/bits/ptr_traits.h
cfn=(1848) std::__detail::_Hash_node_base** std::__to_address<std::__detail::_Hash_node_base*>(std::__detail::_Hash_node_base**)
calls=1 212 
* 10
* 4
+1 6
cob=(4)
cfi=(175)
cfn=(1434)
calls=1 0 
* 21
+1 1
fi=(239)
184 3
cfi=(238)
cfn=(1850) std::__new_allocator<std::__detail::_Hash_node_base*>::~__new_allocator()
calls=1 -80 
* 10
* 4
fe=(258)
2047 1
+1 6

fn=(4404) std::__detail::_Hash_code_base<int, std::pair<int const, std::unique_ptr<Graph, std::default_delete<Graph> > >, std::__detail::_Select1st, std::hash<int>, std::__detail::_Mod_range_hashing, std::__detail::_Default_ranged_hash, false>::_M_bucket_index(std::__detail::_Hash_node_value<std::pair<int const, std::unique_ptr<Graph, std::default_delete<Graph> > >, false> const&, unsigned long) const
1335 13
+6 4
338 3
cfi=(266)
cfn=(2614)
calls=1 120 
* 29
* 5
+10 1
1341 4
cfn=(2618) std::__detail::_Select1st::__1st_type<std::pair<int const, std::unique_ptr<Graph, std::default_delete<Graph> > > const&>::type&& std::__detail::_Select1st::operator()<std::pair<int const, std::unique_ptr<Graph, std::default_delete<Graph> > > const&>(std::pair<int const, std::unique_ptr<Graph, std::default_delete<Graph> > > const&) const
calls=1 112 
* 29
* 8
cfn=(2402) std::__detail::_Hash_code_base<int, std::pair<int const, std::unique_ptr<Graph, std::default_delete<Graph> > >, std::__detail::_Select1st, std::hash<int>, std::__detail::_Mod_range_hashing, std::__detail::_Default_ranged_hash, false>::_M_hash_code(int const&) const
calls=1 -35 
* 70
* 9
cfn=(1786)
calls=1 526 
* 15
* 1
+1 5
+1 5

fn=(5182) std::__detail::_Hashtable_alloc<std::allocator<std::__detail::_Hash_node<std::__cxx11::basic_string<char, std::char_traits<char>, std::allocator<char> >, true> > >::_M_deallocate_nodes(std::__detail::_Hash_node<std::__cxx11::basic_string<char, std::char_traits<char>, std::allocator<char> >, true>*)
2027 9
+2 16
+2 10
+1 15
cfn=(1898) std::__detail::_Hash_node<std::__cxx11::basic_string<char, std::char_traits<char>, std::allocator<char> >, true>::_M_next() const
calls=5 380 
* 55
* 20
+1 25
cfn=(5184) std::__detail::_Hashtable_alloc<std::allocator<std::__detail::_Hash_node<std::__cxx11::basic_string<char, std::char_traits<char>, std::allocator<char> >, true> > >::_M_deallocate_node(std::__detail::_Hash_node<std::__cxx11::basic_string<char, std::char_traits<char>, std::allocator<char> >, true>*)
calls=5 -24 
* 1775
-4 15
+6 3

fn=(1698) std::__detail::_Hashtable_ebo_helper<0, std::equal_to<std::__cxx11::basic_string<char, std::char_traits<char>, std::allocator<char> > >, true>::_Hashtable_ebo_helper<std::equal_to<std::__cxx11::basic_string<char, std::char_traits<char>, std::allocator<char> > > const&>(std::equal_to<std::__cxx11::basic_string<char, std::char_traits<char>, std::allocator<char> > > const&)
1221 9
+1 3
cfi=(260)
cfn=(1700) std::equal_to<std::__cxx11::basic_string<char, std::char_traits<char>, std::allocator<char> > > const& std::forward<std::equal_to<std::__cxx11::basic_string<char, std::char_traits<char>, std::allocator<char> > > const&>(std::remove_reference<std::equal_to<std::__cxx11::basic_string<char, std::char_traits<char>, std::allocator<char> > > const&>::type&)
calls=1 70 
* 10
* 3
+1 3

fn=(1796) std::__detail::_Hashtable_alloc<std::allocator<std::__detail::_Hash_node<std::__cxx11::basic_string<char, std::char_traits<char>, std::allocator<char> >, true> > >::_M_node_allocator()
1950 176
+1 66
cfn=(1798) std::__detail::_Hashtable_ebo_helper<0, std::allocator<std::__detail::_Hash_node<std::__cxx11::basic_string<char, std::char_traits<char>, std::allocator<char> >, true> >, true>::_M_get()
calls=22 1226 
* 220
* 176

fn=(1810) std::__detail::_Hash_node<std::__cxx11::basic_string<char, std::char_traits<char>, std::allocator<char> >, true>::_Hash_node()
375 55
cfn=(1664) std::__detail::_Hash_node_base::_Hash_node_base()
calls=5 -62 
* 60
* 30

fn=(1902) std::__detail::_Hash_code_base<std::__cxx11::basic_string<char, std::char_traits<char>, std::allocator<char> >, std::__cxx11::basic_string<char, std::char_traits<char>, std::allocator<char> >, std::__detail::_Identity, std::hash<std::__cxx11::basic_string<char, std::char_traits<char>, std::allocator<char> > >, std::__detail::_Mod_range_hashing, std::__detail::_Default_ranged_hash, true>::_M_bucket_index(std::__detail::_Hash_node_value<std::__cxx11::basic_string<char, std::char_traits<char>, std::allocator<char> >, true> const&, unsigned long) const
1346 39
+4 21
cfn=(1786)
calls=3 526 
* 45
* 33

fn=(2178) std::__detail::_Hash_code_base<int, std::pair<int const, bool>, std::__detail::_Select1st, std::hash<int>, std::__detail::_Mod_range_hashing, std::__detail::_Default_ranged_hash, false>::_M_hash_code(int const&) const
1306 2529
+4 843
cfn=(2180) std::__detail::_Hash_code_base<int, std::pair<int const, bool>, std::__detail::_Select1st, std::hash<int>, std::__detail::_Mod_range_hashing, std::__detail::_Default_ranged_hash, false>::_M_hash() const
calls=281 +65 
* 8149
* 2529
cfi=(262) /usr/include/c++/13/bits/functional_hash.h
cfn=(2184) std::hash<int>::operator()(int) const
calls=281 154 
* 3372
* 1686
+1 562

fn=(2428) std::__detail::_Hash_node<std::pair<int const, std::unique_ptr<Graph, std::default_delete<Graph> > >, false>::_Hash_node()
375 22
cfn=(1664)
calls=2 -62 
* 24
* 12

fn=(2474) std::__detail::_Node_iterator_base<std::pair<int const, std::unique_ptr<Graph, std::default_delete<Graph> > >, false>::_Node_iterator_base(std::__detail::_Hash_node<std::pair<int const, std::unique_ptr<Graph, std::default_delete<Graph> > >, false>*)
393 32
+1 24

fn=(2612) std::__detail::_Hashtable_base<int, std::pair<int const, std::unique_ptr<Graph, std::default_delete<Graph> > >, std::__detail::_Select1st, std::equal_to<int>, std::hash<int>, std::__detail::_Mod_range_hashing, std::__detail::_Default_ranged_hash, std::__detail::_Hashtable_traits<false, false, true> >::_M_eq() const
1760 3278
cfn=(2288) std::__detail::_Hashtable_ebo_helper<0, std::equal_to<int>, true>::_M_cget() const
calls=298 1225 
* 2980
* 2384

fn=(2776) std::__detail::_Hashtable_base<std::__cxx11::basic_string<char, std::char_traits<char>, std::allocator<char> >, std::__cxx11::basic_string<char, std::char_traits<char>, std::allocator<char> >, std::__detail::_Identity, std::equal_to<std::__cxx11::basic_string<char, std::char_traits<char>, std::allocator<char> > >, std::hash<std::__cxx11::basic_string<char, std::char_traits<char>, std::allocator<char> > >, std::__detail::_Mod_range_hashing, std::__detail::_Default_ranged_hash, std::__detail::_Hashtable_traits<true, true, true> >::_M_key_equals(std::__cxx11::basic_string<char, std::char_traits<char>, std::allocator<char> > const&, std::__detail::_Hash_node_value<std::__cxx11::basic_string<char, std::char_traits<char>, std::allocator<char> >, true> const&) const
1708 2212
+7 474
cfn=(1874) std::__detail::_Hashtable_base<std::__cxx11::basic_string<char, std::char_traits<char>, std::allocator<char> >, std::__cxx11::basic_string<char, std::char_traits<char>, std::allocator<char> >, std::__detail::_Identity, std::equal_to<std::__cxx11::basic_string<char, std::char_traits<char>, std::allocator<char> > >, std::hash<std::__cxx11::basic_string<char, std::char_traits<char>, std::allocator<char> > >, std::__detail::_Mod_range_hashing, std::__detail::_Default_ranged_hash, std::__detail::_Hashtable_traits<true, true, true> >::_M_eq() const
calls=158 +45 
* 4582
* 1264
338 474
cfi=(266)
cfn=(1878)
calls=158 120 
* 4582
* 790
+10 158
1715 632
cfn=(1882) std::__cxx11::basic_string<char, std::char_traits<char>, std::allocator<char> > const& std::__detail::_Identity::operator()<std::__cxx11::basic_string<char, std::char_traits<char>, std::allocator<char> > const&>(std::__cxx11::basic_string<char, std::char_traits<char>, std::allocator<char> > const&) const
calls=158 89 
* 4740
* 1264
cfi=(268) /usr/include/c++/13/bits/stl_function.h
cfn=(1886) std::equal_to<std::__cxx11::basic_string<char, std::char_traits<char>, std::allocator<char> > >::operator()(std::__cxx11::basic_string<char, std::char_traits<char>, std::allocator<char> > const&, std::__cxx11::basic_string<char, std::char_traits<char>, std::allocator<char> > const&) const
calls=158 377 
* 15624
* 948
+1 948

fn=(1652) std::__detail::_Hashtable_base<int, std::pair<int const, std::unique_ptr<Graph, std::default_delete<Graph> > >, std::__detail::_Select1st, std::equal_to<int>, std::hash<int>, std::__detail::_Mod_range_hashing, std::__detail::_Default_ranged_hash, std::__detail::_Hashtable_traits<false, false, true> >::_Hashtable_base()
1701 11
cfn=(1654) std::__detail::_Hash_code_base<int, std::pair<int const, std::unique_ptr<Graph, std::default_delete<Graph> > >, std::__detail::_Select1st, std::hash<int>, std::__detail::_Mod_range_hashing, std::__detail::_Default_ranged_hash, false>::_Hash_code_base()
calls=1 1301 
* 27
* 6
cfn=(1658)
calls=1 1218 
* 10
* 6

fn=(1694) std::__detail::_Hashtable_ebo_helper<1, std::hash<std::__cxx11::basic_string<char, std::char_traits<char>, std::allocator<char> > >, true>::_Hashtable_ebo_helper<std::hash<std::__cxx11::basic_string<char, std::char_traits<char>, std::allocator<char> > > const&>(std::hash<std::__cxx11::basic_string<char, std::char_traits<char>, std::allocator<char> > > const&)
1221 9
+1 3
cfi=(260)
cfn=(1696) std::hash<std::__cxx11::basic_string<char, std::char_traits<char>, std::allocator<char> > > const& std::forward<std::hash<std::__cxx11::basic_string<char, std::char_traits<char>, std::allocator<char> > > const&>(std::remove_reference<std::hash<std::__cxx11::basic_string<char, std::char_traits<char>, std::allocator<char> > > const&>::type&)
calls=1 70 
* 10
* 3
+1 3

fn=(1720) std::__detail::_Insert_base<std::__cxx11::basic_string<char, std::char_traits<char>, std::allocator<char> >, std::__cxx11::basic_string<char, std::char_traits<char>, std::allocator<char> >, std::allocator<std::__cxx11::basic_string<char, std::char_traits<char>, std::allocator<char> > >, std::__detail::_Identity, std::equal_to<std::__cxx11::basic_string<char, std::char_traits<char>, std::allocator<char> > >, std::hash<std::__cxx11::basic_string<char, std::char_traits<char>, std::allocator<char> > >, std::__detail::_Mod_range_hashing, std::__detail::_Default_ranged_hash, std::__detail::_Prime_rehash_policy, std::__detail::_Hashtable_traits<true, true, true> >::_M_conjure_hashtable()
903 14
+1 6

fn=(1876) std::__detail::_Hashtable_ebo_helper<0, std::equal_to<std::__cxx11::basic_string<char, std::char_traits<char>, std::allocator<char> > >, true>::_M_cget() const
1225 1680

fn=(2188) std::__detail::_Hash_code_base<int, std::pair<int const, bool>, std::__detail::_Select1st, std::hash<int>, std::__detail::_Mod_range_hashing, std::__detail::_Default_ranged_hash, false>::_M_bucket_index(unsigned long, unsigned long) const
1331 3653
+1 1686
cfn=(1786)
calls=281 526 
* 4215
* 3091

fn=(2208) std::__detail::_Hash_node<std::pair<int const, bool>, false>* std::__detail::_Hashtable_alloc<std::allocator<std::__detail::_Hash_node<std::pair<int const, bool>, false> > >::_M_allocate_node<std::piecewise_construct_t const&, std::tuple<int const&>, std::tuple<> >(std::piecewise_construct_t const&, std::tuple<int const&>&&, std::tuple<>&&)
1987 108
+3 18
cfn=(2210) std::__detail::_Hashtable_alloc<std::allocator<std::__detail::_Hash_node<std::pair<int const, bool>, false> > >::_M_node_allocator()
calls=6 -40 
* 174
* 30
fi=(263)
482 36
cfi=(238)
cfn=(2214) std::__new_allocator<std::__detail::_Hash_node<std::pair<int const, bool>, false> >::allocate(unsigned long, void const*)
calls=6 126 
* 1017
* 24
fe=(258)
1990 6
+1 18
cfi=(264)
cfn=(2218) std::__detail::_Hash_node<std::pair<int const, bool>, false>* std::__to_address<std::__detail::_Hash_node<std::pair<int const, bool>, false> >(std::__detail::_Hash_node<std::pair<int const, bool>, false>*)
calls=6 212 
* 60
* 24
+3 24
cfi=(265) /usr/include/c++/13/new
cfn=(1808) operator new(unsigned long, void*)
calls=6 175 
* 66
* 30
cfn=(2220) std::__detail::_Hash_node<std::pair<int const, bool>, false>::_Hash_node()
calls=6 375 
* 174
* 18
+1 18
cfi=(260)
cfn=(2202) std::tuple<>&& std::forward<std::tuple<> >(std::remove_reference<std::tuple<> >::type&)
calls=6 70 
* 60
* 42
cfi=(260)
cfn=(2204) std::tuple<int const&>&& std::forward<std::tuple<int const&> >(std::remove_reference<std::tuple<int const&> >::type&)
calls=6 70 
* 60
* 42
cfi=(260)
cfn=(2206) std::piecewise_construct_t const& std::forward<std::piecewise_construct_t const&>(std::remove_reference<std::piecewise_construct_t const&>::type&)
calls=6 70 
* 60
* 42
333 18
cfi=(266)
cfn=(2222)
calls=6 116 
* 174
* 30
1995 18
cfn=(2210)
calls=6 -45 
* 174
* 48
fi=(263)
538 18
cfi=(260)
cfn=(2202)
calls=6 70 
* 60
* 42
cfi=(260)
cfn=(2204)
calls=6 70 
* 60
* 42
cfi=(260)
cfn=(2206)
calls=6 70 
* 60
* 60
fi=(238)
191 24
cfi=(265)
cfn=(1808)
calls=6 -16 
* 66
* 48
cfi=(260)
cfn=(2202)
calls=6 70 
* 60
* 36
cfi=(260)
cfn=(2204)
calls=6 70 
* 60
* 48
cfi=(281) /usr/include/c++/13/tuple
cfn=(2228) std::tuple<int const&>::tuple(std::tuple<int const&>&&)
calls=6 903 
* 210
* 36
cfi=(260)
cfn=(2206)
calls=6 70 
* 60
* 42
cfi=(281)
cfn=(2232) std::pair<int const, bool>::pair<int const&>(std::piecewise_construct_t, std::tuple<int const&>, std::tuple<>)
calls=6 2252 
* 768
* 24
fi=(263)
542 6
fe=(258)
1998 6
+7 60

fn=(2212) std::__detail::_Hashtable_ebo_helper<0, std::allocator<std::__detail::_Hash_node<std::pair<int const, bool>, false> >, true>::_M_get()
1226 300

fn=(2284)
1708 3780
+7 810
cfn=(2286) std::__detail::_Hashtable_base<int, std::pair<int const, bool>, std::__detail::_Select1st, std::equal_to<int>, std::hash<int>, std::__detail::_Mod_range_hashing, std::__detail::_Default_ranged_hash, std::__detail::_Hashtable_traits<false, false, true> >::_M_eq() const
calls=270 +45 
* 7830
* 2160
338 810
cfi=(266)
cfn=(2290)
calls=270 120 
* 7830
* 1350
+10 270
1715 1080
cfn=(2294) std::__detail::_Select1st::__1st_type<std::pair<int const, bool> const&>::type&& std::__detail::_Select1st::operator()<std::pair<int const, bool> const&>(std::pair<int const, bool> const&) const
calls=270 112 
* 7830
* 2160
cfi=(268)
cfn=(2298) std::equal_to<int>::operator()(int const&, int const&) const
calls=270 377 
* 4590
* 1620
+1 1620

fn=(2288)
1225 5680

fn=(4382) std::__detail::_Hashtable_hash_traits<std::hash<int> >::__small_size_threshold()
297 54
+1 27

fn=(5184)
2009 50
+2 15
333 15
cfi=(266)
cfn=(1812)
calls=5 116 
* 145
* 25
2011 15
cfn=(1796)
calls=5 -61 
* 145
* 45
fi=(238)
198 15
cob=(4)
cfi=(175)
cfn=(1426)
calls=5 0 
* 40
* 5
fi=(263)
562 20
fe=(258)
2012 25
cfn=(5188) std::__detail::_Hashtable_alloc<std::allocator<std::__detail::_Hash_node<std::__cxx11::basic_string<char, std::char_traits<char>, std::allocator<char> >, true> > >::_M_deallocate_node_ptr(std::__detail::_Hash_node<std::__cxx11::basic_string<char, std::char_traits<char>, std::allocator<char> >, true>*)
calls=5 +5 
* 1180
* 15
+1 20

fn=(5250) std::__detail::_Hashtable_alloc<std::allocator<std::__detail::_Hash_node<std::pair<int const, std::unique_ptr<Graph, std::default_delete<Graph> > >, false> > >::_M_deallocate_buckets(std::__detail::_Hash_node_base**, unsigned long)
2052 13
+5 3
cfi=(264)
cfn=(5202) std::__ptr_traits_ptr_to<std::__detail::_Hash_node_base**, std::__detail::_Hash_node_base*, false>::pointer_to(std::__detail::_Hash_node_base*&)
calls=1 141 
* 48
* 4
+1 3
cfn=(2418)
calls=1 1950 
* 29
* 3
fi=(238)
88 4
fi=(239)
+90 5
fi=(263)
517 6
cfi=(238)
cfn=(5208) std::__new_allocator<std::__detail::_Hash_node_base*>::deallocate(std::__detail::_Hash_node_base**, unsigned long)
calls=1 156 
* 135
* 4
fi=(239)
184 3
cfi=(238)
cfn=(1850)
calls=1 -80 
* 10
* 4
fe=(258)
2060 6

fn=(1666) std::__detail::_Prime_rehash_policy::_Prime_rehash_policy(float)
544 40
+1 40

fn=(1678) std::__detail::_Hashtable_ebo_helper<0, std::allocator<std::__detail::_Hash_node<std::pair<int const, bool>, false> >, true>::_Hashtable_ebo_helper()
1218 33
fi=(238)
88 3
fi=(239)
+75 3
fe=(258)
1218 9

fn=(1724) void std::__detail::_Insert_base<std::__cxx11::basic_string<char, std::char_traits<char>, std::allocator<char> >, std::__cxx11::basic_string<char, std::char_traits<char>, std::allocator<char> >, std::allocator<std::__cxx11::basic_string<char, std::char_traits<char>, std::allocator<char> > >, std::__detail::_Identity, std::equal_to<std::__cxx11::basic_string<char, std::char_traits<char>, std::allocator<char> > >, std::hash<std::__cxx11::basic_string<char, std::char_traits<char>, std::allocator<char> > >, std::__detail::_Mod_range_hashing, std::__detail::_Default_ranged_hash, std::__detail::_Prime_rehash_policy, std::__detail::_Hashtable_traits<true, true, true> >::_M_insert_range<char const* const*, std::__detail::_AllocNode<std::allocator<std::__detail::_Hash_node<std::__cxx11::basic_string<char, std::char_traits<char>, std::allocator<char> >, true> > > >(char const* const*, char const* const*, std::__detail::_AllocNode<std::allocator<std::__detail::_Hash_node<std::__cxx11::basic_string<char, std::char_traits<char>, std::allocator<char> >, true> > > const&, std::integral_constant<bool, true>)
986 11
+6 3
cfn=(1720)
calls=1 -89 
* 10
* 1
+1 20
+1 30
cfi=(257) /usr/include/c++/13/bits/hashtable.h
cfn=(1726) std::pair<std::__detail::_Node_iterator<std::__cxx11::basic_string<char, std::char_traits<char>, std::allocator<char> >, true, true>, bool> std::_Hashtable<std::__cxx11::basic_string<char, std::char_traits<char>, std::allocator<char> >, std::__cxx11::basic_string<char, std::char_traits<char>, std::allocator<char> >, std::allocator<std::__cxx11::basic_string<char, std::char_traits<char>, std::allocator<char> > >, std::__detail::_Identity, std::equal_to<std::__cxx11::basic_string<char, std::char_traits<char>, std::allocator<char> > >, std::hash<std::__cxx11::basic_string<char, std::char_traits<char>, std::allocator<char> > >, std::__detail::_Mod_range_hashing, std::__detail::_Default_ranged_hash, std::__detail::_Prime_rehash_policy, std::__detail::_Hashtable_traits<true, true, true> >::_M_insert<char const* const&, std::__detail::_AllocNode<std::allocator<std::__detail::_Hash_node<std::__cxx11::basic_string<char, std::char_traits<char>, std::allocator<char> >, true> > > >(char const* const&, std::__detail::_AllocNode<std::allocator<std::__detail::_Hash_node<std::__cxx11::basic_string<char, std::char_traits<char>, std::allocator<char> >, true> > > const&, std::integral_constant<bool, true>)
calls=5 -83 
* 16403
* 15
-1 23
+2 4

fn=(1752) std::__detail::_Node_iterator<std::__cxx11::basic_string<char, std::char_traits<char>, std::allocator<char> >, true, true>::_Node_iterator(std::__detail::_Hash_node<std::__cxx11::basic_string<char, std::char_traits<char>, std::allocator<char> >, true>*)
436 225
+1 125
cfn=(1754)
calls=25 -44 
* 350
* 150

fn=(1760) unsigned long std::__detail::_Hash_code_base<std::__cxx11::basic_string<char, std::char_traits<char>, std::allocator<char> >, std::__cxx11::basic_string<char, std::char_traits<char>, std::allocator<char> >, std::__detail::_Identity, std::hash<std::__cxx11::basic_string<char, std::char_traits<char>, std::allocator<char> > >, std::__detail::_Mod_range_hashing, std::__detail::_Default_ranged_hash, true>::_M_hash_code_tr<std::__cxx11::basic_string<char, std::char_traits<char>, std::allocator<char> > >(std::__cxx11::basic_string<char, std::char_traits<char>, std::allocator<char> > const&) const
1315 45
+4 15
cfn=(1762) std::__detail::_Hash_code_base<std::__cxx11::basic_string<char, std::char_traits<char>, std::allocator<char> >, std::__cxx11::basic_string<char, std::char_traits<char>, std::allocator<char> >, std::__detail::_Identity, std::hash<std::__cxx11::basic_string<char, std::char_traits<char>, std::allocator<char> > >, std::__detail::_Mod_range_hashing, std::__detail::_Default_ranged_hash, true>::_M_hash() const
calls=5 +56 
* 145
* 40
cfi=(228)
cfn=(1766) std::__str_hash_base<char, std::allocator<char>, std::__cxx11::basic_string<char, std::char_traits<char>, std::allocator<char> > >::operator()(std::__cxx11::basic_string<char, std::char_traits<char>, std::allocator<char> > const&) const
calls=5 4407 
* 641
* 30
+1 10

fn=(1798)
1226 220

fn=(1894) std::__detail::_Node_iterator<std::__cxx11::basic_string<char, std::char_traits<char>, std::allocator<char> >, true, true>::operator++()
448 80
+2 30
cfn=(1896) std::__detail::_Node_iterator_base<std::__cxx11::basic_string<char, std::char_traits<char>, std::allocator<char> >, true>::_M_incr()
calls=10 -53 
* 310
* 30
+1 10
+1 20

fn=(2182) std::__detail::_Hashtable_ebo_helper<1, std::hash<int>, true>::_M_cget() const
1225 5830

fn=(2210)
1950 240
+1 90
cfn=(2212)
calls=30 1226 
* 300
* 240

fn=(2220)
375 66
cfn=(1664)
calls=6 -62 
* 72
* 36

fn=(2268) std::__detail::_Hash_code_base<int, std::pair<int const, bool>, std::__detail::_Select1st, std::hash<int>, std::__detail::_Mod_range_hashing, std::__detail::_Default_ranged_hash, false>::_M_store_code(std::__detail::_Hash_node_code_cache<false>&, unsigned long) const
1353 54
+1 18

fn=(2294)
112 2457
+1 819
cfi=(260)
cfn=(2296) std::pair<int const, bool> const& std::forward<std::pair<int const, bool> const&>(std::remove_reference<std::pair<int const, bool> const&>::type&)
calls=273 -43 
* 2730
* 1911

fn=(2400) std::__detail::_Map_base<int, std::pair<int const, std::unique_ptr<Graph, std::default_delete<Graph> > >, std::allocator<std::pair<int const, std::unique_ptr<Graph, std::default_delete<Graph> > > >, std::__detail::_Select1st, std::equal_to<int>, std::hash<int>, std::__detail::_Mod_range_hashing, std::__detail::_Default_ranged_hash, std::__detail::_Prime_rehash_policy, std::__detail::_Hashtable_traits<false, false, true>, true>::operator[](int const&)
807 3874
+5 596
+1 1490
cfn=(2402)
calls=298 1306 
* 20860
* 1192
+1 1490
cfi=(257)
cfn=(2406) std::_Hashtable<int, std::pair<int const, std::unique_ptr<Graph, std::default_delete<Graph> > >, std::allocator<std::pair<int const, std::unique_ptr<Graph, std::default_delete<Graph> > > >, std::__detail::_Select1st, std::equal_to<int>, std::hash<int>, std::__detail::_Mod_range_hashing, std::__detail::_Default_ranged_hash, std::__detail::_Prime_rehash_policy, std::__detail::_Hashtable_traits<false, false, true> >::_M_bucket_index(unsigned long) const
calls=298 -18 
* 20562
* 1192
+1 1788
cfi=(257)
cfn=(2410) std::_Hashtable<int, std::pair<int const, std::unique_ptr<Graph, std::default_delete<Graph> > >, std::allocator<std::pair<int const, std::unique_ptr<Graph, std::default_delete<Graph> > > >, std::__detail::_Select1st, std::equal_to<int>, std::hash<int>, std::__detail::_Mod_range_hashing, std::__detail::_Default_ranged_hash, std::__detail::_Prime_rehash_policy, std::__detail::_Hashtable_traits<false, false, true> >::_M_find_node(unsigned long, int const&, unsigned long) const
calls=298 -3 
* 85060
* 3270
+1 1480
333 888
cfi=(266)
cfn=(2430)
calls=296 116 
* 8584
* 1184
+10 296
816 592
+2 2
+3 10
cfi=(281)
cfn=(2194) std::tuple<int const&>::tuple<true, true>(int const&)
calls=2 +53 
* 108
* 6
-3 18
cfi=(257)
cfn=(2414) std::_Hashtable<int, std::pair<int const, std::unique_ptr<Graph, std::default_delete<Graph> > >, std::allocator<std::pair<int const, std::unique_ptr<Graph, std::default_delete<Graph> > > >, std::__detail::_Select1st, std::equal_to<int>, std::hash<int>, std::__detail::_Mod_range_hashing, std::__detail::_Default_ranged_hash, std::__detail::_Prime_rehash_policy, std::__detail::_Hashtable_traits<false, false, true> >::_Scoped_node::_Scoped_node<std::piecewise_construct_t const&, std::tuple<int const&>, std::tuple<> >(std::__detail::_Hashtable_alloc<std::allocator<std::__detail::_Hash_node<std::pair<int const, std::unique_ptr<Graph, std::default_delete<Graph> > >, false> > >*, std::piecewise_construct_t const&, std::tuple<int const&>&&, std::tuple<>&&)
calls=2 305 
* 1955
* 6
+7 14
cfi=(257)
cfn=(2446) std::_Hashtable<int, std::pair<int const, std::unique_ptr<Graph, std::default_delete<Graph> > >, std::allocator<std::pair<int const, std::unique_ptr<Graph, std::default_delete<Graph> > > >, std::__detail::_Select1st, std::equal_to<int>, std::hash<int>, std::__detail::_Mod_range_hashing, std::__detail::_Default_ranged_hash, std::__detail::_Prime_rehash_policy, std::__detail::_Hashtable_traits<false, false, true> >::_M_insert_unique_node(unsigned long, unsigned long, std::__detail::_Hash_node<std::pair<int const, std::unique_ptr<Graph, std::default_delete<Graph> > >, false>*, unsigned long)
calls=2 2166 
* 1386
* 8
+1 2
+1 6
cfn=(2476) std::__detail::_Node_iterator<std::pair<int const, std::unique_ptr<Graph, std::default_delete<Graph> > >, false, false>::operator->() const
calls=2 444 
* 104
* 8
+1 6
cfi=(257)
cfn=(2478) std::_Hashtable<int, std::pair<int const, std::unique_ptr<Graph, std::default_delete<Graph> > >, std::allocator<std::pair<int const, std::unique_ptr<Graph, std::default_delete<Graph> > > >, std::__detail::_Select1st, std::equal_to<int>, std::hash<int>, std::__detail::_Mod_range_hashing, std::__detail::_Default_ranged_hash, std::__detail::_Prime_rehash_policy, std::__detail::_Hashtable_traits<false, false, true> >::_Scoped_node::~_Scoped_node()
calls=2 311 
* 30
* 2980

fn=(2404) std::__detail::_Hash_code_base<int, std::pair<int const, std::unique_ptr<Graph, std::default_delete<Graph> > >, std::__detail::_Select1st, std::hash<int>, std::__detail::_Mod_range_hashing, std::__detail::_Default_ranged_hash, false>::_M_hash() const
1375 3322
cfn=(2182)
calls=302 1225 
* 3020
* 2416

fn=(2608) std::__detail::_Hashtable_base<int, std::pair<int const, std::unique_ptr<Graph, std::default_delete<Graph> > >, std::__detail::_Select1st, std::equal_to<int>, std::hash<int>, std::__detail::_Mod_range_hashing, std::__detail::_Default_ranged_hash, std::__detail::_Hashtable_traits<false, false, true> >::_S_equals(unsigned long, std::__detail::_Hash_node_code_cache<false> const&)
1683 2384
+1 894

fn=(4398) std::__detail::_Hash_code_base<int, std::pair<int const, bool>, std::__detail::_Select1st, std::hash<int>, std::__detail::_Mod_range_hashing, std::__detail::_Default_ranged_hash, false>::_M_bucket_index(std::__detail::_Hash_node_value<std::pair<int const, bool>, false> const&, unsigned long) const
1335 39
+6 12
338 9
cfi=(266)
cfn=(2290)
calls=3 120 
* 87
* 15
+10 3
1341 12
cfn=(2294)
calls=3 112 
* 87
* 24
cfn=(2178)
calls=3 -35 
* 210
* 27
cfn=(1786)
calls=3 526 
* 45
* 3
+1 15
+1 15

fn=(5236) std::__detail::_Hashtable_ebo_helper<0, std::allocator<std::__detail::_Hash_node<std::pair<int const, bool>, false> >, true>::~_Hashtable_ebo_helper()
1215 30
fi=(239)
184 9
cfi=(238)
cfn=(5238) std::__new_allocator<std::__detail::_Hash_node<std::pair<int const, bool>, false> >::~__new_allocator()
calls=3 -80 
* 30
* 12
fe=(258)
1215 9

fn=(5256) std::__detail::_Hashtable_alloc<std::allocator<std::__detail::_Hash_node<std::pair<int const, std::unique_ptr<Graph, std::default_delete<Graph> > >, false> > >::~_Hashtable_alloc()
1912 11
cfn=(5258) std::__detail::_Hashtable_ebo_helper<0, std::allocator<std::__detail::_Hash_node<std::pair<int const, std::unique_ptr<Graph, std::default_delete<Graph> > >, false> >, true>::~_Hashtable_ebo_helper()
calls=1 1215 
* 30
* 6

fn=(5258)
1215 10
fi=(239)
184 3
cfi=(238)
cfn=(5260) std::__new_allocator<std::__detail::_Hash_node<std::pair<int const, std::unique_ptr<Graph, std::default_delete<Graph> > >, false> >::~__new_allocator()
calls=1 -80 
* 10
* 4
fe=(258)
1215 3

fn=(1676) std::__detail::_Hashtable_alloc<std::allocator<std::__detail::_Hash_node<std::pair<int const, bool>, false> > >::_Hashtable_alloc()
1940 33
cfn=(1678)
calls=3 1218 
* 48
* 18

fn=(1718) void std::__detail::_Insert_base<std::__cxx11::basic_string<char, std::char_traits<char>, std::allocator<char> >, std::__cxx11::basic_string<char, std::char_traits<char>, std::allocator<char> >, std::allocator<std::__cxx11::basic_string<char, std::char_traits<char>, std::allocator<char> > >, std::__detail::_Identity, std::equal_to<std::__cxx11::basic_string<char, std::char_traits<char>, std::allocator<char> > >, std::hash<std::__cxx11::basic_string<char, std::char_traits<char>, std::allocator<char> > >, std::__detail::_Mod_range_hashing, std::__detail::_Default_ranged_hash, std::__detail::_Prime_rehash_policy, std::__detail::_Hashtable_traits<true, true, true> >::insert<char const* const*>(char const* const*, char const* const*)
972 13
+2 3
cfn=(1720)
calls=1 -71 
* 10
* 4
+1 5
cfn=(1722) std::__detail::_AllocNode<std::allocator<std::__detail::_Hash_node<std::__cxx11::basic_string<char, std::char_traits<char>, std::allocator<char> >, true> > >::_AllocNode(std::__detail::_Hashtable_alloc<std::allocator<std::__detail::_Hash_node<std::__cxx11::basic_string<char, std::char_traits<char>, std::allocator<char> >, true> > >&)
calls=1 242 
* 14
* 3
+1 6
cfn=(1724)
calls=1 +10 
* 16520
* 4
+1 5

fn=(1758) std::__detail::operator!=(std::__detail::_Node_iterator_base<std::__cxx11::basic_string<char, std::char_traits<char>, std::allocator<char> >, true> const&, std::__detail::_Node_iterator_base<std::__cxx11::basic_string<char, std::char_traits<char>, std::allocator<char> >, true> const&)
407 1472
+2 1472

fn=(1842) std::__detail::_Hashtable_alloc<std::allocator<std::__detail::_Hash_node<std::__cxx11::basic_string<char, std::char_traits<char>, std::allocator<char> >, true> > >::_M_allocate_buckets(unsigned long)
2039 13
+3 3
cfn=(1796)
calls=1 -92 
* 29
* 6
fi=(238)
88 1
fi=(239)
+90 3
fi=(263)
482 6
cfi=(238)
cfn=(1844)
calls=1 126 
* 242
* 4
fe=(258)
2044 1
+1 3
cfi=(264)
cfn=(1848)
calls=1 212 
* 10
* 4
+1 6
cob=(4)
cfi=(175)
cfn=(1434)
calls=1 0 
* 21
+1 1
fi=(239)
184 3
cfi=(238)
cfn=(1850)
calls=1 -80 
* 10
* 4
fe=(258)
2047 1
+1 6

fn=(1872) bool std::__detail::_Hashtable_base<std::__cxx11::basic_string<char, std::char_traits<char>, std::allocator<char> >, std::__cxx11::basic_string<char, std::char_traits<char>, std::allocator<char> >, std::__detail::_Identity, std::equal_to<std::__cxx11::basic_string<char, std::char_traits<char>, std::allocator<char> > >, std::hash<std::__cxx11::basic_string<char, std::char_traits<char>, std::allocator<char> > >, std::__detail::_Mod_range_hashing, std::__detail::_Default_ranged_hash, std::__detail::_Hashtable_traits<true, true, true> >::_M_key_equals_tr<std::__cxx11::basic_string<char, std::char_traits<char>, std::allocator<char> > >(std::__cxx11::basic_string<char, std::char_traits<char>, std::allocator<char> > const&, std::__detail::_Hash_node_value<std::__cxx11::basic_string<char, std::char_traits<char>, std::allocator<char> >, true> const&) const
1720 140
+8 30
cfn=(1874)
calls=10 +32 
* 290
* 80
338 30
cfi=(266)
cfn=(1878)
calls=10 120 
* 290
* 50
+10 10
1728 40
cfn=(1882)
calls=10 89 
* 300
* 80
cfi=(268)
cfn=(1886)
calls=10 377 
* 794
* 60
+1 60

fn=(2254) std::__detail::_Hashtable_alloc<std::allocator<std::__detail::_Hash_node<std::pair<int const, bool>, false> > >::_M_allocate_buckets(unsigned long)
2039 39
+3 9
cfn=(2210)
calls=3 -92 
* 87
* 18
fi=(238)
88 3
fi=(239)
+90 9
fi=(263)
482 18
cfi=(238)
cfn=(1844)
calls=3 126 
* 726
* 12
fe=(258)
2044 3
+1 9
cfi=(264)
cfn=(1848)
calls=3 212 
* 30
* 12
+1 18
cob=(4)
cfi=(175)
cfn=(1434)
calls=3 0 
* 63
+1 3
fi=(239)
184 9
cfi=(238)
cfn=(1850)
calls=3 -80 
* 30
* 12
fe=(258)
2047 3
+1 18

fn=(2402)
1306 2718
+4 906
cfn=(2404)
calls=302 +65 
* 8758
* 2718
cfi=(262)
cfn=(2184)
calls=302 154 
* 3624
* 1812
+1 604

fn=(2472) std::__detail::_Node_iterator<std::pair<int const, std::unique_ptr<Graph, std::default_delete<Graph> > >, false, false>::_Node_iterator(std::__detail::_Hash_node<std::pair<int const, std::unique_ptr<Graph, std::default_delete<Graph> > >, false>*)
436 36
+1 20
cfn=(2474)
calls=4 -44 
* 56
* 24

fn=(5188)
2017 45
+3 15
cfi=(264)
cfn=(5190) std::__ptr_traits_ptr_to<std::__detail::_Hash_node<std::__cxx11::basic_string<char, std::char_traits<char>, std::allocator<char> >, true>*, std::__detail::_Hash_node<std::__cxx11::basic_string<char, std::char_traits<char>, std::allocator<char> >, true>, false>::pointer_to(std::__detail::_Hash_node<std::__cxx11::basic_string<char, std::char_traits<char>, std::allocator<char> >, true>&)
calls=5 141 
* 240
* 20
+2 15
cfn=(1796)
calls=5 -72 
* 145
* 35
fi=(263)
517 30
cfi=(238)
cfn=(5196) std::__new_allocator<std::__detail::_Hash_node<std::__cxx11::basic_string<char, std::char_traits<char>, std::allocator<char> >, true> >::deallocate(std::__detail::_Hash_node<std::__cxx11::basic_string<char, std::char_traits<char>, std::allocator<char> >, true>*, unsigned long)
calls=5 156 
* 600
* 20
fe=(258)
2023 15

fn=(1660) std::__detail::_Hashtable_alloc<std::allocator<std::__detail::_Hash_node<std::pair<int const, std::unique_ptr<Graph, std::default_delete<Graph> > >, false> > >::_Hashtable_alloc()
1940 11
cfn=(1662) std::__detail::_Hashtable_ebo_helper<0, std::allocator<std::__detail::_Hash_node<std::pair<int const, std::unique_ptr<Graph, std::default_delete<Graph> > >, false> >, true>::_Hashtable_ebo_helper()
calls=1 1218 
* 16
* 6

fn=(1672) std::__detail::_Hashtable_base<int, std::pair<int const, bool>, std::__detail::_Select1st, std::equal_to<int>, std::hash<int>, std::__detail::_Mod_range_hashing, std::__detail::_Default_ranged_hash, std::__detail::_Hashtable_traits<false, false, true> >::_Hashtable_base()
1701 33
cfn=(1674) std::__detail::_Hash_code_base<int, std::pair<int const, bool>, std::__detail::_Select1st, std::hash<int>, std::__detail::_Mod_range_hashing, std::__detail::_Default_ranged_hash, false>::_Hash_code_base()
calls=3 1301 
* 81
* 18
cfn=(1658)
calls=3 1218 
* 30
* 18

fn=(1762)
1375 55
cfn=(1764)
calls=5 1225 
* 50
* 40

fn=(1784) std::__detail::_Hash_code_base<std::__cxx11::basic_string<char, std::char_traits<char>, std::allocator<char> >, std::__cxx11::basic_string<char, std::char_traits<char>, std::allocator<char> >, std::__detail::_Identity, std::hash<std::__cxx11::basic_string<char, std::char_traits<char>, std::allocator<char> > >, std::__detail::_Mod_range_hashing, std::__detail::_Default_ranged_hash, true>::_M_bucket_index(unsigned long, unsigned long) const
1331 78
+1 36
cfn=(1786)
calls=6 526 
* 90
* 66

fn=(1826) std::__detail::_Prime_rehash_policy::_M_state() const
571 91
+1 52

fn=(1896)
397 1096
+1 548
cfn=(1898)
calls=137 -18 
* 1507
* 1096

fn=(2408) std::__detail::_Hash_code_base<int, std::pair<int const, std::unique_ptr<Graph, std::default_delete<Graph> > >, std::__detail::_Select1st, std::hash<int>, std::__detail::_Mod_range_hashing, std::__detail::_Default_ranged_hash, false>::_M_bucket_index(unsigned long, unsigned long) const
1331 3926
+1 1812
cfn=(1786)
calls=302 526 
* 4530
* 3322

fn=(2468) std::__detail::_Hash_code_base<int, std::pair<int const, std::unique_ptr<Graph, std::default_delete<Graph> > >, std::__detail::_Select1st, std::hash<int>, std::__detail::_Mod_range_hashing, std::__detail::_Default_ranged_hash, false>::_M_store_code(std::__detail::_Hash_node_code_cache<false>&, unsigned long) const
1353 18
+1 6

fn=(4394) std::__detail::_Hash_node<std::pair<int const, bool>, false>::_M_next() const
380 91
+1 52

fn=(5064) std::__detail::_Hashtable_alloc<std::allocator<std::__detail::_Hash_node<std::pair<int const, std::unique_ptr<Graph, std::default_delete<Graph> > >, false> > >::_M_deallocate_node_ptr(std::__detail::_Hash_node<std::pair<int const, std::unique_ptr<Graph, std::default_delete<Graph> > >, false>*)
2017 18
+3 6
cfi=(264)
cfn=(5066) std::__ptr_traits_ptr_to<std::__detail::_Hash_node<std::pair<int const, std::unique_ptr<Graph, std::default_delete<Graph> > >, false>*, std::__detail::_Hash_node<std::pair<int const, std::unique_ptr<Graph, std::default_delete<Graph> > >, false>, false>::pointer_to(std::__detail::_Hash_node<std::pair<int const, std::unique_ptr<Graph, std::default_delete<Graph> > >, false>&)
calls=2 141 
* 96
* 8
+2 6
cfn=(2418)
calls=2 -72 
* 58
* 14
fi=(263)
517 12
cfi=(238)
cfn=(5072) std::__new_allocator<std::__detail::_Hash_node<std::pair<int const, std::unique_ptr<Graph, std::default_delete<Graph> > >, false> >::deallocate(std::__detail::_Hash_node<std::pair<int const, std::unique_ptr<Graph, std::default_delete<Graph> > >, false>*, unsigned long)
calls=2 156 
* 261
* 8
fe=(258)
2023 6

fn=(5226) std::__detail::_Hashtable_alloc<std::allocator<std::__detail::_Hash_node<std::pair<int const, bool>, false> > >::_M_deallocate_nodes(std::__detail::_Hash_node<std::pair<int const, bool>, false>*)
2027 27
+2 9
+2 4
+1 6
cfn=(4394)
calls=2 380 
* 22
* 8
+1 10
cfn=(5080) std::__detail::_Hashtable_alloc<std::allocator<std::__detail::_Hash_node<std::pair<int const, bool>, false> > >::_M_deallocate_node(std::__detail::_Hash_node<std::pair<int const, bool>, false>*)
calls=2 -24 
* 718
-4 19
+6 9

fn=(5228) std::__detail::_Hashtable_alloc<std::allocator<std::__detail::_Hash_node<std::pair<int const, bool>, false> > >::_M_deallocate_buckets(std::__detail::_Hash_node_base**, unsigned long)
2052 39
+5 9
cfi=(264)
cfn=(5202)
calls=3 141 
* 144
* 12
+1 9
cfn=(2210)
calls=3 1950 
* 87
* 9
fi=(238)
88 12
fi=(239)
+90 15
fi=(263)
517 18
cfi=(238)
cfn=(5208)
calls=3 156 
* 348
* 12
fi=(239)
184 9
cfi=(238)
cfn=(1850)
calls=3 -80 
* 30
* 12
fe=(258)
2060 18

fn=(5248) std::__detail::_Hashtable_alloc<std::allocator<std::__detail::_Hash_node<std::pair<int const, std::unique_ptr<Graph, std::default_delete<Graph> > >, false> > >::_M_deallocate_nodes(std::__detail::_Hash_node<std::pair<int const, std::unique_ptr<Graph, std::default_delete<Graph> > >, false>*)
2027 9
+2 6
+6 3

fn=(2176) std::__detail::_Map_base<int, std::pair<int const, bool>, std::allocator<std::pair<int const, bool> >, std::__detail::_Select1st, std::equal_to<int>, std::hash<int>, std::__detail::_Mod_range_hashing, std::__detail::_Default_ranged_hash, std::__detail::_Prime_rehash_policy, std::__detail::_Hashtable_traits<false, false, true>, true>::operator[](int const&)
807 3536
+5 544
+1 1360
cfn=(2178)
calls=272 1306 
* 19040
* 1088
+1 1360
cfi=(257)
cfn=(2186) std::_Hashtable<int, std::pair<int const, bool>, std::allocator<std::pair<int const, bool> >, std::__detail::_Select1st, std::equal_to<int>, std::hash<int>, std::__detail::_Mod_range_hashing, std::__detail::_Default_ranged_hash, std::__detail::_Prime_rehash_policy, std::__detail::_Hashtable_traits<false, false, true> >::_M_bucket_index(unsigned long) const
calls=272 -18 
* 18768
* 1088
+1 1632
cfi=(257)
cfn=(2190) std::_Hashtable<int, std::pair<int const, bool>, std::allocator<std::pair<int const, bool> >, std::__detail::_Select1st, std::equal_to<int>, std::hash<int>, std::__detail::_Mod_range_hashing, std::__detail::_Default_ranged_hash, std::__detail::_Prime_rehash_policy, std::__detail::_Hashtable_traits<false, false, true> >::_M_find_node(unsigned long, int const&, unsigned long) const
calls=272 -3 
* 76666
* 2968
+1 1330
333 798
cfi=(266)
cfn=(2222)
calls=266 116 
* 7714
* 1064
+10 266
816 532
+2 6
+3 30
cfi=(281)
cfn=(2194)
calls=6 +53 
* 324
* 18
-3 54
cfi=(257)
cfn=(2200) std::_Hashtable<int, std::pair<int const, bool>, std::allocator<std::pair<int const, bool> >, std::__detail::_Select1st, std::equal_to<int>, std::hash<int>, std::__detail::_Mod_range_hashing, std::__detail::_Default_ranged_hash, std::__detail::_Prime_rehash_policy, std::__detail::_Hashtable_traits<false, false, true> >::_Scoped_node::_Scoped_node<std::piecewise_construct_t const&, std::tuple<int const&>, std::tuple<> >(std::__detail::_Hashtable_alloc<std::allocator<std::__detail::_Hash_node<std::pair<int const, bool>, false> > >*, std::piecewise_construct_t const&, std::tuple<int const&>&&, std::tuple<>&&)
calls=6 305 
* 5025
* 18
+7 42
cfi=(257)
cfn=(2246) std::_Hashtable<int, std::pair<int const, bool>, std::allocator<std::pair<int const, bool> >, std::__detail::_Select1st, std::equal_to<int>, std::hash<int>, std::__detail::_Mod_range_hashing, std::__detail::_Default_ranged_hash, std::__detail::_Prime_rehash_policy, std::__detail::_Hashtable_traits<false, false, true> >::_M_insert_unique_node(unsigned long, unsigned long, std::__detail::_Hash_node<std::pair<int const, bool>, false>*, unsigned long)
calls=6 2166 
* 4158
* 24
+1 6
+1 18
cfn=(2276) std::__detail::_Node_iterator<std::pair<int const, bool>, false, false>::operator->() const
calls=6 444 
* 312
* 24
+1 18
cfi=(257)
cfn=(2278) std::_Hashtable<int, std::pair<int const, bool>, std::allocator<std::pair<int const, bool> >, std::__detail::_Select1st, std::equal_to<int>, std::hash<int>, std::__detail::_Mod_range_hashing, std::__detail::_Default_ranged_hash, std::__detail::_Prime_rehash_policy, std::__detail::_Hashtable_traits<false, false, true> >::_Scoped_node::~_Scoped_node()
calls=6 311 
* 90
* 2720

fn=(2180)
1375 3091
cfn=(2182)
calls=281 1225 
* 2810
* 2248

fn=(2418)
1950 80
+1 30
cfn=(2420) std::__detail::_Hashtable_ebo_helper<0, std::allocator<std::__detail::_Hash_node<std::pair<int const, std::unique_ptr<Graph, std::default_delete<Graph> > >, false> >, true>::_M_get()
calls=10 1226 
* 100
* 80

fn=(2606) std::__detail::_Hashtable_base<int, std::pair<int const, std::unique_ptr<Graph, std::default_delete<Graph> > >, std::__detail::_Select1st, std::equal_to<int>, std::hash<int>, std::__detail::_Mod_range_hashing, std::__detail::_Default_ranged_hash, std::__detail::_Hashtable_traits<false, false, true> >::_M_equals(int const&, unsigned long, std::__detail::_Hash_node_value<std::pair<int const, std::unique_ptr<Graph, std::default_delete<Graph> > >, false> const&) const
1732 3278
+2 1490
cfn=(2608)
calls=298 -51 
* 3278
* 3278
cfn=(2610) std::__detail::_Hashtable_base<int, std::pair<int const, std::unique_ptr<Graph, std::default_delete<Graph> > >, std::__detail::_Select1st, std::equal_to<int>, std::hash<int>, std::__detail::_Mod_range_hashing, std::__detail::_Default_ranged_hash, std::__detail::_Hashtable_traits<false, false, true> >::_M_key_equals(int const&, std::__detail::_Hash_node_value<std::pair<int const, std::unique_ptr<Graph, std::default_delete<Graph> > >, false> const&) const
calls=298 -26 
* 48276
* 3874

fn=(2778) std::__detail::_Node_const_iterator<std::__cxx11::basic_string<char, std::char_traits<char>, std::allocator<char> >, true, true>::operator++()
499 1016
+2 381
cfn=(1896)
calls=127 397 
* 3937
* 381
+1 127
+1 254

fn=(5234) std::__detail::_Hashtable_alloc<std::allocator<std::__detail::_Hash_node<std::pair<int const, bool>, false> > >::~_Hashtable_alloc()
1912 33
cfn=(5236)
calls=3 1215 
* 90
* 18

fn=(1662)
1218 11
fi=(238)
88 1
fi=(239)
+75 1
fe=(258)
1218 3

fn=(1664)
313 216

fn=(1692) std::__detail::_Hash_code_base<std::__cxx11::basic_string<char, std::char_traits<char>, std::allocator<char> >, std::__cxx11::basic_string<char, std::char_traits<char>, std::allocator<char> >, std::__detail::_Identity, std::hash<std::__cxx11::basic_string<char, std::char_traits<char>, std::allocator<char> > >, std::__detail::_Mod_range_hashing, std::__detail::_Default_ranged_hash, true>::_Hash_code_base(std::hash<std::__cxx11::basic_string<char, std::char_traits<char>, std::allocator<char> > > const&)
1303 14
cfn=(1694)
calls=1 -82 
* 28
* 6

fn=(1702) std::__detail::_Hashtable_alloc<std::allocator<std::__detail::_Hash_node<std::__cxx11::basic_string<char, std::char_traits<char>, std::allocator<char> >, true> > >::_Hashtable_alloc<std::allocator<std::__detail::_Hash_node<std::__cxx11::basic_string<char, std::char_traits<char>, std::allocator<char> >, true> > >(std::allocator<std::__detail::_Hash_node<std::__cxx11::basic_string<char, std::char_traits<char>, std::allocator<char> >, true> >&&)
1945 9
+1 3
cfi=(260)
cfn=(1704) std::allocator<std::__detail::_Hash_node<std::__cxx11::basic_string<char, std::char_traits<char>, std::allocator<char> >, true> >&& std::forward<std::allocator<std::__detail::_Hash_node<std::__cxx11::basic_string<char, std::char_traits<char>, std::allocator<char> >, true> > >(std::remove_reference<std::allocator<std::__detail::_Hash_node<std::__cxx11::basic_string<char, std::char_traits<char>, std::allocator<char> >, true> > >::type&)
calls=1 70 
* 10
* 8
cfn=(1706) std::__detail::_Hashtable_ebo_helper<0, std::allocator<std::__detail::_Hash_node<std::__cxx11::basic_string<char, std::char_traits<char>, std::allocator<char> >, true> >, true>::_Hashtable_ebo_helper<std::allocator<std::__detail::_Hash_node<std::__cxx11::basic_string<char, std::char_traits<char>, std::allocator<char> >, true> > >(std::allocator<std::__detail::_Hash_node<std::__cxx11::basic_string<char, std::char_traits<char>, std::allocator<char> >, true> >&&)
calls=1 1221 
* 37
* 3
+1 3

fn=(1874)
1760 1848
cfn=(1876)
calls=168 1225 
* 1680
* 1344

fn=(1882)
89 1512
+1 504
cfi=(260)
cfn=(1884) std::__cxx11::basic_string<char, std::char_traits<char>, std::allocator<char> > const& std::forward<std::__cxx11::basic_string<char, std::char_traits<char>, std::allocator<char> > const&>(std::remove_reference<std::__cxx11::basic_string<char, std::char_traits<char>, std::allocator<char> > const&>::type&)
calls=168 -20 
* 1680
* 1344

fn=(2286)
1760 2970
cfn=(2288)
calls=270 1225 
* 2700
* 2160

fn=(2476)
444 16
+1 8
333 6
cfi=(266)
cfn=(2430)
calls=2 116 
* 58
* 10
445 6

fn=(2618)
112 2691
+1 897
cfi=(260)
cfn=(2620) std::pair<int const, std::unique_ptr<Graph, std::default_delete<Graph> > > const& std::forward<std::pair<int const, std::unique_ptr<Graph, std::default_delete<Graph> > > const&>(std::remove_reference<std::pair<int const, std::unique_ptr<Graph, std::default_delete<Graph> > > const&>::type&)
calls=299 -43 
* 2990
* 2093

fn=(5054) std::__detail::_Hashtable_alloc<std::allocator<std::__detail::_Hash_node<std::pair<int const, std::unique_ptr<Graph, std::default_delete<Graph> > >, false> > >::_M_deallocate_node(std::__detail::_Hash_node<std::pair<int const, std::unique_ptr<Graph, std::default_delete<Graph> > >, false>*)
2009 20
+2 6
333 6
cfi=(266)
cfn=(2430)
calls=2 116 
* 58
* 10
2011 6
cfn=(2418)
calls=2 -61 
* 58
* 18
fi=(238)
198 6
cfi=(267) /usr/include/c++/13/bits/stl_pair.h
cfn=(5056) std::pair<int const, std::unique_ptr<Graph, std::default_delete<Graph> > >::~pair()
calls=2 -11 
* 3305
* 2
fi=(263)
562 8
fe=(258)
2012 10
cfn=(5064)
calls=2 +5 
* 493
* 6
+1 8

fn=(5082) std::__detail::_Hashtable_alloc<std::allocator<std::__detail::_Hash_node<std::pair<int const, bool>, false> > >::_M_deallocate_node_ptr(std::__detail::_Hash_node<std::pair<int const, bool>, false>*)
2017 54
+3 18
cfi=(264)
cfn=(5084) std::__ptr_traits_ptr_to<std::__detail::_Hash_node<std::pair<int const, bool>, false>*, std::__detail::_Hash_node<std::pair<int const, bool>, false>, false>::pointer_to(std::__detail::_Hash_node<std::pair<int const, bool>, false>&)
calls=6 141 
* 288
* 24
+2 18
cfn=(2210)
calls=6 -72 
* 174
* 42
fi=(263)
517 36
cfi=(238)
cfn=(5090) std::__new_allocator<std::__detail::_Hash_node<std::pair<int const, bool>, false> >::deallocate(std::__detail::_Hash_node<std::pair<int const, bool>, false>*, unsigned long)
calls=6 156 
* 828
* 24
fe=(258)
2023 18

fn=(5200) std::__detail::_Hashtable_alloc<std::allocator<std::__detail::_Hash_node<std::__cxx11::basic_string<char, std::char_traits<char>, std::allocator<char> >, true> > >::_M_deallocate_buckets(std::__detail::_Hash_node_base**, unsigned long)
2052 13
+5 3
cfi=(264)
cfn=(5202)
calls=1 141 
* 48
* 4
+1 3
cfn=(1796)
calls=1 1950 
* 29
* 3
fi=(238)
88 4
fi=(239)
+90 5
fi=(263)
517 6
cfi=(238)
cfn=(5208)
calls=1 156 
* 116
* 4
fi=(239)
184 3
cfi=(238)
cfn=(1850)
calls=1 -80 
* 10
* 4
fe=(258)
2060 6

fn=(1654)
1301 11
cfn=(1656) std::__detail::_Hashtable_ebo_helper<1, std::hash<int>, true>::_Hashtable_ebo_helper()
calls=1 -83 
* 10
* 6

fn=(1656)
1218 40

fn=(1674)
1301 33
cfn=(1656)
calls=3 -83 
* 30
* 18

fn=(1690) std::__detail::_Hashtable_base<std::__cxx11::basic_string<char, std::char_traits<char>, std::allocator<char> >, std::__cxx11::basic_string<char, std::char_traits<char>, std::allocator<char> >, std::__detail::_Identity, std::equal_to<std::__cxx11::basic_string<char, std::char_traits<char>, std::allocator<char> > >, std::hash<std::__cxx11::basic_string<char, std::char_traits<char>, std::allocator<char> > >, std::__detail::_Mod_range_hashing, std::__detail::_Default_ranged_hash, std::__detail::_Hashtable_traits<true, true, true> >::_Hashtable_base(std::hash<std::__cxx11::basic_string<char, std::char_traits<char>, std::allocator<char> > > const&, std::equal_to<std::__cxx11::basic_string<char, std::char_traits<char>, std::allocator<char> > > const&)
1703 10
+1 5
cfn=(1692)
calls=1 1303 
* 48
* 8
cfn=(1698)
calls=1 1221 
* 28
* 3
+1 3

fn=(1706)
1221 9
+1 3
cfi=(260)
cfn=(1704)
calls=1 70 
* 10
* 10
fi=(238)
92 1
fi=(239)
+76 1
fe=(258)
1223 3

fn=(1722)
242 8
+1 6

fn=(1730) char const* const& std::__detail::_ConvertToValueType<std::__detail::_Identity, std::__cxx11::basic_string<char, std::char_traits<char>, std::allocator<char> > >::operator()<char const* const&>(char const* const&) const
124 45
+1 15
cfi=(260)
cfn=(1728) char const* const& std::forward<char const* const&>(std::remove_reference<char const* const&>::type&)
calls=5 -55 
* 50
* 40

fn=(1734) char const* const& std::__detail::_Identity::operator()<char const* const&>(char const* const&) const
89 45
+1 15
cfi=(260)
cfn=(1728)
calls=5 -20 
* 50
* 40

fn=(1790) std::__detail::_AllocNode<std::allocator<std::__detail::_Hash_node<std::__cxx11::basic_string<char, std::char_traits<char>, std::allocator<char> >, true> > >::__node_type* std::__detail::_NodeBuilder<std::__detail::_Identity>::_S_build<std::__cxx11::basic_string<char, std::char_traits<char>, std::allocator<char> >, char const* const&, std::__detail::_AllocNode<std::allocator<std::__detail::_Hash_node<std::__cxx11::basic_string<char, std::char_traits<char>, std::allocator<char> >, true> > > >(std::__cxx11::basic_string<char, std::char_traits<char>, std::allocator<char> >&&, char const* const&, std::__detail::_AllocNode<std::allocator<std::__detail::_Hash_node<std::__cxx11::basic_string<char, std::char_traits<char>, std::allocator<char> >, true> > > const&)
171 50
+2 15
cfi=(260)
cfn=(1788)
calls=5 70 
* 50
* 40
cfn=(1792)
calls=5 +74 
* 3030
* 40

fn=(1794)
1987 55
+3 15
cfn=(1796)
calls=5 -40 
* 145
* 25
fi=(263)
482 30
cfi=(238)
cfn=(1800) std::__new_allocator<std::__detail::_Hash_node<std::__cxx11::basic_string<char, std::char_traits<char>, std::allocator<char> >, true> >::allocate(unsigned long, void const*)
calls=5 126 
* 1225
* 20
fe=(258)
1990 5
+1 15
cfi=(264)
cfn=(1806) std::__detail::_Hash_node<std::__cxx11::basic_string<char, std::char_traits<char>, std::allocator<char> >, true>* std::__to_address<std::__detail::_Hash_node<std::__cxx11::basic_string<char, std::char_traits<char>, std::allocator<char> >, true> >(std::__detail::_Hash_node<std::__cxx11::basic_string<char, std::char_traits<char>, std::allocator<char> >, true>*)
calls=5 212 
* 50
* 20
+3 20
cfi=(265)
cfn=(1808)
calls=5 175 
* 55
* 25
cfn=(1810)
calls=5 375 
* 145
* 15
+1 15
cfi=(260)
cfn=(1788)
calls=5 70 
* 50
* 35
333 15
cfi=(266)
cfn=(1812)
calls=5 116 
* 145
* 25
1995 15
cfn=(1796)
calls=5 -45 
* 145
* 30
fi=(263)
538 15
cfi=(260)
cfn=(1788)
calls=5 70 
* 50
* 40
fi=(238)
191 20
cfi=(265)
cfn=(1808)
calls=5 -16 
* 55
* 35
cfi=(260)
cfn=(1788)
calls=5 70 
* 50
* 30
cob=(4)
cfi=(175)
cfn=(1818)
calls=5 0 
* 140
* 5
fi=(263)
542 20
fe=(258)
1998 5
+7 25

fn=(1860) std::__detail::_Hash_code_base<std::__cxx11::basic_string<char, std::char_traits<char>, std::allocator<char> >, std::__cxx11::basic_string<char, std::char_traits<char>, std::allocator<char> >, std::__detail::_Identity, std::hash<std::__cxx11::basic_string<char, std::char_traits<char>, std::allocator<char> > >, std::__detail::_Mod_range_hashing, std::__detail::_Default_ranged_hash, true>::_M_store_code(std::__detail::_Hash_node_code_cache<true>&, unsigned long) const
1362 45
+1 30

fn=(1898)
380 1015
+1 580

fn=(2272) std::__detail::_Node_iterator<std::pair<int const, bool>, false, false>::_Node_iterator(std::__detail::_Hash_node<std::pair<int const, bool>, false>*)
436 90
+1 50
cfn=(2274) std::__detail::_Node_iterator_base<std::pair<int const, bool>, false>::_Node_iterator_base(std::__detail::_Hash_node<std::pair<int const, bool>, false>*)
calls=10 -44 
* 140
* 60

fn=(2274)
393 80
+1 60

fn=(2276)
444 48
+1 24
333 18
cfi=(266)
cfn=(2222)
calls=6 116 
* 174
* 30
445 18

fn=(2416) std::__detail::_Hash_node<std::pair<int const, std::unique_ptr<Graph, std::default_delete<Graph> > >, false>* std::__detail::_Hashtable_alloc<std::allocator<std::__detail::_Hash_node<std::pair<int const, std::unique_ptr<Graph, std::default_delete<Graph> > >, false> > >::_M_allocate_node<std::piecewise_construct_t const&, std::tuple<int const&>, std::tuple<> >(std::piecewise_construct_t const&, std::tuple<int const&>&&, std::tuple<>&&)
1987 36
+3 6
cfn=(2418)
calls=2 -40 
* 58
* 10
fi=(263)
482 12
cfi=(238)
cfn=(2422) std::__new_allocator<std::__detail::_Hash_node<std::pair<int const, std::unique_ptr<Graph, std::default_delete<Graph> > >, false> >::allocate(unsigned long, void const*)
calls=2 126 
* 345
* 8
fe=(258)
1990 2
+1 6
cfi=(264)
cfn=(2426) std::__detail::_Hash_node<std::pair<int const, std::unique_ptr<Graph, std::default_delete<Graph> > >, false>* std::__to_address<std::__detail::_Hash_node<std::pair<int const, std::unique_ptr<Graph, std::default_delete<Graph> > >, false> >(std::__detail::_Hash_node<std::pair<int const, std::unique_ptr<Graph, std::default_delete<Graph> > >, false>*)
calls=2 212 
* 20
* 8
+3 8
cfi=(265)
cfn=(1808)
calls=2 175 
* 22
* 10
cfn=(2428)
calls=2 375 
* 58
* 6
+1 6
cfi=(260)
cfn=(2202)
calls=2 70 
* 20
* 14
cfi=(260)
cfn=(2204)
calls=2 70 
* 20
* 14
cfi=(260)
cfn=(2206)
calls=2 70 
* 20
* 14
333 6
cfi=(266)
cfn=(2430)
calls=2 116 
* 58
* 10
1995 6
cfn=(2418)
calls=2 -45 
* 58
* 16
fi=(263)
538 6
cfi=(260)
cfn=(2202)
calls=2 70 
* 20
* 14
cfi=(260)
cfn=(2204)
calls=2 70 
* 20
* 14
cfi=(260)
cfn=(2206)
calls=2 70 
* 20
* 20
fi=(238)
191 8
cfi=(265)
cfn=(1808)
calls=2 -16 
* 22
* 16
cfi=(260)
cfn=(2202)
calls=2 70 
* 20
* 12
cfi=(260)
cfn=(2204)
calls=2 70 
* 20
* 16
cfi=(281)
cfn=(2228)
calls=2 903 
* 70
* 12
cfi=(260)
cfn=(2206)
calls=2 70 
* 20
* 14
cfi=(281)
cfn=(2436) std::pair<int const, std::unique_ptr<Graph, std::default_delete<Graph> > >::pair<int const&>(std::piecewise_construct_t, std::tuple<int const&>, std::tuple<>)
calls=2 2252 
* 530
* 8
fi=(263)
542 2
fe=(258)
1998 2
+7 20

fn=(2420)
1226 100

fn=(2610)
1708 4172
+7 894
cfn=(2612)
calls=298 +45 
* 8642
* 2384
338 894
cfi=(266)
cfn=(2614)
calls=298 120 
* 8642
* 1490
+10 298
1715 1192
cfn=(2618)
calls=298 112 
* 8642
* 2384
cfi=(268)
cfn=(2298)
calls=298 377 
* 5066
* 1788
+1 1788

fn=(2772) std::__detail::_Node_const_iterator<std::__cxx11::basic_string<char, std::char_traits<char>, std::allocator<char> >, true, true>::_Node_const_iterator(std::__detail::_Hash_node<std::__cxx11::basic_string<char, std::char_traits<char>, std::allocator<char> >, true>*)
483 1998
+1 1110
cfn=(1754)
calls=222 -91 
* 3108
* 1332

fn=(4400) std::__detail::_Hash_node<std::pair<int const, std::unique_ptr<Graph, std::default_delete<Graph> > >, false>::_M_next() const
380 35
+1 20

fn=(5080)
2009 60
+2 18
333 18
cfi=(266)
cfn=(2222)
calls=6 116 
* 174
* 30
2011 18
cfn=(2210)
calls=6 -61 
* 174
* 54
fi=(238)
198 6
fi=(263)
562 6
fe=(258)
2012 30
cfn=(5082)
calls=6 +5 
* 1524
* 18
+1 24

fn=(5214) std::__detail::_Hashtable_alloc<std::allocator<std::__detail::_Hash_node<std::__cxx11::basic_string<char, std::char_traits<char>, std::allocator<char> >, true> > >::~_Hashtable_alloc()
1912 11
cfn=(5216) std::__detail::_Hashtable_ebo_helper<0, std::allocator<std::__detail::_Hash_node<std::__cxx11::basic_string<char, std::char_traits<char>, std::allocator<char> >, true> >, true>::~_Hashtable_ebo_helper()
calls=1 1215 
* 30
* 6

fn=(5216)
1215 10
fi=(239)
184 3
cfi=(238)
cfn=(1708) std::__new_allocator<std::__detail::_Hash_node<std::__cxx11::basic_string<char, std::char_traits<char>, std::allocator<char> >, true> >::~__new_allocator()
calls=1 -80 
* 10
* 4
fe=(258)
1215 3

fl=(211)
fn=(5316) __gcov_open
0 135
cob=(4)
cfi=(175)
cfn=(5318)
calls=9 0 
0 54
0 135
cob=(4)
cfi=(175)
cfn=(5322)
calls=9 0 
0 360
0 81
cob=(4)
cfi=(175)
cfn=(5326)
calls=9 0 
0 252
0 144
cob=(4)
cfi=(175)
cfn=(5330)
calls=9 0 
0 3067
0 63

fn=(1306)
0 12
cob=(2)
cfi=(212)
cfn=(1308)
calls=1 242 
0 7610002

fn=(5424) __gcov_read_counter
0 4018
cfn=(5348) gcov_read_bytes
calls=574 0 
0 86253
0 2870

fn=(5422) __gcov_merge_add
0 1452
cfn=(5424)
calls=121 0 
0 19602
0 453
cfn=(5424)
calls=453 0 
0 73539
0 2780

fn=(5304) gcov_do_dump.constprop.0
0 58853
cob=(4)
cfi=(175)
cfn=(5306)
calls=1 0 
0 470
0 80
cob=(4)
cfi=(175)
cfn=(1376)
calls=9 0 
0 232
0 63
cob=(4)
cfi=(175)
cfn=(5310)
calls=9 0 
0 357
0 90
cob=(4)
cfi=(175)
cfn=(1376)
calls=9 0 
0 240
0 1020
cob=(4)
cfi=(175)
cfn=(1376)
calls=510 0 
0 13660
0 4197
cfn=(5316)
calls=9 0 
0 4291
0 54
cfn=(5348)
calls=9 0 
0 8291
0 122
cob=(4)
cfi=(175)
cfn=(5390)
calls=9 0 
0 6210
0 90
cob=(4)
cfi=(175)
cfn=(5416)
calls=9 0 
0 783
0 55
cob=(4)
cfi=(175)
cfn=(5416)
calls=1 0 
0 6
0 2
cob=(4)
cfi=(175)
cfn=(5306)
calls=1 0 
0 470
0 22
cob=(4)
cfi=(175)
cfn=(5308)
calls=9 0 
0 423
0 30
cfn=(5348)
calls=1 0 
0 152
0 9
cfn=(5348)
calls=1 0 
0 152
0 3
cfn=(5348)
calls=1 0 
0 152
0 86
cob=(4)
cfi=(175)
cfn=(5370)
calls=8 0 
0 1648
0 7
cob=(4)
cfi=(175)
cfn=(5370)
calls=1 0 
0 202
0 126
cob=(4)
cfi=(175)
cfn=(5388)
calls=9 0 
0 2340
0 90
cob=(4)
cfi=(175)
cfn=(5388)
calls=9 0 
0 1260
0 108
cob=(4)
cfi=(175)
cfn=(5388)
calls=9 0 
0 1260
0 108
cob=(4)
cfi=(175)
cfn=(5388)
calls=9 0 
0 1260
0 90
cob=(4)
cfi=(175)
cfn=(5388)
calls=9 0 
0 1260
0 90
cob=(4)
cfi=(175)
cfn=(5388)
calls=9 0 
0 1260
0 90
cob=(4)
cfi=(175)
cfn=(5388)
calls=9 0 
0 1260
0 90
cob=(4)
cfi=(175)
cfn=(5388)
calls=9 0 
0 1260
0 51535
cob=(4)
cfi=(175)
cfn=(5388)
calls=1979 0 
0 277264
0 19790
cob=(4)
cfi=(175)
cfn=(5388)
calls=1979 0 
0 277264
0 25727
cob=(4)
cfi=(175)
cfn=(5388)
calls=1979 0 
0 277468
0 21769
cob=(4)
cfi=(175)
cfn=(5388)
calls=1979 0 
0 277468
0 21769
cob=(4)
cfi=(175)
cfn=(5388)
calls=1979 0 
0 278284
0 89055
cob=(4)
cfi=(175)
cfn=(5388)
calls=1979 0 
0 277060
0 41726
cob=(4)
cfi=(175)
cfn=(5388)
calls=1212 0 
0 169680
0 21816
cob=(4)
cfi=(175)
cfn=(5388)
calls=1212 0 
0 169680
0 33712
cob=(4)
cfi=(175)
cfn=(5388)
calls=4214 0 
0 590980
0 54260
cob=(4)
cfi=(175)
cfn=(5388)
calls=5426 0 
0 760048
0 107063
cob=(4)
cfi=(175)
cfn=(5388)
calls=9 0 
0 1260
0 6930
cob=(4)
cfi=(175)
cfn=(5388)
calls=767 0 
0 107584
0 2304
cfn=(5348)
calls=1 0 
0 152
0 7
cfn=(5348)
calls=1 0 
0 152
0 8
cfn=(5348)
calls=1 0 
0 152
0 6
cfn=(5348)
calls=1 0 
0 152
0 6
cfn=(5348)
calls=1 0 
0 152
0 25
cfn=(5348)
calls=1 0 
0 152
0 552
cfn=(5348)
calls=184 0 
0 27968
0 2775
cfn=(5348)
calls=185 0 
0 28120
0 2956
cfn=(5348)
calls=185 0 
0 28120
0 1480
cfn=(5348)
calls=185 0 
0 28120
0 1480
cfn=(5348)
calls=185 0 
0 28273
0 6290
cfn=(5348)
calls=185 0 
0 28120
0 1295
cfn=(5348)
calls=185 0 
0 28120
0 3693
cfn=(5422)
calls=121 0 
0 97826
0 5741

fn=(5302)
0 76
cfn=(5304)
calls=1 0 
0 4397863
0 145

fn=(5278)
0 9
cob=(4)
cfi=(175)
cfn=(5284)
calls=1 0 
0 134
0 1
cfn=(5294) 0x0000000000027f90
calls=1 0 
0 5
0 3

fn=(1334)
0 12

fn=(5294)
0 5

fn=(1316)
0 218

fn=(5348)
0 24518
cob=(4)
cfi=(175)
cfn=(5350)
calls=1886 0 
0 254905
0 13218
cob=(4)
cfi=(175)
cfn=(5366)
calls=8 0 
0 72
0 40

fl=(259) /usr/include/c++/13/bits/unordered_set.h
fn=(2764) std::unordered_set<std::__cxx11::basic_string<char, std::char_traits<char>, std::allocator<char> >, std::hash<std::__cxx11::basic_string<char, std::char_traits<char>, std::allocator<char> > >, std::equal_to<std::__cxx11::basic_string<char, std::char_traits<char>, std::allocator<char> > >, std::allocator<std::__cxx11::basic_string<char, std::char_traits<char>, std::allocator<char> > > >::count(std::__cxx11::basic_string<char, std::char_traits<char>, std::allocator<char> > const&) const
692 378
+1 210
cfi=(257)
cfn=(2766) std::_Hashtable<std::__cxx11::basic_string<char, std::char_traits<char>, std::allocator<char> >, std::__cxx11::basic_string<char, std::char_traits<char>, std::allocator<char> >, std::allocator<std::__cxx11::basic_string<char, std::char_traits<char>, std::allocator<char> > >, std::__detail::_Identity, std::equal_to<std::__cxx11::basic_string<char, std::char_traits<char>, std::allocator<char> > >, std::hash<std::__cxx11::basic_string<char, std::char_traits<char>, std::allocator<char> > >, std::__detail::_Mod_range_hashing, std::__detail::_Default_ranged_hash, std::__detail::_Prime_rehash_policy, std::__detail::_Hashtable_traits<true, true, true> >::count(std::__cxx11::basic_string<char, std::char_traits<char>, std::allocator<char> > const&) const
calls=42 1744 
* 71467
* 294

fn=(5176) std::unordered_set<std::__cxx11::basic_string<char, std::char_traits<char>, std::allocator<char> >, std::hash<std::__cxx11::basic_string<char, std::char_traits<char>, std::allocator<char> > >, std::equal_to<std::__cxx11::basic_string<char, std::char_traits<char>, std::allocator<char> > >, std::allocator<std::__cxx11::basic_string<char, std::char_traits<char>, std::allocator<char> > > >::~unordered_set()
104 11
cfi=(257)
cfn=(5178) std::_Hashtable<std::__cxx11::basic_string<char, std::char_traits<char>, std::allocator<char> >, std::__cxx11::basic_string<char, std::char_traits<char>, std::allocator<char> >, std::allocator<std::__cxx11::basic_string<char, std::char_traits<char>, std::allocator<char> > >, std::__detail::_Identity, std::equal_to<std::__cxx11::basic_string<char, std::char_traits<char>, std::allocator<char> > >, std::hash<std::__cxx11::basic_string<char, std::char_traits<char>, std::allocator<char> > >, std::__detail::_Mod_range_hashing, std::__detail::_Default_ranged_hash, std::__detail::_Prime_rehash_policy, std::__detail::_Hashtable_traits<true, true, true> >::~_Hashtable()
calls=1 1595 
* 2419
* 6

fn=(1680) std::unordered_set<std::__cxx11::basic_string<char, std::char_traits<char>, std::allocator<char> >, std::hash<std::__cxx11::basic_string<char, std::char_traits<char>, std::allocator<char> > >, std::equal_to<std::__cxx11::basic_string<char, std::char_traits<char>, std::allocator<char> > >, std::allocator<std::__cxx11::basic_string<char, std::char_traits<char>, std::allocator<char> > > >::unordered_set<char const* const*>(char const* const*, char const* const*, unsigned long, std::hash<std::__cxx11::basic_string<char, std::char_traits<char>, std::allocator<char> > > const&, std::equal_to<std::__cxx11::basic_string<char, std::char_traits<char>, std::allocator<char> > > const&, std::allocator<std::__cxx11::basic_string<char, std::char_traits<char>, std::allocator<char> > > const&)
173 13
+5 12
cfi=(257)
cfn=(1682) std::_Hashtable<std::__cxx11::basic_string<char, std::char_traits<char>, std::allocator<char> >, std::__cxx11::basic_string<char, std::char_traits<char>, std::allocator<char> >, std::allocator<std::__cxx11::basic_string<char, std::char_traits<char>, std::allocator<char> > >, std::__detail::_Identity, std::equal_to<std::__cxx11::basic_string<char, std::char_traits<char>, std::allocator<char> > >, std::hash<std::__cxx11::basic_string<char, std::char_traits<char>, std::allocator<char> > >, std::__detail::_Mod_range_hashing, std::__detail::_Default_ranged_hash, std::__detail::_Prime_rehash_policy, std::__detail::_Hashtable_traits<true, true, true> >::_Hashtable<char const* const*>(char const* const*, char const* const*, unsigned long, std::hash<std::__cxx11::basic_string<char, std::char_traits<char>, std::allocator<char> > > const&, std::equal_to<std::__cxx11::basic_string<char, std::char_traits<char>, std::allocator<char> > > const&, std::allocator<std::__cxx11::basic_string<char, std::char_traits<char>, std::allocator<char> > > const&)
calls=1 562 
* 17017
* 4
+1 3

fl=(231) /usr/include/c++/13/bits/basic_string.tcc
fn=(1378) void std::__cxx11::basic_string<char, std::char_traits<char>, std::allocator<char> >::_M_construct<char const*>(char const*, char const*, std::forward_iterator_tag)
221 5372
fi=(346) /usr/include/c++/13/bits/stl_iterator_base_types.h
+19 316
fi=(347) /usr/include/c++/13/bits/stl_iterator_base_funcs.h
-89 1264
-45 632
+46 316
fe=(231)
+73 316
+2 1134
+2 372
cob=(4)
cfi=(175)
cfn=(1628)
calls=62 0 
* 5715
* 496
cob=(4)
cfi=(175)
cfn=(1638)
calls=62 0 
* 310
* 186
+1 310
cob=(4)
cfi=(175)
cfn=(1642)
calls=62 0 
* 310
* 756
fi=(228)
355 254
fe=(231)
245 1270
cfn=(1380) std::__cxx11::basic_string<char, std::char_traits<char>, std::allocator<char> >::_M_construct<char const*>(char const*, char const*, std::forward_iterator_tag)::_Guard::_Guard(std::__cxx11::basic_string<char, std::char_traits<char>, std::allocator<char> >*)
calls=254 -6 
* 3556
* 310
cfn=(1380)
calls=62 -6 
* 868
* 948
+2 948
cob=(4)
cfi=(175)
cfn=(1382)
calls=316 0 
* 1580
* 2844
cob=(4)
cfi=(175)
cfn=(1386)
calls=316 0 
* 8406
* 948
+2 316
+2 1580
cob=(4)
cfi=(175)
cfn=(1398)
calls=316 0 
* 2212
* 948
+1 948
cfn=(1402) std::__cxx11::basic_string<char, std::char_traits<char>, std::allocator<char> >::_M_construct<char const*>(char const*, char const*, std::forward_iterator_tag)::_Guard::~_Guard()
calls=316 -10 
* 4740
* 2528

fn=(1380)
239 4424

fn=(1402)
242 4740

fl=(279) /usr/include/c++/13/bits/stl_algobase.h
fn=(2730) std::pair<int, int>* std::__niter_base<std::pair<int, int>*>(std::pair<int, int>*)
316 5250
+2 2250

fn=(3088) int* std::fill_n<int*, unsigned long, int>(int*, unsigned long, int const&)
1152 180
fi=(346)
240 18
fe=(279)
1157 54
cfn=(3090) std::__size_to_integer(unsigned long)
calls=18 1018 
* 180
* 162
cfn=(3092) int* std::__fill_n_a<int*, unsigned long, int>(int*, unsigned long, int const&, std::random_access_iterator_tag)
calls=18 -40 
* 1896
* 18
+1 90
+1 36

fn=(3090)
1018 180

fn=(3096) __gnu_cxx::__enable_if<std::__is_scalar<int>::__value, void>::__type std::__fill_a1<int*, int>(int*, int*, int const&)
926 162
+3 54
+1 18
+1 180
-1 474
+2 72

fn=(2036) unsigned long const& std::min<unsigned long>(unsigned long const&, unsigned long const&)
233 5968
+5 4476
+2 746
+1 1492

fn=(3092)
1117 180
+6 36
+5 162
cfn=(3094) void std::__fill_a<int*, int>(int*, int*, int const&)
calls=18 976 
* 1356
* 54
+1 72
+1 36

fn=(3726) std::set<int, std::less<int>, std::allocator<int> >* std::__niter_base<std::set<int, std::less<int>, std::allocator<int> >*>(std::set<int, std::less<int>, std::allocator<int> >*)
316 378
+2 162

fn=(4088) int* std::__copy_move_a<false, __gnu_cxx::__normal_iterator<int const*, std::vector<int, std::allocator<int> > >, int*>(__gnu_cxx::__normal_iterator<int const*, std::vector<int, std::allocator<int> > >, __gnu_cxx::__normal_iterator<int const*, std::vector<int, std::allocator<int> > >, int*)
538 168
+2 42
cfn=(2972) int* std::__niter_base<int*>(int*)
calls=14 316 
* 140
* 98
cfi=(277)
cfn=(4090) int const* std::__niter_base<int const*, std::vector<int, std::allocator<int> > >(__gnu_cxx::__normal_iterator<int const*, std::vector<int, std::allocator<int> > >)
calls=14 1357 
* 378
* 98
cfi=(277)
cfn=(4090)
calls=14 1357 
* 378
* 98
cfn=(4092) int* std::__copy_move_a1<false, int const*, int*>(int const*, int const*, int*)
calls=14 -8 
* 1240
* 112
cfn=(4100) int* std::__niter_wrap<int*>(int* const&, int*)
calls=14 338 
* 154
* 14
+3 70
+1 70

fn=(4092)
532 140
+1 84
cfn=(4094) int* std::__copy_move_a2<false, int const*, int*>(int const*, int const*, int*)
calls=14 -36 
* 918
* 98

fn=(4100)
338 112
+1 42

fn=(2074) std::__cxx11::basic_string<char, std::char_traits<char>, std::allocator<char> >* std::__niter_base<std::__cxx11::basic_string<char, std::char_traits<char>, std::allocator<char> >*>(std::__cxx11::basic_string<char, std::char_traits<char>, std::allocator<char> >*)
316 6888
+2 2952

fn=(4094)
497 140
+9 84
cfn=(4096) int* std::__copy_move<false, true, std::random_access_iterator_tag>::__copy_m<int const, int>(int const*, int const*, int*)
calls=14 -73 
* 596
* 70
+1 28

fn=(4098) void std::__copy_move<false, false, std::random_access_iterator_tag>::__assign_one<int, int const>(int*, int const*)
397 48
+1 42

fn=(2040) unsigned long const& std::max<unsigned long>(unsigned long const&, unsigned long const&)
257 2816
+5 2748
+1 424
+1 140
+1 704

fn=(3094)
976 180
+1 108
cfn=(3096)
calls=18 -51 
* 960
* 108

fn=(4040) void std::iter_swap<__gnu_cxx::__normal_iterator<int*, std::vector<int, std::allocator<int> > >, __gnu_cxx::__normal_iterator<int*, std::vector<int, std::allocator<int> > > >(__gnu_cxx::__normal_iterator<int*, std::vector<int, std::allocator<int> > >, __gnu_cxx::__normal_iterator<int*, std::vector<int, std::allocator<int> > >)
155 30
+30 9
cfi=(277)
cfn=(2982) __gnu_cxx::__normal_iterator<int*, std::vector<int, std::allocator<int> > >::operator*() const
calls=3 1099 
* 33
* 21
cfi=(277)
cfn=(2982)
calls=3 1099 
* 33
* 18
cfi=(260)
cfn=(4042) std::enable_if<std::__and_<std::__not_<std::__is_tuple_like<int> >, std::is_move_constructible<int>, std::is_move_assignable<int> >::value, void>::type std::swap<int>(int&, int&)
calls=3 +4 
* 222
* 9
+2 12

fn=(4096)
433 140
+2 56
+1 73
+1 7
cob=(4)
cfi=(175)
cfn=(4012)
calls=1 0 
* 15
* 1
+1 44
+2 30
cfn=(4098)
calls=6 -43 
* 90
+1 112
+1 28

fn=(2340) Node* std::__niter_base<Node*>(Node*)
316 567
+2 243

fn=(2972)
316 1820
+2 780

fn=(4084) int* std::copy<__gnu_cxx::__normal_iterator<int const*, std::vector<int, std::allocator<int> > >, int*>(__gnu_cxx::__normal_iterator<int const*, std::vector<int, std::allocator<int> > >, __gnu_cxx::__normal_iterator<int const*, std::vector<int, std::allocator<int> > >, int*)
624 154
+9 42
cfi=(299) /usr/include/c++/13/bits/cpp_type_traits.h
cfn=(4086) __gnu_cxx::__normal_iterator<int const*, std::vector<int, std::allocator<int> > > std::__miter_base<__gnu_cxx::__normal_iterator<int const*, std::vector<int, std::allocator<int> > > >(__gnu_cxx::__normal_iterator<int const*, std::vector<int, std::allocator<int> > >)
calls=14 -26 
* 140
* 98
cfi=(299)
cfn=(4086)
calls=14 -26 
* 140
* 126
cfn=(4088)
calls=14 -95 
* 3060
* 84
+1 42

fn=(4106) std::vector<int, std::allocator<int> >* std::__niter_base<std::vector<int, std::allocator<int> >*>(std::vector<int, std::allocator<int> >*)
316 294
+2 126

fl=(289)
fn=(2874)
795 300
+7 125
cfn=(2876) std::_Bvector_base<std::allocator<bool> >::_Bvector_base(std::allocator<bool> const&)
calls=25 656 
* 4425
* 75
+2 125
cfn=(2890) std::vector<bool, std::allocator<bool> >::_M_initialize(unsigned long)
calls=25 1349 
* 10145
* 75
+1 175
cfn=(2910) std::vector<bool, std::allocator<bool> >::_M_initialize_value(bool)
calls=25 1363 
* 2900
* 75
+1 100

fn=(2878) std::_Bvector_base<std::allocator<bool> >::_Bvector_impl::_Bvector_impl(std::allocator<unsigned long> const&)
603 425
fi=(238)
92 25
fi=(239)
+76 25
fe=(289)
604 75
cfn=(2880) std::_Bvector_base<std::allocator<bool> >::_Bvector_impl_data::_Bvector_impl_data()
calls=25 -53 
* 2500
* 75
+1 75

fn=(3200)
890 275
cfn=(3202) std::_Bvector_base<std::allocator<bool> >::~_Bvector_base()
calls=25 669 
* 10151
* 150

fn=(3118) std::_Bit_const_iterator::operator[](long) const
498 648
+1 270
cfn=(3120) std::operator+(std::_Bit_const_iterator const&, long)
calls=54 +4 
* 5724
* 432
cfn=(3124) std::_Bit_const_iterator::operator*() const
calls=54 -59 
* 4428
* 594

fn=(3122) std::_Bit_const_iterator::operator+=(long)
482 486
+2 270
cfn=(2908) std::_Bit_iterator_base::_M_incr(long)
calls=54 224 
* 2700
* 162
+1 54
+1 108

fn=(3202)
669 200
+1 75
cfn=(3204) std::_Bvector_base<std::allocator<bool> >::_M_deallocate()
calls=25 +23 
* 8826
* 150
cfn=(3212) std::_Bvector_base<std::allocator<bool> >::_Bvector_impl::~_Bvector_impl()
calls=25 -80 
* 750
* 150

fn=(3204)
693 200
+2 175
+2 75
cfn=(2912) std::_Bvector_base<std::allocator<bool> >::_Bvector_impl::_M_end_addr() const
calls=25 -74 
* 925
* 250
+2 125
-1 150
fi=(263)
517 150
cfi=(238)
cfn=(3206) std::__new_allocator<unsigned long>::deallocate(unsigned long*, unsigned long)
calls=25 156 
* 3026
* 100
fe=(289)
701 75
cfn=(3210) std::_Bvector_base<std::allocator<bool> >::_Bvector_impl_data::_M_reset()
calls=25 577 
* 3425
* 75
+2 75

fn=(4028) std::vector<bool, std::allocator<bool> >::_M_erase_at_end(std::_Bit_iterator)
1541 33
+1 24

fn=(2902) std::_Bit_iterator::_Bit_iterator(unsigned long*, unsigned int)
316 3150
+1 1890
cfn=(2884) std::_Bit_iterator_base::_Bit_iterator_base(unsigned long*, unsigned int)
calls=315 195 
* 5670
* 1890

fn=(2908)
224 3690
-35 1107
+1 738
+2 369
+35 2214
+1 4059
+1 2952
+1 738
+5 1476
+1 1107

fn=(2994)
104 801
+2 436
+1 860
+2 33
+1 3
+1 6
-1 86
+1 172

fn=(3112)
1091 648
+1 162
cfn=(3114) std::vector<bool, std::allocator<bool> >::begin() const
calls=54 -92 
* 3888
* 540
cfn=(3118)
calls=54 498 
* 12096
* 594

fn=(2884)
195 4275
+1 4275

fn=(2890)
1349 300
+2 125
+2 125
cfn=(2892) std::_Bvector_base<std::allocator<bool> >::_M_allocate(unsigned long)
calls=25 677 
* 3970
* 100
+1 75
cfn=(2894) std::_Bvector_base<std::allocator<bool> >::_S_nword(unsigned long)
calls=25 714 
* 300
* 200
+1 75
cfi=(260)
cfn=(2900) unsigned long* std::__addressof<unsigned long>(unsigned long&)
calls=25 51 
* 250
* 225
cfn=(2902)
calls=25 316 
* 1000
* 75
+1 125
+1 125
cfn=(2904) std::operator+(std::_Bit_iterator const&, long)
calls=25 389 
* 2650
* 250
+2 175

fn=(2892)
677 225
+2 75
cfn=(2894)
calls=25 +35 
* 300
* 150
fi=(263)
482 150
cfi=(238)
cfn=(2896) std::__new_allocator<unsigned long>::allocate(unsigned long, void const*)
calls=25 126 
* 2870
* 100
fe=(289)
679 25
+9 25
+1 50

fn=(2914) std::__fill_bvector_n(unsigned long*, unsigned long, bool)
1588 308
+9 252
cob=(4)
cfi=(175)
cfn=(1434)
calls=28 0 
* 420
+1 84

fn=(2984)
1086 3444
+1 861
cfn=(2986) std::vector<bool, std::allocator<bool> >::begin()
calls=287 -92 
* 20664
* 2870
cfn=(2988) std::_Bit_iterator::operator[](long) const
calls=287 384 
* 56539
* 2583

fn=(2988)
384 3444
+1 1435
cfn=(2904)
calls=287 +4 
* 30422
* 2296
cfn=(2990) std::_Bit_iterator::operator*() const
calls=287 -59 
* 16646
* 2296

fn=(3116) std::_Bit_const_iterator::_Bit_const_iterator(unsigned long*, unsigned int)
426 570
+1 342
cfn=(2884)
calls=57 195 
* 1026
* 342

fn=(4016) std::vector<bool, std::allocator<bool> >::assign(unsigned long, bool const&)
965 30
+1 24
cfn=(4018) std::vector<bool, std::allocator<bool> >::_M_fill_assign(unsigned long, bool)
calls=3 1436 
* 1824
* 18

fn=(2876)
656 300
+1 125
fi=(238)
88 25
fi=(239)
+90 25
fe=(289)
657 100
cfn=(2878)
calls=25 -54 
* 3200
* 75
fi=(239)
184 75
cfi=(238)
cfn=(2886) std::__new_allocator<unsigned long>::~__new_allocator()
calls=25 -80 
* 250
* 100
fe=(289)
657 150

fn=(2880)
551 400
+1 150
cfn=(2882) std::_Bit_iterator::_Bit_iterator()
calls=50 313 
* 1850
* 350
cfn=(2882)
calls=50 313 
* 1850
* 250
+1 150

fn=(2906) std::_Bit_iterator::operator+=(long)
368 2835
+2 1575
cfn=(2908)
calls=315 224 
* 15750
* 945
+1 315
+1 630

fn=(2910)
1363 308
+2 224
+1 112
cfn=(2912)
calls=28 623 
* 1036
* 308
cfn=(2914)
calls=28 1588 
* 1064
* 84
+1 112

fn=(2992) std::_Bit_reference::_Bit_reference(unsigned long*, unsigned long)
88 3069
+1 3069

fn=(4022) std::vector<bool, std::allocator<bool> >::end() const
1010 33
+1 18
cfn=(4024) std::_Bit_const_iterator::_Bit_const_iterator(std::_Bit_iterator const&)
calls=3 430 
* 123
* 42

fn=(4026) std::operator-(std::_Bit_iterator_base const&, std::_Bit_iterator_base const&)
292 30
189 9
+1 6
+2 9
-3 9
+1 6
+2 3
296 15
+1 30
+1 6

fn=(2904)
389 3780
+2 1575
+1 1575
cfn=(2906)
calls=315 -24 
* 22050
* 945
+1 1890
+1 1575

fn=(2912)
623 424
+2 371
+1 265
cfi=(260)
cfn=(2900)
calls=53 51 
* 530
* 265
+2 106

fn=(3038)
99 1764
+1 2520

fn=(3124)
440 594
+2 108
189 162
+1 108
+2 54
443 594
cfn=(2992)
calls=54 88 
* 972
* 324
cfn=(3038)
calls=54 99 
* 918
* 324
+1 270

fn=(3212)
590 250
fi=(239)
184 75
cfi=(238)
cfn=(2886)
calls=25 -80 
* 250
* 100
fe=(289)
590 75

fn=(4020) std::vector<bool, std::allocator<bool> >::size() const
1057 33
+1 9
cfn=(3114)
calls=3 -58 
* 216
* 24
cfn=(4022)
calls=3 -48 
* 216
* 30
cfn=(4026)
calls=3 292 
* 123
* 30

fn=(4024)
430 27
+1 24
cfn=(2884)
calls=3 195 
* 54
* 18

fn=(2990)
326 3157
+2 574
189 861
+1 574
+2 287
329 3157
cfn=(2992)
calls=287 88 
* 5166
* 1435
+1 1435

fn=(3114)
1000 627
+1 399
cfn=(3116)
calls=57 426 
* 2280
* 798

fn=(2882)
313 1300
cfn=(2884)
calls=100 195 
* 1800
* 600

fn=(2894)
714 350
+1 250

fn=(2986)
995 3190
+1 2030
cfn=(2902)
calls=290 316 
* 11600
* 4060

fn=(3120)
503 648
+2 270
+1 270
cfn=(3122)
calls=54 -24 
* 3780
* 162
+1 324
+1 270

fn=(3210)
577 300
+1 75
cfn=(2880)
calls=25 -27 
* 2500
* 550

fn=(4018)
1436 45
+2 9
cfn=(4020)
calls=3 1057 
* 681
* 21
+7 12
cfn=(2986)
calls=3 995 
* 216
* 27
cfn=(2904)
calls=3 389 
* 318
* 33
cfn=(4028)
calls=3 +96 
* 57
* 9
+1 18
cfn=(2910)
calls=3 -83 
* 348
* 9
+2 21

fl=(294) /usr/include/c++/13/bits/stl_deque.h
fn=(3378) std::_Deque_iterator<int, int&, int*>::_M_set_node(int**)
263 120
+2 36
+1 48
+1 36
cfn=(3380) std::_Deque_iterator<int, int&, int*>::_S_buffer_size()
calls=12 131 
* 408
* 84
+1 48

fn=(3392) std::deque<int, std::allocator<int> >::empty() const
1347 248
+1 217
cfn=(3394) std::operator==(std::_Deque_iterator<int, int&, int*> const&, std::_Deque_iterator<int, int&, int*> const&)
calls=31 272 
* 496
* 248

fn=(3420) std::deque<int, std::allocator<int> >::_M_destroy_data(std::_Deque_iterator<int, int&, int*>, std::_Deque_iterator<int, int&, int*>, std::allocator<int> const&)
2087 84
+5 36

fn=(3346) std::_Deque_base<int, std::allocator<int> >::_Deque_base()
458 54
+1 18
cfn=(3348) std::_Deque_base<int, std::allocator<int> >::_Deque_impl::_Deque_impl()
calls=6 +86 
* 528
* 18
+1 24
cfn=(3354) std::_Deque_base<int, std::allocator<int> >::_M_initialize_map(unsigned long)
calls=6 638 
* 4056
* 42

fn=(3374) std::_Deque_base<int, std::allocator<int> >::_M_allocate_node()
580 48
+3 12
cfn=(3356) std::__deque_buf_size(unsigned long)
calls=6 97 
* 108
* 36
fi=(263)
482 36
cfi=(238)
cfn=(2958) std::__new_allocator<int>::allocate(unsigned long, void const*)
calls=6 126 
* 582
* 30
fe=(294)
583 6
+1 12

fn=(3400) std::deque<int, std::allocator<int> >::end()
1170 270
+1 180
cfn=(3402) std::_Deque_iterator<int, int&, int*>::_Deque_iterator(std::_Deque_iterator<int, int&, int*> const&)
calls=30 168 
* 810
* 180

fn=(3406) std::_Deque_iterator<int, int&, int*>::operator*() const
181 168
+1 96

fn=(3416) std::deque<int, std::allocator<int> >::~deque()
1027 72
+1 18
cfn=(3412) std::_Deque_base<int, std::allocator<int> >::_M_get_Tp_allocator()
calls=6 568 
* 60
* 54
cfn=(3400)
calls=6 1170 
* 288
* 48
cfn=(3418) std::deque<int, std::allocator<int> >::begin()
calls=6 1151 
* 288
* 54
cfn=(3420)
calls=6 2087 
* 120
* 36
cfn=(3422) std::_Deque_base<int, std::allocator<int> >::~_Deque_base()
calls=6 617 
* 2934
* 60

fn=(3424) std::_Deque_base<int, std::allocator<int> >::_M_destroy_nodes(int**, int**)
695 60
+4 36
+1 36
cfn=(3426) std::_Deque_base<int, std::allocator<int> >::_M_deallocate_node(int*)
calls=6 587 
* 996
* 18
-1 42
+2 24

fn=(3348)
545 72
fi=(238)
88 6
fi=(239)
+75 6
fe=(294)
547 18
cfn=(3350) std::_Deque_base<int, std::allocator<int> >::_Deque_impl_data::_Deque_impl_data()
calls=6 -31 
* 390
* 18
+1 18

fn=(3352) std::_Deque_iterator<int, int&, int*>::_Deque_iterator()
151 84
+1 132

fn=(3410) std::deque<int, std::allocator<int> >::pop_back()
1597 189
+3 42
+1 42
-1 105
+3 105
+1 105
cfn=(3412)
calls=21 568 
* 210
* 189
fi=(238)
198 21
fi=(263)
562 21
fe=(294)
1609 84

fn=(3430) std::_Deque_base<int, std::allocator<int> >::_M_deallocate_map(int**, unsigned long)
601 78
+2 30
cfn=(3360) std::_Deque_base<int, std::allocator<int> >::_M_get_map_allocator() const
calls=6 -27 
* 216
* 42
fi=(263)
-86 36
cfi=(238)
cfn=(3432) std::__new_allocator<int*>::deallocate(int**, unsigned long)
calls=6 156 
* 696
* 24
fi=(239)
184 18
cfi=(238)
cfn=(3368) std::__new_allocator<int*>::~__new_allocator()
calls=6 -80 
* 60
* 24
fe=(294)
605 36

fn=(3350)
516 48
+1 48
cfn=(3352)
calls=6 151 
* 108
* 42
cfn=(3352)
calls=6 151 
* 108
* 18
+1 18

fn=(3356)
97 252
+1 396

fn=(3360)
576 108
+1 36
cfn=(3362) std::_Deque_base<int, std::allocator<int> >::_M_get_Tp_allocator() const
calls=12 -5 
* 120
* 96
fi=(238)
88 12
fi=(239)
+90 12
fe=(294)
577 48

fn=(3380)
131 72
+1 24
cfn=(3356)
calls=12 -35 
* 216
* 96

fn=(3362)
572 84
+1 36

fn=(3384) std::deque<int, std::allocator<int> >::push_back(int const&)
1538 210
+2 42
+1 63
-1 105
+3 147
fi=(263)
538 63
cfi=(260)
cfn=(2244) int const& std::forward<int const&>(std::remove_reference<int const&>::type&)
calls=21 70 
* 210
* 168
fi=(238)
191 84
cfi=(265)
cfn=(1808)
calls=21 -16 
* 231
* 147
cfi=(260)
cfn=(2244)
calls=21 70 
* 210
* 63
fi=(263)
542 84
fe=(294)
1545 105
+4 105

fn=(3402)
168 288
+1 288
+1 396

fn=(3418)
1151 54
+1 36
cfn=(3402)
calls=6 168 
* 162
* 36

fn=(3422)
617 48
+3 42
+3 12
-1 42
cfn=(3424)
calls=6 +73 
* 1212
* 18
+2 48
cfn=(3430)
calls=6 -23 
* 1260
* 18
+2 18
cfn=(3438) std::_Deque_base<int, std::allocator<int> >::_Deque_impl::~_Deque_impl()
calls=6 -84 
* 180
* 36

fn=(3344) std::deque<int, std::allocator<int> >::deque()
855 66
cfn=(3346)
calls=6 458 
* 4740
* 36

fn=(3412)
568 189
+1 81

fn=(3354)
638 78
+3 12
cfn=(3356)
calls=6 97 
* 108
* 54
+4 18
-1 36
cfi=(279)
cfn=(2040)
calls=6 257 
* 102
* 36
+2 36
cfn=(3358) std::_Deque_base<int, std::allocator<int> >::_M_allocate_map(unsigned long)
calls=6 -52 
* 1152
* 30
+7 12
+1 30
-1 12
+2 30
+3 36
cfn=(3372) std::_Deque_base<int, std::allocator<int> >::_M_create_nodes(int**, int**)
calls=6 +19 
* 1086
* 18
+9 36
cfn=(3378)
calls=6 263 
* 390
* 18
+1 42
cfn=(3378)
calls=6 263 
* 390
* 18
+1 24
+1 12
+2 12
cfn=(3356)
calls=6 97 
* 108
* 54
-1 12
-1 12
+3 42

fn=(3394)
272 248
+1 248

fn=(3404) std::_Deque_iterator<int, int&, int*>::operator--()
210 192
+2 144
+5 120
+1 24
+1 48

fn=(3426)
587 54
+3 12
cfn=(3356)
calls=6 97 
* 108
* 48
fi=(263)
-73 36
cfi=(238)
cfn=(3226) std::__new_allocator<int>::deallocate(int*, unsigned long)
calls=6 156 
* 696
* 24
fe=(294)
+74 18

fn=(3372)
677 66
+6 36
+1 18
cfn=(3374)
calls=6 580 
* 870
* 30
-1 42
+8 24

fn=(3398) std::deque<int, std::allocator<int> >::back()
1468 264
+3 120
cfn=(3400)
calls=24 1170 
* 1152
* 72
+1 72
cfn=(3404)
calls=24 210 
* 528
* 72
+1 72
cfn=(3406)
calls=24 181 
* 264
* 144
+1 120

fn=(3358)
594 78
+2 30
cfn=(3360)
calls=6 -20 
* 216
* 30
fi=(263)
482 36
cfi=(238)
cfn=(3364) std::__new_allocator<int*>::allocate(unsigned long, void const*)
calls=6 126 
* 582
* 30
fe=(294)
597 6
fi=(239)
184 18
cfi=(238)
cfn=(3368)
calls=6 -80 
* 60
* 24
fe=(294)
597 6
+1 36

fn=(3438)
542 60
fi=(239)
184 18
cfi=(238)
cfn=(3066)
calls=6 -80 
* 60
* 24
fe=(294)
542 18

fl=(268)
fn=(3612) std::less<int>::operator()(int const&, int const&) const
407 2790
+1 2480

fn=(3540) std::_Identity<int>::operator()(int const&) const
1166 3688
+1 1383

fn=(4186) std::_Identity<std::pair<int, int> >::operator()(std::pair<int, int>&) const
1162 16
+1 6

fn=(2298)
377 5112
+1 4544

fn=(1886)
377 1680
+1 840
cfi=(228)
cfn=(1888) bool std::operator==<char, std::char_traits<char>, std::allocator<char> >(std::__cxx11::basic_string<char, std::char_traits<char>, std::allocator<char> > const&, std::__cxx11::basic_string<char, std::char_traits<char>, std::allocator<char> > const&)
calls=168 3710 
* 12554
* 1344

fl=(281)
fn=(2228)
903 112
cfn=(2230) std::_Tuple_impl<0ul, int const&>::_Tuple_impl(std::_Tuple_impl<0ul, int const&>&&)
calls=8 527 
* 120
* 48

fn=(2236) std::tuple_element<0ul, std::tuple<int const&> >::type& std::get<0ul, int const&>(std::tuple<int const&>&)
1803 64
+1 24
cfn=(2238) int const& std::__get_helper<0ul, int const&>(std::_Tuple_impl<0ul, int const&>&)
calls=8 -17 
* 392
* 64

fn=(2242) std::_Head_base<0ul, int const&, false>::_M_head(std::_Head_base<0ul, int const&, false>&)
234 88

fn=(2798) std::_Tuple_impl<1ul, std::default_delete<MST_algo> >::_Tuple_impl()
503 48
+1 18
cfn=(2800) std::_Head_base<1ul, std::default_delete<MST_algo>, true>::_Head_base()
calls=6 81 
* 60
* 36

fn=(2810) std::_Tuple_impl<0ul, MST_algo*, std::default_delete<MST_algo> >::_M_head(std::_Tuple_impl<0ul, MST_algo*, std::default_delete<MST_algo> >&)
269 264
cfn=(2812) std::_Head_base<0ul, MST_algo*, false>::_M_head(std::_Head_base<0ul, MST_algo*, false>&)
calls=24 -35 
* 240
* 192

fn=(2862) Algorithms* const& std::__get_helper<0ul, Algorithms*, std::default_delete<Algorithms> >(std::_Tuple_impl<0ul, Algorithms*, std::default_delete<Algorithms> > const&)
1792 200
+1 75
cfn=(2864) std::_Tuple_impl<0ul, Algorithms*, std::default_delete<Algorithms> >::_M_head(std::_Tuple_impl<0ul, Algorithms*, std::default_delete<Algorithms> > const&)
calls=25 272 
* 725
* 200

fn=(3282) std::_Head_base<1ul, std::default_delete<EulerCircuit_algo>, true>::_Head_base()
81 49
+1 21

fn=(3322) std::_Tuple_impl<0ul, Algorithms*, std::default_delete<Algorithms> >::_Tuple_impl<Algorithms*&, std::default_delete<EulerCircuit_algo>, void>(Algorithms*&, std::default_delete<EulerCircuit_algo>&&)
291 77
+2 21
cfi=(260)
cfn=(3310) std::default_delete<EulerCircuit_algo>&& std::forward<std::default_delete<EulerCircuit_algo> >(std::remove_reference<std::default_delete<EulerCircuit_algo> >::type&)
calls=7 70 
* 70
* 56
cfn=(3324) std::_Tuple_impl<1ul, std::default_delete<Algorithms> >::_Tuple_impl<std::default_delete<EulerCircuit_algo> >(std::default_delete<EulerCircuit_algo>&&)
calls=7 513 
* 588
* 49
cfi=(260)
cfn=(2840) Algorithms*& std::forward<Algorithms*&>(std::remove_reference<Algorithms*&>::type&)
calls=7 70 
* 70
* 42
cfn=(2850) std::_Head_base<0ul, Algorithms*, false>::_Head_base<Algorithms*&>(Algorithms*&)
calls=7 -93 
* 217
* 21
+1 28

fn=(3488) std::_Tuple_impl<1ul, std::default_delete<MaxClique_algo> >::_M_head(std::_Tuple_impl<1ul, std::default_delete<MaxClique_algo> >&)
497 44
cfn=(3490) std::_Head_base<1ul, std::default_delete<MaxClique_algo>, true>::_M_head(std::_Head_base<1ul, std::default_delete<MaxClique_algo>, true>&)
calls=4 125 
* 40
* 32

fn=(3896) SCC_algo*& std::__get_helper<0ul, SCC_algo*, std::default_delete<SCC_algo> >(std::_Tuple_impl<0ul, SCC_algo*, std::default_delete<SCC_algo> >&)
1787 96
+1 36
cfn=(3898) std::_Tuple_impl<0ul, SCC_algo*, std::default_delete<SCC_algo> >::_M_head(std::_Tuple_impl<0ul, SCC_algo*, std::default_delete<SCC_algo> >&)
calls=12 269 
* 348
* 96

fn=(3914) std::_Head_base<1ul, std::default_delete<SCC_algo>, true>::_M_head(std::_Head_base<1ul, std::default_delete<SCC_algo>, true>&)
125 30

fn=(3930) std::_Tuple_impl<1ul, std::default_delete<Algorithms> >::_Tuple_impl<std::default_delete<SCC_algo> >(std::default_delete<SCC_algo>&&)
513 27
+1 9
cfi=(260)
cfn=(3916) std::default_delete<SCC_algo>&& std::forward<std::default_delete<SCC_algo> >(std::remove_reference<std::default_delete<SCC_algo> >::type&)
calls=3 70 
* 30
* 24
cfn=(3932) std::_Head_base<1ul, std::default_delete<Algorithms>, true>::_Head_base<std::default_delete<SCC_algo> >(std::default_delete<SCC_algo>&&)
calls=3 91 
* 144
* 9
+1 9

fn=(4308) std::_Head_base<1ul, std::default_delete<HamCircuit_algo>, true>::_Head_base()
81 35
+1 15

fn=(4310) std::_Head_base<0ul, HamCircuit_algo*, false>::_Head_base()
190 35
+1 25

fn=(4318) std::_Tuple_impl<0ul, HamCircuit_algo*, std::default_delete<HamCircuit_algo> >::_M_head(std::_Tuple_impl<0ul, HamCircuit_algo*, std::default_delete<HamCircuit_algo> >&)
269 220
cfn=(4320) std::_Head_base<0ul, HamCircuit_algo*, false>::_M_head(std::_Head_base<0ul, HamCircuit_algo*, false>&)
calls=20 -35 
* 200
* 160

fn=(2378) std::tuple<Graph*, std::default_delete<Graph> >::tuple<true, true>()
1317 192
+2 72
cfn=(2380) std::_Tuple_impl<0ul, Graph*, std::default_delete<Graph> >::_Tuple_impl()
calls=24 280 
* 1488
* 144

fn=(2800)
81 42
+1 18

fn=(2802) std::_Head_base<0ul, MST_algo*, false>::_Head_base()
190 42
+1 30

fn=(2838) std::tuple<Algorithms*, std::default_delete<Algorithms> >::tuple<Algorithms*&, std::default_delete<MST_algo>, true>(Algorithms*&, std::default_delete<MST_algo>&&)
1345 72
+2 24
cfi=(260)
cfn=(2828) std::default_delete<MST_algo>&& std::forward<std::default_delete<MST_algo> >(std::remove_reference<std::default_delete<MST_algo> >::type&)
calls=6 70 
* 60
* 42
cfi=(260)
cfn=(2840)
calls=6 70 
* 60
* 42
cfn=(2842) std::_Tuple_impl<0ul, Algorithms*, std::default_delete<Algorithms> >::_Tuple_impl<Algorithms*&, std::default_delete<MST_algo>, void>(Algorithms*&, std::default_delete<MST_algo>&&)
calls=6 291 
* 1062
* 54

fn=(3506) std::_Tuple_impl<1ul, std::default_delete<Algorithms> >::_Tuple_impl<std::default_delete<MaxClique_algo> >(std::default_delete<MaxClique_algo>&&)
513 36
+1 12
cfi=(260)
cfn=(3492) std::default_delete<MaxClique_algo>&& std::forward<std::default_delete<MaxClique_algo> >(std::remove_reference<std::default_delete<MaxClique_algo> >::type&)
calls=4 70 
* 40
* 32
cfn=(3508) std::_Head_base<1ul, std::default_delete<Algorithms>, true>::_Head_base<std::default_delete<MaxClique_algo> >(std::default_delete<MaxClique_algo>&&)
calls=4 91 
* 192
* 12
+1 12

fn=(3908) std::tuple_element<1ul, std::tuple<SCC_algo*, std::default_delete<SCC_algo> > >::type& std::get<1ul, SCC_algo*, std::default_delete<SCC_algo> >(std::tuple<SCC_algo*, std::default_delete<SCC_algo> >&)
1803 24
+1 9
cfn=(3910) std::default_delete<SCC_algo>& std::__get_helper<1ul, std::default_delete<SCC_algo>>(std::_Tuple_impl<1ul, std::default_delete<SCC_algo>>&)
calls=3 -17 
* 144
* 24

fn=(4346) std::tuple<Algorithms*, std::default_delete<Algorithms> >::tuple<Algorithms*&, std::default_delete<HamCircuit_algo>, true>(Algorithms*&, std::default_delete<HamCircuit_algo>&&)
1345 60
+2 20
cfi=(260)
cfn=(4336) std::default_delete<HamCircuit_algo>&& std::forward<std::default_delete<HamCircuit_algo> >(std::remove_reference<std::default_delete<HamCircuit_algo> >::type&)
calls=5 70 
* 50
* 35
cfi=(260)
cfn=(2840)
calls=5 70 
* 50
* 35
cfn=(4348) std::_Tuple_impl<0ul, Algorithms*, std::default_delete<Algorithms> >::_Tuple_impl<Algorithms*&, std::default_delete<HamCircuit_algo>, void>(Algorithms*&, std::default_delete<HamCircuit_algo>&&)
calls=5 291 
* 885
* 45

fn=(2198) std::_Head_base<0ul, int const&, false>::_Head_base(int const&)
193 64
+1 48

fn=(2382) std::_Tuple_impl<1ul, std::default_delete<Graph> >::_Tuple_impl()
503 192
+1 72
cfn=(2384) std::_Head_base<1ul, std::default_delete<Graph>, true>::_Head_base()
calls=24 81 
* 240
* 144

fn=(2436)
2252 18
+5 12
cfn=(2438) std::pair<int const, std::unique_ptr<Graph, std::default_delete<Graph> > >::pair<int const&, 0ul>(std::tuple<int const&>&, std::tuple<>&, std::_Index_tuple<0ul>, std::_Index_tuple<>)
calls=2 +7 
* 488
* 6
+1 6

fn=(2628) std::tuple_element<0ul, std::tuple<Graph*, std::default_delete<Graph> > >::type const& std::get<0ul, Graph*, std::default_delete<Graph> >(std::tuple<Graph*, std::default_delete<Graph> > const&)
1809 2208
+1 828
cfn=(2630) Graph* const& std::__get_helper<0ul, Graph*, std::default_delete<Graph> >(std::_Tuple_impl<0ul, Graph*, std::default_delete<Graph> > const&)
calls=276 -18 
* 13248
* 2208

fn=(2824) std::_Tuple_impl<1ul, std::default_delete<MST_algo> >::_M_head(std::_Tuple_impl<1ul, std::default_delete<MST_algo> >&)
497 66
cfn=(2826) std::_Head_base<1ul, std::default_delete<MST_algo>, true>::_M_head(std::_Head_base<1ul, std::default_delete<MST_algo>, true>&)
calls=6 125 
* 60
* 48

fn=(2842)
291 66
+2 18
cfi=(260)
cfn=(2828)
calls=6 70 
* 60
* 48
cfn=(2844) std::_Tuple_impl<1ul, std::default_delete<Algorithms> >::_Tuple_impl<std::default_delete<MST_algo> >(std::default_delete<MST_algo>&&)
calls=6 513 
* 504
* 42
cfi=(260)
cfn=(2840)
calls=6 70 
* 60
* 36
cfn=(2850)
calls=6 -93 
* 186
* 18
+1 24

fn=(2864)
272 275
cfn=(2866) std::_Head_base<0ul, Algorithms*, false>::_M_head(std::_Head_base<0ul, Algorithms*, false> const&)
calls=25 -35 
* 250
* 200

fn=(3242) std::_Tuple_impl<0ul, Algorithms*, std::default_delete<Algorithms> >::_M_head(std::_Tuple_impl<0ul, Algorithms*, std::default_delete<Algorithms> >&)
269 275
cfn=(3244) std::_Head_base<0ul, Algorithms*, false>::_M_head(std::_Head_base<0ul, Algorithms*, false>&)
calls=25 -35 
* 250
* 200

fn=(3254) std::_Tuple_impl<1ul, std::default_delete<Algorithms> >::_M_head(std::_Tuple_impl<1ul, std::default_delete<Algorithms> >&)
497 275
cfn=(3256) std::_Head_base<1ul, std::default_delete<Algorithms>, true>::_M_head(std::_Head_base<1ul, std::default_delete<Algorithms>, true>&)
calls=25 125 
* 250
* 200

fn=(3304) std::default_delete<EulerCircuit_algo>& std::__get_helper<1ul, std::default_delete<EulerCircuit_algo>>(std::_Tuple_impl<1ul, std::default_delete<EulerCircuit_algo>>&)
1787 56
+1 21
cfn=(3306) std::_Tuple_impl<1ul, std::default_delete<EulerCircuit_algo> >::_M_head(std::_Tuple_impl<1ul, std::default_delete<EulerCircuit_algo> >&)
calls=7 497 
* 203
* 56

fn=(3484) std::tuple_element<1ul, std::tuple<MaxClique_algo*, std::default_delete<MaxClique_algo> > >::type& std::get<1ul, MaxClique_algo*, std::default_delete<MaxClique_algo> >(std::tuple<MaxClique_algo*, std::default_delete<MaxClique_algo> >&)
1803 32
+1 12
cfn=(3486) std::default_delete<MaxClique_algo>& std::__get_helper<1ul, std::default_delete<MaxClique_algo>>(std::_Tuple_impl<1ul, std::default_delete<MaxClique_algo>>&)
calls=4 -17 
* 192
* 32

fn=(3486)
1787 32
+1 12
cfn=(3488)
calls=4 497 
* 116
* 32

fn=(3882) std::tuple<SCC_algo*, std::default_delete<SCC_algo> >::tuple<true, true>()
1317 24
+2 9
cfn=(3884) std::_Tuple_impl<0ul, SCC_algo*, std::default_delete<SCC_algo> >::_Tuple_impl()
calls=3 280 
* 186
* 18

fn=(3900) std::_Head_base<0ul, SCC_algo*, false>::_M_head(std::_Head_base<0ul, SCC_algo*, false>&)
234 120

fn=(3910)
1787 24
+1 9
cfn=(3912) std::_Tuple_impl<1ul, std::default_delete<SCC_algo> >::_M_head(std::_Tuple_impl<1ul, std::default_delete<SCC_algo> >&)
calls=3 497 
* 87
* 24

fn=(2384)
81 168
+1 72

fn=(2386) std::_Head_base<0ul, Graph*, false>::_Head_base()
190 168
+1 120

fn=(2438)
2264 20
+3 6
cfn=(2236)
calls=2 1803 
* 136
* 10
cfi=(260)
cfn=(2244)
calls=2 70 
* 20
* 12
+1 8
cfi=(282) /usr/include/c++/13/bits/unique_ptr.h
cfn=(2440) std::unique_ptr<Graph, std::default_delete<Graph> >::unique_ptr<std::default_delete<Graph>, void>()
calls=2 304 
* 264
* 6
+1 6

fn=(2498) std::_Head_base<1ul, std::default_delete<Graph>, true>::_M_head(std::_Head_base<1ul, std::default_delete<Graph>, true>&)
125 660

fn=(2630)
1792 2208
+1 828
cfn=(2632) std::_Tuple_impl<0ul, Graph*, std::default_delete<Graph> >::_M_head(std::_Tuple_impl<0ul, Graph*, std::default_delete<Graph> > const&)
calls=276 272 
* 8004
* 2208

fn=(3288) std::tuple_element<0ul, std::tuple<EulerCircuit_algo*, std::default_delete<EulerCircuit_algo> > >::type& std::get<0ul, EulerCircuit_algo*, std::default_delete<EulerCircuit_algo> >(std::tuple<EulerCircuit_algo*, std::default_delete<EulerCircuit_algo> >&)
1803 224
+1 84
cfn=(3290) EulerCircuit_algo*& std::__get_helper<0ul, EulerCircuit_algo*, std::default_delete<EulerCircuit_algo> >(std::_Tuple_impl<0ul, EulerCircuit_algo*, std::default_delete<EulerCircuit_algo> >&)
calls=28 -17 
* 1344
* 224

fn=(3308) std::_Head_base<1ul, std::default_delete<EulerCircuit_algo>, true>::_M_head(std::_Head_base<1ul, std::default_delete<EulerCircuit_algo>, true>&)
125 70

fn=(3320) std::tuple<Algorithms*, std::default_delete<Algorithms> >::tuple<Algorithms*&, std::default_delete<EulerCircuit_algo>, true>(Algorithms*&, std::default_delete<EulerCircuit_algo>&&)
1345 84
+2 28
cfi=(260)
cfn=(3310)
calls=7 70 
* 70
* 49
cfi=(260)
cfn=(2840)
calls=7 70 
* 70
* 49
cfn=(3322)
calls=7 291 
* 1239
* 63

fn=(3886) std::_Tuple_impl<1ul, std::default_delete<SCC_algo> >::_Tuple_impl()
503 24
+1 9
cfn=(3888) std::_Head_base<1ul, std::default_delete<SCC_algo>, true>::_Head_base()
calls=3 81 
* 30
* 18

fn=(3898)
269 132
cfn=(3900)
calls=12 -35 
* 120
* 96

fn=(3932)
91 30
+1 12
cfi=(260)
cfn=(3916)
calls=3 -22 
* 30
* 18
cfi=(282)
cfn=(3934) std::default_delete<Algorithms>::default_delete<SCC_algo, void>(std::default_delete<SCC_algo> const&)
calls=3 -4 
* 33
* 21

fn=(4316) HamCircuit_algo*& std::__get_helper<0ul, HamCircuit_algo*, std::default_delete<HamCircuit_algo> >(std::_Tuple_impl<0ul, HamCircuit_algo*, std::default_delete<HamCircuit_algo> >&)
1787 160
+1 60
cfn=(4318)
calls=20 269 
* 580
* 160

fn=(4330) std::default_delete<HamCircuit_algo>& std::__get_helper<1ul, std::default_delete<HamCircuit_algo>>(std::_Tuple_impl<1ul, std::default_delete<HamCircuit_algo>>&)
1787 40
+1 15
cfn=(4332) std::_Tuple_impl<1ul, std::default_delete<HamCircuit_algo> >::_M_head(std::_Tuple_impl<1ul, std::default_delete<HamCircuit_algo> >&)
calls=5 497 
* 145
* 40

fn=(4352) std::_Head_base<1ul, std::default_delete<Algorithms>, true>::_Head_base<std::default_delete<HamCircuit_algo> >(std::default_delete<HamCircuit_algo>&&)
91 50
+1 20
cfi=(260)
cfn=(4336)
calls=5 -22 
* 50
* 30
cfi=(282)
cfn=(4354) std::default_delete<Algorithms>::default_delete<HamCircuit_algo, void>(std::default_delete<HamCircuit_algo> const&)
calls=5 -4 
* 55
* 35

fn=(2238)
1787 64
+1 24
cfn=(2240) std::_Tuple_impl<0ul, int const&>::_M_head(std::_Tuple_impl<0ul, int const&>&)
calls=8 497 
* 240
* 64

fn=(2240)
497 88
cfn=(2242)
calls=8 234 
* 88
* 64

fn=(2392) Graph*& std::__get_helper<0ul, Graph*, std::default_delete<Graph> >(std::_Tuple_impl<0ul, Graph*, std::default_delete<Graph> >&)
1787 1072
+1 402
cfn=(2394) std::_Tuple_impl<0ul, Graph*, std::default_delete<Graph> >::_M_head(std::_Tuple_impl<0ul, Graph*, std::default_delete<Graph> >&)
calls=134 269 
* 3886
* 1072

fn=(2796) std::_Tuple_impl<0ul, MST_algo*, std::default_delete<MST_algo> >::_Tuple_impl()
280 48
+1 18
cfn=(2798)
calls=6 503 
* 162
* 36
cfn=(2802)
calls=6 -91 
* 72
* 36

fn=(2860) std::tuple_element<0ul, std::tuple<Algorithms*, std::default_delete<Algorithms> > >::type const& std::get<0ul, Algorithms*, std::default_delete<Algorithms> >(std::tuple<Algorithms*, std::default_delete<Algorithms> > const&)
1809 200
+1 75
cfn=(2862)
calls=25 -18 
* 1200
* 200

fn=(3240) Algorithms*& std::__get_helper<0ul, Algorithms*, std::default_delete<Algorithms> >(std::_Tuple_impl<0ul, Algorithms*, std::default_delete<Algorithms> >&)
1787 200
+1 75
cfn=(3242)
calls=25 269 
* 725
* 200

fn=(3252) std::default_delete<Algorithms>& std::__get_helper<1ul, std::default_delete<Algorithms>>(std::_Tuple_impl<1ul, std::default_delete<Algorithms>>&)
1787 200
+1 75
cfn=(3254)
calls=25 497 
* 725
* 200

fn=(3276) std::tuple<EulerCircuit_algo*, std::default_delete<EulerCircuit_algo> >::tuple<true, true>()
1317 56
+2 21
cfn=(3278) std::_Tuple_impl<0ul, EulerCircuit_algo*, std::default_delete<EulerCircuit_algo> >::_Tuple_impl()
calls=7 280 
* 434
* 42

fn=(3278)
280 56
+1 21
cfn=(3280) std::_Tuple_impl<1ul, std::default_delete<EulerCircuit_algo> >::_Tuple_impl()
calls=7 503 
* 189
* 42
cfn=(3284) std::_Head_base<0ul, EulerCircuit_algo*, false>::_Head_base()
calls=7 -91 
* 84
* 42

fn=(3284)
190 49
+1 35

fn=(3292) std::_Tuple_impl<0ul, EulerCircuit_algo*, std::default_delete<EulerCircuit_algo> >::_M_head(std::_Tuple_impl<0ul, EulerCircuit_algo*, std::default_delete<EulerCircuit_algo> >&)
269 308
cfn=(3294) std::_Head_base<0ul, EulerCircuit_algo*, false>::_M_head(std::_Head_base<0ul, EulerCircuit_algo*, false>&)
calls=28 -35 
* 280
* 224

fn=(3306)
497 77
cfn=(3308)
calls=7 125 
* 70
* 56

fn=(3888)
81 21
+1 9

fn=(3890) std::_Head_base<0ul, SCC_algo*, false>::_Head_base()
190 21
+1 15

fn=(3926) std::tuple<Algorithms*, std::default_delete<Algorithms> >::tuple<Algorithms*&, std::default_delete<SCC_algo>, true>(Algorithms*&, std::default_delete<SCC_algo>&&)
1345 36
+2 12
cfi=(260)
cfn=(3916)
calls=3 70 
* 30
* 21
cfi=(260)
cfn=(2840)
calls=3 70 
* 30
* 21
cfn=(3928) std::_Tuple_impl<0ul, Algorithms*, std::default_delete<Algorithms> >::_Tuple_impl<Algorithms*&, std::default_delete<SCC_algo>, void>(Algorithms*&, std::default_delete<SCC_algo>&&)
calls=3 291 
* 531
* 27

fn=(4334) std::_Head_base<1ul, std::default_delete<HamCircuit_algo>, true>::_M_head(std::_Head_base<1ul, std::default_delete<HamCircuit_algo>, true>&)
125 50

fn=(2194)
874 72
+2 40
cfn=(2196) std::_Tuple_impl<0ul, int const&>::_Tuple_impl(int const&)
calls=8 507 
* 272
* 48

fn=(2494) std::default_delete<Graph>& std::__get_helper<1ul, std::default_delete<Graph>>(std::_Tuple_impl<1ul, std::default_delete<Graph>>&)
1787 528
+1 198
cfn=(2496) std::_Tuple_impl<1ul, std::default_delete<Graph> >::_M_head(std::_Tuple_impl<1ul, std::default_delete<Graph> >&)
calls=66 497 
* 1914
* 528

fn=(2634) std::_Head_base<0ul, Graph*, false>::_M_head(std::_Head_base<0ul, Graph*, false> const&)
237 2760

fn=(2806) std::tuple_element<0ul, std::tuple<MST_algo*, std::default_delete<MST_algo> > >::type& std::get<0ul, MST_algo*, std::default_delete<MST_algo> >(std::tuple<MST_algo*, std::default_delete<MST_algo> >&)
1803 192
+1 72
cfn=(2808) MST_algo*& std::__get_helper<0ul, MST_algo*, std::default_delete<MST_algo> >(std::_Tuple_impl<0ul, MST_algo*, std::default_delete<MST_algo> >&)
calls=24 -17 
* 1152
* 192

fn=(2844)
513 54
+1 18
cfi=(260)
cfn=(2828)
calls=6 70 
* 60
* 48
cfn=(2846) std::_Head_base<1ul, std::default_delete<Algorithms>, true>::_Head_base<std::default_delete<MST_algo> >(std::default_delete<MST_algo>&&)
calls=6 91 
* 288
* 18
+1 18

fn=(2866)
237 250

fn=(3244)
234 250

fn=(3326) std::_Head_base<1ul, std::default_delete<Algorithms>, true>::_Head_base<std::default_delete<EulerCircuit_algo> >(std::default_delete<EulerCircuit_algo>&&)
91 70
+1 28
cfi=(260)
cfn=(3310)
calls=7 -22 
* 70
* 42
cfi=(282)
cfn=(3328) std::default_delete<Algorithms>::default_delete<EulerCircuit_algo, void>(std::default_delete<EulerCircuit_algo> const&)
calls=7 -4 
* 77
* 49

fn=(3458) std::tuple<MaxClique_algo*, std::default_delete<MaxClique_algo> >::tuple<true, true>()
1317 32
+2 12
cfn=(3460) std::_Tuple_impl<0ul, MaxClique_algo*, std::default_delete<MaxClique_algo> >::_Tuple_impl()
calls=4 280 
* 248
* 24

fn=(3460)
280 32
+1 12
cfn=(3462) std::_Tuple_impl<1ul, std::default_delete<MaxClique_algo> >::_Tuple_impl()
calls=4 503 
* 108
* 24
cfn=(3466) std::_Head_base<0ul, MaxClique_algo*, false>::_Head_base()
calls=4 -91 
* 48
* 24

fn=(3462)
503 32
+1 12
cfn=(3464) std::_Head_base<1ul, std::default_delete<MaxClique_algo>, true>::_Head_base()
calls=4 81 
* 40
* 24

fn=(3470) std::tuple_element<0ul, std::tuple<MaxClique_algo*, std::default_delete<MaxClique_algo> > >::type& std::get<0ul, MaxClique_algo*, std::default_delete<MaxClique_algo> >(std::tuple<MaxClique_algo*, std::default_delete<MaxClique_algo> >&)
1803 128
+1 48
cfn=(3472) MaxClique_algo*& std::__get_helper<0ul, MaxClique_algo*, std::default_delete<MaxClique_algo> >(std::_Tuple_impl<0ul, MaxClique_algo*, std::default_delete<MaxClique_algo> >&)
calls=16 -17 
* 768
* 128

fn=(3472)
1787 128
+1 48
cfn=(3474) std::_Tuple_impl<0ul, MaxClique_algo*, std::default_delete<MaxClique_algo> >::_M_head(std::_Tuple_impl<0ul, MaxClique_algo*, std::default_delete<MaxClique_algo> >&)
calls=16 269 
* 464
* 128

fn=(3476) std::_Head_base<0ul, MaxClique_algo*, false>::_M_head(std::_Head_base<0ul, MaxClique_algo*, false>&)
234 160

fn=(3502) std::tuple<Algorithms*, std::default_delete<Algorithms> >::tuple<Algorithms*&, std::default_delete<MaxClique_algo>, true>(Algorithms*&, std::default_delete<MaxClique_algo>&&)
1345 48
+2 16
cfi=(260)
cfn=(3492)
calls=4 70 
* 40
* 28
cfi=(260)
cfn=(2840)
calls=4 70 
* 40
* 28
cfn=(3504) std::_Tuple_impl<0ul, Algorithms*, std::default_delete<Algorithms> >::_Tuple_impl<Algorithms*&, std::default_delete<MaxClique_algo>, void>(Algorithms*&, std::default_delete<MaxClique_algo>&&)
calls=4 291 
* 708
* 36

fn=(3912)
497 33
cfn=(3914)
calls=3 125 
* 30
* 24

fn=(4332)
497 55
cfn=(4334)
calls=5 125 
* 50
* 40

fn=(4350) std::_Tuple_impl<1ul, std::default_delete<Algorithms> >::_Tuple_impl<std::default_delete<HamCircuit_algo> >(std::default_delete<HamCircuit_algo>&&)
513 45
+1 15
cfi=(260)
cfn=(4336)
calls=5 70 
* 50
* 40
cfn=(4352)
calls=5 91 
* 240
* 15
+1 15

fn=(2234) std::pair<int const, bool>::pair<int const&, 0ul>(std::tuple<int const&>&, std::tuple<>&, std::_Index_tuple<0ul>, std::_Index_tuple<>)
2264 60
+3 18
cfn=(2236)
calls=6 1803 
* 408
* 30
cfi=(260)
cfn=(2244)
calls=6 70 
* 60
* 36
+1 12
+1 18

fn=(2380)
280 192
+1 72
cfn=(2382)
calls=24 503 
* 648
* 144
cfn=(2386)
calls=24 -91 
* 288
* 144

fn=(2396) std::_Head_base<0ul, Graph*, false>::_M_head(std::_Head_base<0ul, Graph*, false>&)
234 1340

fn=(2632)
272 3036
cfn=(2634)
calls=276 -35 
* 2760
* 2208

fn=(2808)
1787 192
+1 72
cfn=(2810)
calls=24 269 
* 696
* 192

fn=(2826)
125 60

fn=(2850)
200 225
+1 75
cfi=(260)
cfn=(2840)
calls=25 70 
* 250
* 225

fn=(3256)
125 250

fn=(3294)
234 280

fn=(3464)
81 28
+1 12

fn=(3466)
190 28
+1 20

fn=(3928)
291 33
+2 9
cfi=(260)
cfn=(3916)
calls=3 70 
* 30
* 24
cfn=(3930)
calls=3 513 
* 252
* 21
cfi=(260)
cfn=(2840)
calls=3 70 
* 30
* 18
cfn=(2850)
calls=3 -93 
* 93
* 9
+1 12

fn=(2230)
527 64
+2 32
+1 24

fn=(2390) std::tuple_element<0ul, std::tuple<Graph*, std::default_delete<Graph> > >::type& std::get<0ul, Graph*, std::default_delete<Graph> >(std::tuple<Graph*, std::default_delete<Graph> >&)
1803 1072
+1 402
cfn=(2392)
calls=134 -17 
* 6432
* 1072

fn=(2394)
269 1474
cfn=(2396)
calls=134 -35 
* 1340
* 1072

fn=(2820) std::tuple_element<1ul, std::tuple<MST_algo*, std::default_delete<MST_algo> > >::type& std::get<1ul, MST_algo*, std::default_delete<MST_algo> >(std::tuple<MST_algo*, std::default_delete<MST_algo> >&)
1803 48
+1 18
cfn=(2822) std::default_delete<MST_algo>& std::__get_helper<1ul, std::default_delete<MST_algo>>(std::_Tuple_impl<1ul, std::default_delete<MST_algo>>&)
calls=6 -17 
* 288
* 48

fn=(3290)
1787 224
+1 84
cfn=(3292)
calls=28 269 
* 812
* 224

fn=(3302) std::tuple_element<1ul, std::tuple<EulerCircuit_algo*, std::default_delete<EulerCircuit_algo> > >::type& std::get<1ul, EulerCircuit_algo*, std::default_delete<EulerCircuit_algo> >(std::tuple<EulerCircuit_algo*, std::default_delete<EulerCircuit_algo> >&)
1803 56
+1 21
cfn=(3304)
calls=7 -17 
* 336
* 56

fn=(3324)
513 63
+1 21
cfi=(260)
cfn=(3310)
calls=7 70 
* 70
* 56
cfn=(3326)
calls=7 91 
* 336
* 21
+1 21

fn=(3474)
269 176
cfn=(3476)
calls=16 -35 
* 160
* 128

fn=(3504)
291 44
+2 12
cfi=(260)
cfn=(3492)
calls=4 70 
* 40
* 32
cfn=(3506)
calls=4 513 
* 336
* 28
cfi=(260)
cfn=(2840)
calls=4 70 
* 40
* 24
cfn=(2850)
calls=4 -93 
* 124
* 12
+1 16

fn=(3884)
280 24
+1 9
cfn=(3886)
calls=3 503 
* 81
* 18
cfn=(3890)
calls=3 -91 
* 36
* 18

fn=(4320)
234 200

fn=(4348)
291 55
+2 15
cfi=(260)
cfn=(4336)
calls=5 70 
* 50
* 40
cfn=(4350)
calls=5 513 
* 420
* 35
cfi=(260)
cfn=(2840)
calls=5 70 
* 50
* 30
cfn=(2850)
calls=5 -93 
* 155
* 15
+1 20

fn=(2196)
507 72
+1 40
cfn=(2198)
calls=8 193 
* 112
* 24
+1 24

fn=(2232)
2252 54
+5 36
cfn=(2234)
calls=6 +7 
* 642
* 18
+1 18

fn=(2492) std::tuple_element<1ul, std::tuple<Graph*, std::default_delete<Graph> > >::type& std::get<1ul, Graph*, std::default_delete<Graph> >(std::tuple<Graph*, std::default_delete<Graph> >&)
1803 528
+1 198
cfn=(2494)
calls=66 -17 
* 3168
* 528

fn=(2496)
497 726
cfn=(2498)
calls=66 125 
* 660
* 528

fn=(2794) std::tuple<MST_algo*, std::default_delete<MST_algo> >::tuple<true, true>()
1317 48
+2 18
cfn=(2796)
calls=6 280 
* 372
* 36

fn=(2812)
234 240

fn=(2822)
1787 48
+1 18
cfn=(2824)
calls=6 497 
* 174
* 48

fn=(2846)
91 60
+1 24
cfi=(260)
cfn=(2828)
calls=6 -22 
* 60
* 36
cfi=(282)
cfn=(2848) std::default_delete<Algorithms>::default_delete<MST_algo, void>(std::default_delete<MST_algo> const&)
calls=6 -4 
* 66
* 42

fn=(3238) std::tuple_element<0ul, std::tuple<Algorithms*, std::default_delete<Algorithms> > >::type& std::get<0ul, Algorithms*, std::default_delete<Algorithms> >(std::tuple<Algorithms*, std::default_delete<Algorithms> >&)
1803 200
+1 75
cfn=(3240)
calls=25 -17 
* 1200
* 200

fn=(3250) std::tuple_element<1ul, std::tuple<Algorithms*, std::default_delete<Algorithms> > >::type& std::get<1ul, Algorithms*, std::default_delete<Algorithms> >(std::tuple<Algorithms*, std::default_delete<Algorithms> >&)
1803 200
+1 75
cfn=(3252)
calls=25 -17 
* 1200
* 200

fn=(3280)
503 56
+1 21
cfn=(3282)
calls=7 81 
* 70
* 42

fn=(3490)
125 40

fn=(3508)
91 40
+1 16
cfi=(260)
cfn=(3492)
calls=4 -22 
* 40
* 24
cfi=(282)
cfn=(3510) std::default_delete<Algorithms>::default_delete<MaxClique_algo, void>(std::default_delete<MaxClique_algo> const&)
calls=4 -4 
* 44
* 28

fn=(3894) std::tuple_element<0ul, std::tuple<SCC_algo*, std::default_delete<SCC_algo> > >::type& std::get<0ul, SCC_algo*, std::default_delete<SCC_algo> >(std::tuple<SCC_algo*, std::default_delete<SCC_algo> >&)
1803 96
+1 36
cfn=(3896)
calls=12 -17 
* 576
* 96

fn=(4302) std::tuple<HamCircuit_algo*, std::default_delete<HamCircuit_algo> >::tuple<true, true>()
1317 40
+2 15
cfn=(4304) std::_Tuple_impl<0ul, HamCircuit_algo*, std::default_delete<HamCircuit_algo> >::_Tuple_impl()
calls=5 280 
* 310
* 30

fn=(4304)
280 40
+1 15
cfn=(4306) std::_Tuple_impl<1ul, std::default_delete<HamCircuit_algo> >::_Tuple_impl()
calls=5 503 
* 135
* 30
cfn=(4310)
calls=5 -91 
* 60
* 30

fn=(4306)
503 40
+1 15
cfn=(4308)
calls=5 81 
* 50
* 30

fn=(4314) std::tuple_element<0ul, std::tuple<HamCircuit_algo*, std::default_delete<HamCircuit_algo> > >::type& std::get<0ul, HamCircuit_algo*, std::default_delete<HamCircuit_algo> >(std::tuple<HamCircuit_algo*, std::default_delete<HamCircuit_algo> >&)
1803 160
+1 60
cfn=(4316)
calls=20 -17 
* 960
* 160

fn=(4328) std::tuple_element<1ul, std::tuple<HamCircuit_algo*, std::default_delete<HamCircuit_algo> > >::type& std::get<1ul, HamCircuit_algo*, std::default_delete<HamCircuit_algo> >(std::tuple<HamCircuit_algo*, std::default_delete<HamCircuit_algo> >&)
1803 40
+1 15
cfn=(4330)
calls=5 -17 
* 240
* 40

fl=(218)
fn=(4358) HamCircuit_algo::execute[abi:cxx11](Graph const&) const
4 70
+2 15
cfi=(214)
cfn=(2636)
calls=5 +15 
* 55
* 30
fi=(238)
+82 5
fi=(239)
+75 5
fe=(218)
9 40
cfi=(276)
cfn=(3098)
calls=5 569 
* 3245
* 15
fi=(239)
184 15
cfi=(238)
cfn=(3066)
calls=5 -80 
* 50
* 30
fi=(238)
-96 5
fi=(239)
+75 5
fe=(218)
11 40
cfi=(289)
cfn=(2874)
calls=5 795 
* 3600
* 15
fi=(239)
184 15
cfi=(238)
cfn=(2916)
calls=5 -80 
* 50
* 20
fe=(218)
14 20
cfi=(276)
cfn=(3108)
calls=5 1126 
* 75
* 20
+1 20
cfi=(289)
cfn=(2984)
calls=5 1086 
* 1515
* 45
cfi=(289)
cfn=(2994)
calls=5 +89 
* 135
* 15
+3 40
cfn=(4362) HamCircuit_algo::ham_util(Graph const&, std::vector<int, std::allocator<int> >&, std::vector<bool, std::allocator<bool> >&, int, int) const
calls=5 +43 
* 35947
* 25
fi=(238)
+70 2
fi=(239)
+75 2
fe=(218)
20 12
cfi=(228)
cfn=(1362)
calls=2 641 
* 726
* 6
fi=(239)
184 6
cfi=(238)
cfn=(1430)
calls=2 -80 
* 20
* 19
fe=(218)
24 9
cob=(4)
cfi=(175)
cfn=(1916)
calls=3 -24 
* 24
* 9
+1 39
+2 66
cfi=(276)
cfn=(3108)
calls=11 1126 
* 165
* 88
cfi=(228)
cfn=(2504) std::__cxx11::to_string(int)
calls=11 4166 
* 3157
* 99
cfi=(228)
cfn=(2522) std::__cxx11::basic_string<char, std::char_traits<char>, std::allocator<char> > std::operator+<char, std::char_traits<char>, std::allocator<char> >(std::__cxx11::basic_string<char, std::char_traits<char>, std::allocator<char> >&&, char const*)
calls=11 3688 
* 1639
* 88
cob=(4)
cfi=(175)
cfn=(3816)
calls=11 -27 
* 704
* 66
cob=(4)
cfi=(175)
cfn=(1426)
calls=11 -27 
* 88
* 66
cob=(4)
cfi=(175)
cfn=(1426)
calls=11 -27 
* 88
-2 62
+4 12
cfi=(276)
cfn=(3108)
calls=3 1126 
* 45
* 24
cfi=(228)
cfn=(2504)
calls=3 4166 
* 861
* 27
cfi=(228)
cfn=(2522)
calls=3 3688 
* 447
* 24
cob=(4)
cfi=(175)
cfn=(3816)
calls=3 -29 
* 192
* 18
cob=(4)
cfi=(175)
cfn=(1426)
calls=3 -29 
* 24
* 18
cob=(4)
cfi=(175)
cfn=(1426)
calls=3 -29 
* 24
* 9
+1 15
cob=(4)
cfi=(175)
cfn=(1818)
calls=3 -30 
* 102
* 9
+1 9
cob=(4)
cfi=(175)
cfn=(1426)
calls=3 -31 
* 24
* 18
cfi=(289)
cfn=(3200)
calls=3 890 
* 1254
* 6
cfi=(289)
cfn=(3200)
calls=2 890 
* 836
* 30
cfi=(276)
cfn=(3216)
calls=5 733 
* 1470
* 50

fn=(4362)
61 85
+2 15
cfi=(214)
cfn=(2636)
calls=5 -42 
* 55
* 20
+2 15
+7 64
+2 78
cfi=(289)
cfn=(2984)
calls=13 1086 
* 3939
* 104
cfi=(289)
cfn=(3038)
calls=13 +25 
* 221
* 142
cfn=(4364) HamCircuit_algo::isSafe(Graph const&, int, std::vector<int, std::allocator<int> > const&, int) const
calls=8 -35 
* 5610
* 138
+3 28
cfi=(276)
cfn=(3108)
calls=4 1126 
* 60
* 16
+1 24
cfi=(289)
cfn=(2984)
calls=4 1086 
* 1212
* 36
cfi=(289)
cfn=(2994)
calls=4 +26 
* 108
* 12
+3 40
cfn=(4363) HamCircuit_algo::ham_util(Graph const&, std::vector<int, std::allocator<int> >&, std::vector<bool, std::allocator<bool> >&, int, int) const'2
calls=4 -20 
* 23414
* 8
+2 18
+4 6
cfi=(289)
cfn=(2984)
calls=1 1086 
* 303
* 9
cfi=(289)
cfn=(2994)
calls=1 +17 
* 25
* 3
+1 6
cfi=(276)
cfn=(3108)
calls=1 1126 
* 15
* 1
-16 85
+20 2
+1 30

fn=(4363)
61 187
+2 33
cfi=(214)
cfn=(2636)
calls=11 -42 
* 121
* 44
+2 33
+3 28
cfi=(276)
cfn=(3108)
calls=4 1126 
* 60
* 36
cfi=(214)
cfn=(2644) Graph::is_connected(int, int) const
calls=4 266 
* 3374
* 16
+4 110
+2 150
cfi=(289)
cfn=(2984)
calls=25 1086 
* 7575
* 200
cfi=(289)
cfn=(3038)
calls=25 +25 
* 425
* 214
cfn=(4364)
calls=8 -35 
* 6885
* 225
+3 49
cfi=(276)
cfn=(3108)
calls=7 1126 
* 105
* 28
+1 42
cfi=(289)
cfn=(2984)
calls=7 1086 
* 2121
* 63
cfi=(289)
cfn=(2994)
calls=7 +26 
* 189
* 21
+3 70
cfn=(4363)
calls=7 -20 
* 15438
* 14
+2 31
+4 12
cfi=(289)
cfn=(2984)
calls=2 1086 
* 606
* 18
cfi=(289)
cfn=(2994)
calls=2 +17 
* 50
* 6
+1 12
cfi=(276)
cfn=(3108)
calls=2 1126 
* 30
* 2
-16 161
+20 2
+1 66

fn=(5430)
93 4
cfi=(211)
cfn=(5302)
calls=1 -93 
* 24
* 2

fn=(1326)
93 6
cfi=(211)
cfn=(1316)
calls=1 -93 
* 23
* 2

fn=(4364)
39 192
+2 112
cfi=(276)
cfn=(3126)
calls=16 1145 
* 240
* 144
cfi=(214)
cfn=(2644)
calls=16 266 
* 10831
* 48
+2 25
+3 118
+2 126
cfi=(276)
cfn=(3126)
calls=21 1145 
* 315
* 168
-2 117
+7 11
+1 48

fl=(264)
fn=(5084)
141 48
+1 18
cfi=(260)
cfn=(5086) std::__detail::_Hash_node<std::pair<int const, bool>, false>* std::addressof<std::__detail::_Hash_node<std::pair<int const, bool>, false> >(std::__detail::_Hash_node<std::pair<int const, bool>, false>&)
calls=6 -4 
* 174
* 48

fn=(5190)
141 40
+1 15
cfi=(260)
cfn=(5192) std::__detail::_Hash_node<std::__cxx11::basic_string<char, std::char_traits<char>, std::allocator<char> >, true>* std::addressof<std::__detail::_Hash_node<std::__cxx11::basic_string<char, std::char_traits<char>, std::allocator<char> >, true> >(std::__detail::_Hash_node<std::__cxx11::basic_string<char, std::char_traits<char>, std::allocator<char> >, true>&)
calls=5 -4 
* 145
* 40

fn=(2426)
212 14
+3 2
+1 4

fn=(5066)
141 16
+1 6
cfi=(260)
cfn=(5068) std::__detail::_Hash_node<std::pair<int const, std::unique_ptr<Graph, std::default_delete<Graph> > >, false>* std::addressof<std::__detail::_Hash_node<std::pair<int const, std::unique_ptr<Graph, std::default_delete<Graph> > >, false> >(std::__detail::_Hash_node<std::pair<int const, std::unique_ptr<Graph, std::default_delete<Graph> > >, false>&)
calls=2 -4 
* 58
* 16

fn=(2218)
212 42
+3 6
+1 12

fn=(1806)
212 35
+3 5
+1 10

fn=(1848)
212 35
+3 5
+1 10

fn=(5202)
141 40
+1 15
cfi=(260)
cfn=(5204) std::__detail::_Hash_node_base** std::addressof<std::__detail::_Hash_node_base*>(std::__detail::_Hash_node_base*&)
calls=5 -4 
* 145
* 40

fl=(257)
fn=(1670) std::_Hashtable<int, std::pair<int const, bool>, std::allocator<std::pair<int const, bool> >, std::__detail::_Select1st, std::equal_to<int>, std::hash<int>, std::__detail::_Mod_range_hashing, std::__detail::_Default_ranged_hash, std::__detail::_Prime_rehash_policy, std::__detail::_Hashtable_traits<false, false, true> >::_Hashtable()
530 33
cfi=(258)
cfn=(1672)
calls=3 1701 
* 180
* 18
cfi=(258)
cfn=(1676)
calls=3 1940 
* 99
* 39
cfi=(258)
cfn=(1664)
calls=3 313 
* 36
* 33
cfi=(258)
cfn=(1666)
calls=3 +14 
* 48
* 24

fn=(1744) std::_Hashtable<std::__cxx11::basic_string<char, std::char_traits<char>, std::allocator<char> >, std::__cxx11::basic_string<char, std::char_traits<char>, std::allocator<char> >, std::allocator<std::__cxx11::basic_string<char, std::char_traits<char>, std::allocator<char> > >, std::__detail::_Identity, std::equal_to<std::__cxx11::basic_string<char, std::char_traits<char>, std::allocator<char> > >, std::hash<std::__cxx11::basic_string<char, std::char_traits<char>, std::allocator<char> > >, std::__detail::_Mod_range_hashing, std::__detail::_Default_ranged_hash, std::__detail::_Prime_rehash_policy, std::__detail::_Hashtable_traits<true, true, true> >::__small_size_threshold()
424 312
+3 52
cfi=(258)
cfn=(1746)
calls=52 297 
* 468
* 312
+1 104

fn=(1900) std::_Hashtable<std::__cxx11::basic_string<char, std::char_traits<char>, std::allocator<char> >, std::__cxx11::basic_string<char, std::char_traits<char>, std::allocator<char> >, std::allocator<std::__cxx11::basic_string<char, std::char_traits<char>, std::allocator<char> > >, std::__detail::_Identity, std::equal_to<std::__cxx11::basic_string<char, std::char_traits<char>, std::allocator<char> > >, std::hash<std::__cxx11::basic_string<char, std::char_traits<char>, std::allocator<char> > >, std::__detail::_Mod_range_hashing, std::__detail::_Default_ranged_hash, std::__detail::_Prime_rehash_policy, std::__detail::_Hashtable_traits<true, true, true> >::_M_bucket_index(std::__detail::_Hash_node_value<std::__cxx11::basic_string<char, std::char_traits<char>, std::allocator<char> >, true> const&) const
792 27
+1 21
cfi=(258)
cfn=(1902)
calls=3 1346 
* 138
* 24

fn=(2452) std::_Hashtable<int, std::pair<int const, std::unique_ptr<Graph, std::default_delete<Graph> > >, std::allocator<std::pair<int const, std::unique_ptr<Graph, std::default_delete<Graph> > > >, std::__detail::_Select1st, std::equal_to<int>, std::hash<int>, std::__detail::_Mod_range_hashing, std::__detail::_Default_ranged_hash, std::__detail::_Prime_rehash_policy, std::__detail::_Hashtable_traits<false, false, true> >::_M_allocate_buckets(unsigned long)
434 9
+2 5
+6 5
cfi=(258)
cfn=(2454)
calls=1 2039 
* 377
* 4
+1 2

fn=(2766)
1744 504
+5 210
cfn=(2768) std::_Hashtable<std::__cxx11::basic_string<char, std::char_traits<char>, std::allocator<char> >, std::__cxx11::basic_string<char, std::char_traits<char>, std::allocator<char> >, std::allocator<std::__cxx11::basic_string<char, std::char_traits<char>, std::allocator<char> > >, std::__detail::_Identity, std::equal_to<std::__cxx11::basic_string<char, std::char_traits<char>, std::allocator<char> > >, std::hash<std::__cxx11::basic_string<char, std::char_traits<char>, std::allocator<char> > >, std::__detail::_Mod_range_hashing, std::__detail::_Default_ranged_hash, std::__detail::_Prime_rehash_policy, std::__detail::_Hashtable_traits<true, true, true> >::find(std::__cxx11::basic_string<char, std::char_traits<char>, std::allocator<char> > const&) const
calls=42 -62 
* 70163
* 168
+1 159
+1 22
+3 31
+12 210

fn=(2770) std::_Hashtable<std::__cxx11::basic_string<char, std::char_traits<char>, std::allocator<char> >, std::__cxx11::basic_string<char, std::char_traits<char>, std::allocator<char> >, std::allocator<std::__cxx11::basic_string<char, std::char_traits<char>, std::allocator<char> > >, std::__detail::_Identity, std::equal_to<std::__cxx11::basic_string<char, std::char_traits<char>, std::allocator<char> > >, std::hash<std::__cxx11::basic_string<char, std::char_traits<char>, std::allocator<char> > >, std::__detail::_Mod_range_hashing, std::__detail::_Default_ranged_hash, std::__detail::_Prime_rehash_policy, std::__detail::_Hashtable_traits<true, true, true> >::begin() const
627 462
+1 126
cfn=(1750) std::_Hashtable<std::__cxx11::basic_string<char, std::char_traits<char>, std::allocator<char> >, std::__cxx11::basic_string<char, std::char_traits<char>, std::allocator<char> >, std::allocator<std::__cxx11::basic_string<char, std::char_traits<char>, std::allocator<char> > >, std::__detail::_Identity, std::equal_to<std::__cxx11::basic_string<char, std::char_traits<char>, std::allocator<char> > >, std::hash<std::__cxx11::basic_string<char, std::char_traits<char>, std::allocator<char> > >, std::__detail::_Mod_range_hashing, std::__detail::_Default_ranged_hash, std::__detail::_Prime_rehash_policy, std::__detail::_Hashtable_traits<true, true, true> >::_M_begin() const
calls=42 464 
* 462
* 336
cfi=(258)
cfn=(2772)
calls=42 483 
* 1428
* 420

fn=(5222) std::_Hashtable<int, std::pair<int const, bool>, std::allocator<std::pair<int const, bool> >, std::__detail::_Select1st, std::equal_to<int>, std::hash<int>, std::__detail::_Mod_range_hashing, std::__detail::_Default_ranged_hash, std::__detail::_Prime_rehash_policy, std::__detail::_Hashtable_traits<false, false, true> >::~_Hashtable()
1595 24
+13 9
cfn=(5224) std::_Hashtable<int, std::pair<int const, bool>, std::allocator<std::pair<int const, bool> >, std::__detail::_Select1st, std::equal_to<int>, std::hash<int>, std::__detail::_Mod_range_hashing, std::__detail::_Default_ranged_hash, std::__detail::_Prime_rehash_policy, std::__detail::_Hashtable_traits<false, false, true> >::clear()
calls=3 2520 
* 1039
* 9
+1 9
cfn=(2262) std::_Hashtable<int, std::pair<int const, bool>, std::allocator<std::pair<int const, bool> >, std::__detail::_Select1st, std::equal_to<int>, std::hash<int>, std::__detail::_Mod_range_hashing, std::__detail::_Default_ranged_hash, std::__detail::_Prime_rehash_policy, std::__detail::_Hashtable_traits<false, false, true> >::_M_deallocate_buckets()
calls=3 455 
* 993
* 9
+1 9
cfi=(258)
cfn=(5234)
calls=3 1912 
* 141
* 18

fn=(5246) std::_Hashtable<int, std::pair<int const, std::unique_ptr<Graph, std::default_delete<Graph> > >, std::allocator<std::pair<int const, std::unique_ptr<Graph, std::default_delete<Graph> > > >, std::__detail::_Select1st, std::equal_to<int>, std::hash<int>, std::__detail::_Mod_range_hashing, std::__detail::_Default_ranged_hash, std::__detail::_Prime_rehash_policy, std::__detail::_Hashtable_traits<false, false, true> >::clear()
2520 8
+4 3
cfn=(2460) std::_Hashtable<int, std::pair<int const, std::unique_ptr<Graph, std::default_delete<Graph> > >, std::allocator<std::pair<int const, std::unique_ptr<Graph, std::default_delete<Graph> > > >, std::__detail::_Select1st, std::equal_to<int>, std::hash<int>, std::__detail::_Mod_range_hashing, std::__detail::_Default_ranged_hash, std::__detail::_Prime_rehash_policy, std::__detail::_Hashtable_traits<false, false, true> >::_M_begin() const
calls=1 464 
* 11
* 8
cfi=(258)
cfn=(5248)
calls=1 2027 
* 18
* 3
+2 2
-1 6
cob=(4)
cfi=(175)
cfn=(1434)
calls=1 0 
* 21
+2 2
+1 2
+1 3

fn=(1740) std::pair<std::__detail::_Node_iterator<std::__cxx11::basic_string<char, std::char_traits<char>, std::allocator<char> >, true, true>, bool> std::_Hashtable<std::__cxx11::basic_string<char, std::char_traits<char>, std::allocator<char> >, std::__cxx11::basic_string<char, std::char_traits<char>, std::allocator<char> >, std::allocator<std::__cxx11::basic_string<char, std::char_traits<char>, std::allocator<char> > >, std::__detail::_Identity, std::equal_to<std::__cxx11::basic_string<char, std::char_traits<char>, std::allocator<char> > >, std::hash<std::__cxx11::basic_string<char, std::char_traits<char>, std::allocator<char> > >, std::__detail::_Mod_range_hashing, std::__detail::_Default_ranged_hash, std::__detail::_Prime_rehash_policy, std::__detail::_Hashtable_traits<true, true, true> >::_M_insert_unique<std::__cxx11::basic_string<char, std::char_traits<char>, std::allocator<char> >, char const* const&, std::__detail::_AllocNode<std::allocator<std::__detail::_Hash_node<std::__cxx11::basic_string<char, std::char_traits<char>, std::allocator<char> >, true> > > >(std::__cxx11::basic_string<char, std::char_traits<char>, std::allocator<char> >&&, char const* const&, std::__detail::_AllocNode<std::allocator<std::__detail::_Hash_node<std::__cxx11::basic_string<char, std::char_traits<char>, std::allocator<char> >, true> > > const&)
2253 85
+6 15
cfn=(1742) std::_Hashtable<std::__cxx11::basic_string<char, std::char_traits<char>, std::allocator<char> >, std::__cxx11::basic_string<char, std::char_traits<char>, std::allocator<char> >, std::allocator<std::__cxx11::basic_string<char, std::char_traits<char>, std::allocator<char> > >, std::__detail::_Identity, std::equal_to<std::__cxx11::basic_string<char, std::char_traits<char>, std::allocator<char> > >, std::hash<std::__cxx11::basic_string<char, std::char_traits<char>, std::allocator<char> > >, std::__detail::_Mod_range_hashing, std::__detail::_Default_ranged_hash, std::__detail::_Prime_rehash_policy, std::__detail::_Hashtable_traits<true, true, true> >::size() const
calls=5 647 
* 55
* 25
cfn=(1744)
calls=5 424 
* 120
* 50
+1 15
cfn=(1748) std::_Hashtable<std::__cxx11::basic_string<char, std::char_traits<char>, std::allocator<char> >, std::__cxx11::basic_string<char, std::char_traits<char>, std::allocator<char> >, std::allocator<std::__cxx11::basic_string<char, std::char_traits<char>, std::allocator<char> > >, std::__detail::_Identity, std::equal_to<std::__cxx11::basic_string<char, std::char_traits<char>, std::allocator<char> > >, std::hash<std::__cxx11::basic_string<char, std::char_traits<char>, std::allocator<char> > >, std::__detail::_Mod_range_hashing, std::__detail::_Default_ranged_hash, std::__detail::_Prime_rehash_policy, std::__detail::_Hashtable_traits<true, true, true> >::begin()
calls=5 623 
* 385
* 55
+1 70
cfi=(258)
cfn=(1872)
calls=10 1720 
* 2254
* 50
-1 30
cfi=(258)
cfn=(1894)
calls=10 448 
* 480
* 60
cfn=(1756) std::_Hashtable<std::__cxx11::basic_string<char, std::char_traits<char>, std::allocator<char> >, std::__cxx11::basic_string<char, std::char_traits<char>, std::allocator<char> >, std::allocator<std::__cxx11::basic_string<char, std::char_traits<char>, std::allocator<char> > >, std::__detail::_Identity, std::equal_to<std::__cxx11::basic_string<char, std::char_traits<char>, std::allocator<char> > >, std::hash<std::__cxx11::basic_string<char, std::char_traits<char>, std::allocator<char> > >, std::__detail::_Mod_range_hashing, std::__detail::_Default_ranged_hash, std::__detail::_Prime_rehash_policy, std::__detail::_Hashtable_traits<true, true, true> >::end()
calls=10 631 
* 580
* 15
cfn=(1756)
calls=5 631 
* 290
* 135
cfi=(258)
cfn=(1758)
calls=15 407 
* 240
* 45
+4 25
cfi=(258)
cfn=(1760)
calls=5 1315 
* 926
* 20
+1 25
cfn=(1782) std::_Hashtable<std::__cxx11::basic_string<char, std::char_traits<char>, std::allocator<char> >, std::__cxx11::basic_string<char, std::char_traits<char>, std::allocator<char> >, std::allocator<std::__cxx11::basic_string<char, std::char_traits<char>, std::allocator<char> > >, std::__detail::_Identity, std::equal_to<std::__cxx11::basic_string<char, std::char_traits<char>, std::allocator<char> > >, std::hash<std::__cxx11::basic_string<char, std::char_traits<char>, std::allocator<char> > >, std::__detail::_Mod_range_hashing, std::__detail::_Default_ranged_hash, std::__detail::_Prime_rehash_policy, std::__detail::_Hashtable_traits<true, true, true> >::_M_bucket_index(unsigned long) const
calls=5 796 
* 345
* 20
+2 15
cfn=(1742)
calls=5 647 
* 55
* 25
cfn=(1744)
calls=5 424 
* 120
* 35
+4 15
cfi=(260)
cfn=(1728)
calls=5 70 
* 50
* 35
cfi=(260)
cfn=(1788)
calls=5 70 
* 50
* 45
cfi=(258)
cfn=(1790)
calls=5 171 
* 3225
* 45
cfn=(1822) std::_Hashtable<std::__cxx11::basic_string<char, std::char_traits<char>, std::allocator<char> >, std::__cxx11::basic_string<char, std::char_traits<char>, std::allocator<char> >, std::allocator<std::__cxx11::basic_string<char, std::char_traits<char>, std::allocator<char> > >, std::__detail::_Identity, std::equal_to<std::__cxx11::basic_string<char, std::char_traits<char>, std::allocator<char> > >, std::hash<std::__cxx11::basic_string<char, std::char_traits<char>, std::allocator<char> > >, std::__detail::_Mod_range_hashing, std::__detail::_Default_ranged_hash, std::__detail::_Prime_rehash_policy, std::__detail::_Hashtable_traits<true, true, true> >::_Scoped_node::_Scoped_node(std::__detail::_Hash_node<std::__cxx11::basic_string<char, std::char_traits<char>, std::allocator<char> >, true>*, std::__detail::_Hashtable_alloc<std::allocator<std::__detail::_Hash_node<std::__cxx11::basic_string<char, std::char_traits<char>, std::allocator<char> >, true> > >*)
calls=5 300 
* 90
* 15
+7 35
cfn=(1824) std::_Hashtable<std::__cxx11::basic_string<char, std::char_traits<char>, std::allocator<char> >, std::__cxx11::basic_string<char, std::char_traits<char>, std::allocator<char> >, std::allocator<std::__cxx11::basic_string<char, std::char_traits<char>, std::allocator<char> > >, std::__detail::_Identity, std::equal_to<std::__cxx11::basic_string<char, std::char_traits<char>, std::allocator<char> > >, std::hash<std::__cxx11::basic_string<char, std::char_traits<char>, std::allocator<char> > >, std::__detail::_Mod_range_hashing, std::__detail::_Default_ranged_hash, std::__detail::_Prime_rehash_policy, std::__detail::_Hashtable_traits<true, true, true> >::_M_insert_unique_node(unsigned long, unsigned long, std::__detail::_Hash_node<std::__cxx11::basic_string<char, std::char_traits<char>, std::allocator<char> >, true>*, unsigned long)
calls=5 2166 
* 2952
* 25
+1 5
+1 35
cfi=(267)
cfn=(1864) std::pair<std::__detail::_Node_iterator<std::__cxx11::basic_string<char, std::char_traits<char>, std::allocator<char> >, true, true>, bool>::pair<std::__detail::_Node_iterator<std::__cxx11::basic_string<char, std::char_traits<char>, std::allocator<char> >, true, true>&, bool, true>(std::__detail::_Node_iterator<std::__cxx11::basic_string<char, std::char_traits<char>, std::allocator<char> >, true, true>&, bool&&)
calls=5 687 
* 255
* 25
+1 15
cfn=(1870) std::_Hashtable<std::__cxx11::basic_string<char, std::char_traits<char>, std::allocator<char> >, std::__cxx11::basic_string<char, std::char_traits<char>, std::allocator<char> >, std::allocator<std::__cxx11::basic_string<char, std::char_traits<char>, std::allocator<char> > >, std::__detail::_Identity, std::equal_to<std::__cxx11::basic_string<char, std::char_traits<char>, std::allocator<char> > >, std::hash<std::__cxx11::basic_string<char, std::char_traits<char>, std::allocator<char> > >, std::__detail::_Mod_range_hashing, std::__detail::_Default_ranged_hash, std::__detail::_Prime_rehash_policy, std::__detail::_Hashtable_traits<true, true, true> >::_Scoped_node::~_Scoped_node()
calls=5 311 
* 75
* 70

fn=(1748)
623 55
+1 15
cfn=(1750)
calls=5 464 
* 55
* 40
cfi=(258)
cfn=(1752)
calls=5 436 
* 170
* 50

fn=(1750)
464 343
+1 196

fn=(1836) std::_Hashtable<std::__cxx11::basic_string<char, std::char_traits<char>, std::allocator<char> >, std::__cxx11::basic_string<char, std::char_traits<char>, std::allocator<char> >, std::allocator<std::__cxx11::basic_string<char, std::char_traits<char>, std::allocator<char> > >, std::__detail::_Identity, std::equal_to<std::__cxx11::basic_string<char, std::char_traits<char>, std::allocator<char> > >, std::hash<std::__cxx11::basic_string<char, std::char_traits<char>, std::allocator<char> > >, std::__detail::_Mod_range_hashing, std::__detail::_Default_ranged_hash, std::__detail::_Prime_rehash_policy, std::__detail::_Hashtable_traits<true, true, true> >::_M_rehash(unsigned long, unsigned long const&)
2559 11
+6 5
cfn=(1838) std::_Hashtable<std::__cxx11::basic_string<char, std::char_traits<char>, std::allocator<char> >, std::__cxx11::basic_string<char, std::char_traits<char>, std::allocator<char> >, std::allocator<std::__cxx11::basic_string<char, std::char_traits<char>, std::allocator<char> > >, std::__detail::_Identity, std::equal_to<std::__cxx11::basic_string<char, std::char_traits<char>, std::allocator<char> > >, std::hash<std::__cxx11::basic_string<char, std::char_traits<char>, std::allocator<char> > >, std::__detail::_Mod_range_hashing, std::__detail::_Default_ranged_hash, std::__detail::_Prime_rehash_policy, std::__detail::_Hashtable_traits<true, true, true> >::_M_rehash_aux(unsigned long, std::integral_constant<bool, true>)
calls=1 +17 
* 524
* 3
+9 4

fn=(2190)
812 2992
+3 1632
cfn=(2192) std::_Hashtable<int, std::pair<int const, bool>, std::allocator<std::pair<int const, bool> >, std::__detail::_Select1st, std::equal_to<int>, std::hash<int>, std::__detail::_Mod_range_hashing, std::__detail::_Default_ranged_hash, std::__detail::_Prime_rehash_policy, std::__detail::_Hashtable_traits<false, false, true> >::_M_find_before_node(unsigned long, int const&, unsigned long) const
calls=272 1948 
* 67992
* 1088
+1 544
+1 1596
+1 6
+1 816

fn=(2200)
305 90
+1 18
+1 24
cfi=(260)
cfn=(2202)
calls=6 70 
* 60
* 42
cfi=(260)
cfn=(2204)
calls=6 70 
* 60
* 42
cfi=(260)
cfn=(2206)
calls=6 70 
* 60
* 48
cfi=(258)
cfn=(2208)
calls=6 1987 
* 4509
* 30
+1 42

fn=(2246)
2166 90
+6 24
cfi=(258)
cfn=(1826)
calls=6 571 
* 66
* 36
+2 54
cob=(4)
cfi=(175)
cfn=(1828)
calls=6 0 
* 348
* 42
+3 27
+2 18
cfn=(2248) std::_Hashtable<int, std::pair<int const, bool>, std::allocator<std::pair<int const, bool> >, std::__detail::_Select1st, std::equal_to<int>, std::hash<int>, std::__detail::_Mod_range_hashing, std::__detail::_Default_ranged_hash, std::__detail::_Prime_rehash_policy, std::__detail::_Hashtable_traits<false, false, true> >::_M_rehash(unsigned long, unsigned long const&)
calls=3 2559 
* 1641
* 12
+1 15
cfn=(2186)
calls=3 796 
* 207
* 12
+3 21
cfi=(258)
cfn=(2268)
calls=3 1353 
* 36
* 21
cfi=(258)
cfn=(2268)
calls=3 1353 
* 36
* 18
+3 36
cfn=(2270) std::_Hashtable<int, std::pair<int const, bool>, std::allocator<std::pair<int const, bool> >, std::__detail::_Select1st, std::equal_to<int>, std::hash<int>, std::__detail::_Mod_range_hashing, std::__detail::_Default_ranged_hash, std::__detail::_Prime_rehash_policy, std::__detail::_Hashtable_traits<false, false, true> >::_M_insert_bucket_begin(unsigned long, std::__detail::_Hash_node<std::pair<int const, bool>, false>*)
calls=6 2007 
* 1056
* 18
+1 30
+1 30
cfi=(258)
cfn=(2272)
calls=6 436 
* 204
* 30
+1 30

fn=(2252) std::_Hashtable<int, std::pair<int const, bool>, std::allocator<std::pair<int const, bool> >, std::__detail::_Select1st, std::equal_to<int>, std::hash<int>, std::__detail::_Mod_range_hashing, std::__detail::_Default_ranged_hash, std::__detail::_Prime_rehash_policy, std::__detail::_Hashtable_traits<false, false, true> >::_M_allocate_buckets(unsigned long)
434 27
+2 15
+6 15
cfi=(258)
cfn=(2254)
calls=3 2039 
* 1131
* 12
+1 6

fn=(2270)
2007 72
+4 48
+12 24
+1 18
+2 33
+3 18
cfi=(258)
cfn=(4394)
calls=3 380 
* 33
* 24
cfn=(4396) std::_Hashtable<int, std::pair<int const, bool>, std::allocator<std::pair<int const, bool> >, std::__detail::_Select1st, std::equal_to<int>, std::hash<int>, std::__detail::_Mod_range_hashing, std::__detail::_Default_ranged_hash, std::__detail::_Prime_rehash_policy, std::__detail::_Hashtable_traits<false, false, true> >::_M_bucket_index(std::__detail::_Hash_node_value<std::pair<int const, bool>, false> const&) const
calls=3 792 
* 675
* 9
+2 33
+2 18
-2 33
+2 18

fn=(2406)
796 2718
+1 2114
cfi=(258)
cfn=(2408)
calls=302 1331 
* 13590
* 2416

fn=(2414)
305 30
+1 6
+1 8
cfi=(260)
cfn=(2202)
calls=2 70 
* 20
* 14
cfi=(260)
cfn=(2204)
calls=2 70 
* 20
* 14
cfi=(260)
cfn=(2206)
calls=2 70 
* 20
* 16
cfi=(258)
cfn=(2416)
calls=2 1987 
* 1783
* 10
+1 14

fn=(2478)
311 30

fn=(2774) std::_Hashtable<std::__cxx11::basic_string<char, std::char_traits<char>, std::allocator<char> >, std::__cxx11::basic_string<char, std::char_traits<char>, std::allocator<char> >, std::allocator<std::__cxx11::basic_string<char, std::char_traits<char>, std::allocator<char> > >, std::__detail::_Identity, std::equal_to<std::__cxx11::basic_string<char, std::char_traits<char>, std::allocator<char> > >, std::hash<std::__cxx11::basic_string<char, std::char_traits<char>, std::allocator<char> > >, std::__detail::_Mod_range_hashing, std::__detail::_Default_ranged_hash, std::__detail::_Prime_rehash_policy, std::__detail::_Hashtable_traits<true, true, true> >::end() const
635 1980
+1 720
cfi=(258)
cfn=(2772)
calls=180 483 
* 6120
* 1620

fn=(4392) std::_Hashtable<int, std::pair<int const, bool>, std::allocator<std::pair<int const, bool> >, std::__detail::_Select1st, std::equal_to<int>, std::hash<int>, std::__detail::_Mod_range_hashing, std::__detail::_Default_ranged_hash, std::__detail::_Prime_rehash_policy, std::__detail::_Hashtable_traits<false, false, true> >::__small_size_threshold()
424 36
+3 6
cfi=(258)
cfn=(4382)
calls=6 297 
* 54
* 36
+1 12

fn=(1682)
562 13
+6 12
cfn=(1684) std::_Hashtable<std::__cxx11::basic_string<char, std::char_traits<char>, std::allocator<char> >, std::__cxx11::basic_string<char, std::char_traits<char>, std::allocator<char> >, std::allocator<std::__cxx11::basic_string<char, std::char_traits<char>, std::allocator<char> > >, std::__detail::_Identity, std::equal_to<std::__cxx11::basic_string<char, std::char_traits<char>, std::allocator<char> > >, std::hash<std::__cxx11::basic_string<char, std::char_traits<char>, std::allocator<char> > >, std::__detail::_Mod_range_hashing, std::__detail::_Default_ranged_hash, std::__detail::_Prime_rehash_policy, std::__detail::_Hashtable_traits<true, true, true> >::_Hashtable<char const* const*>(char const* const*, char const* const*, unsigned long, std::hash<std::__cxx11::basic_string<char, std::char_traits<char>, std::allocator<char> > > const&, std::equal_to<std::__cxx11::basic_string<char, std::char_traits<char>, std::allocator<char> > > const&, std::allocator<std::__cxx11::basic_string<char, std::char_traits<char>, std::allocator<char> > > const&, std::integral_constant<bool, true>)
calls=1 1208 
* 16985
* 4
+1 3

fn=(1732) std::pair<std::__detail::_Node_iterator<std::__cxx11::basic_string<char, std::char_traits<char>, std::allocator<char> >, true, true>, bool> std::_Hashtable<std::__cxx11::basic_string<char, std::char_traits<char>, std::allocator<char> >, std::__cxx11::basic_string<char, std::char_traits<char>, std::allocator<char> >, std::allocator<std::__cxx11::basic_string<char, std::char_traits<char>, std::allocator<char> > >, std::__detail::_Identity, std::equal_to<std::__cxx11::basic_string<char, std::char_traits<char>, std::allocator<char> > >, std::hash<std::__cxx11::basic_string<char, std::char_traits<char>, std::allocator<char> > >, std::__detail::_Mod_range_hashing, std::__detail::_Default_ranged_hash, std::__detail::_Prime_rehash_policy, std::__detail::_Hashtable_traits<true, true, true> >::_M_insert_unique_aux<char const* const&, std::__detail::_AllocNode<std::allocator<std::__detail::_Hash_node<std::__cxx11::basic_string<char, std::char_traits<char>, std::allocator<char> >, true> > > >(char const* const&, std::__detail::_AllocNode<std::allocator<std::__detail::_Hash_node<std::__cxx11::basic_string<char, std::char_traits<char>, std::allocator<char> >, true> > > const&)
902 80
+2 15
cfi=(260)
cfn=(1728)
calls=5 70 
* 50
* 35
cfi=(260)
cfn=(1728)
calls=5 70 
* 50
* 40
cfi=(258)
cfn=(1734)
calls=5 89 
* 150
* 40
cfn=(1736) std::__conditional<std::__and_<std::__is_nothrow_invocable<std::hash<std::__cxx11::basic_string<char, std::char_traits<char>, std::allocator<char> > >&, std::__cxx11::basic_string<char, std::char_traits<char>, std::allocator<char> > const&>, std::__not_<std::__is_nothrow_invocable<std::hash<std::__cxx11::basic_string<char, std::char_traits<char>, std::allocator<char> > >&, char const* const&> > >::value>::type<std::__cxx11::basic_string<char, std::char_traits<char>, std::allocator<char> >, char const* const&> std::_Hashtable<std::__cxx11::basic_string<char, std::char_traits<char>, std::allocator<char> >, std::__cxx11::basic_string<char, std::char_traits<char>, std::allocator<char> >, std::allocator<std::__cxx11::basic_string<char, std::char_traits<char>, std::allocator<char> > >, std::__detail::_Identity, std::equal_to<std::__cxx11::basic_string<char, std::char_traits<char>, std::allocator<char> > >, std::hash<std::__cxx11::basic_string<char, std::char_traits<char>, std::allocator<char> > >, std::__detail::_Mod_range_hashing, std::__detail::_Default_ranged_hash, std::__detail::_Prime_rehash_policy, std::__detail::_Hashtable_traits<true, true, true> >::_S_forward_key<char const* const&>(char const* const&)
calls=5 -15 
* 1601
* 50
cfn=(1740)
calls=5 2253 
* 13727
* 25
+2 5
-2 15
cob=(4)
cfi=(175)
cfn=(1426)
calls=5 0 
* 40
* 15
+2 10
+1 45

fn=(1838)
2582 9
+4 5
cfn=(1840) std::_Hashtable<std::__cxx11::basic_string<char, std::char_traits<char>, std::allocator<char> >, std::__cxx11::basic_string<char, std::char_traits<char>, std::allocator<char> >, std::allocator<std::__cxx11::basic_string<char, std::char_traits<char>, std::allocator<char> > >, std::__detail::_Identity, std::equal_to<std::__cxx11::basic_string<char, std::char_traits<char>, std::allocator<char> > >, std::hash<std::__cxx11::basic_string<char, std::char_traits<char>, std::allocator<char> > >, std::__detail::_Mod_range_hashing, std::__detail::_Default_ranged_hash, std::__detail::_Prime_rehash_policy, std::__detail::_Hashtable_traits<true, true, true> >::_M_allocate_buckets(unsigned long)
calls=1 434 
* 402
* 4
+1 3
cfn=(1750)
calls=1 464 
* 11
* 1
+1 2
+1 1
+1 6
+23 3
cfn=(1854) std::_Hashtable<std::__cxx11::basic_string<char, std::char_traits<char>, std::allocator<char> >, std::__cxx11::basic_string<char, std::char_traits<char>, std::allocator<char> >, std::allocator<std::__cxx11::basic_string<char, std::char_traits<char>, std::allocator<char> > >, std::__detail::_Identity, std::equal_to<std::__cxx11::basic_string<char, std::char_traits<char>, std::allocator<char> > >, std::hash<std::__cxx11::basic_string<char, std::char_traits<char>, std::allocator<char> > >, std::__detail::_Mod_range_hashing, std::__detail::_Default_ranged_hash, std::__detail::_Prime_rehash_policy, std::__detail::_Hashtable_traits<true, true, true> >::_M_deallocate_buckets()
calls=1 455 
* 65
* 3
+1 3
+1 3
+1 3

fn=(1858) std::_Hashtable<std::__cxx11::basic_string<char, std::char_traits<char>, std::allocator<char> >, std::__cxx11::basic_string<char, std::char_traits<char>, std::allocator<char> >, std::allocator<std::__cxx11::basic_string<char, std::char_traits<char>, std::allocator<char> > >, std::__detail::_Identity, std::equal_to<std::__cxx11::basic_string<char, std::char_traits<char>, std::allocator<char> > >, std::hash<std::__cxx11::basic_string<char, std::char_traits<char>, std::allocator<char> > >, std::__detail::_Mod_range_hashing, std::__detail::_Default_ranged_hash, std::__detail::_Prime_rehash_policy, std::__detail::_Hashtable_traits<true, true, true> >::_M_uses_single_bucket(std::__detail::_Hash_node_base**) const
416 16
+1 18

fn=(2248)
2559 33
+6 15
cfn=(2250) std::_Hashtable<int, std::pair<int const, bool>, std::allocator<std::pair<int const, bool> >, std::__detail::_Select1st, std::equal_to<int>, std::hash<int>, std::__detail::_Mod_range_hashing, std::__detail::_Default_ranged_hash, std::__detail::_Prime_rehash_policy, std::__detail::_Hashtable_traits<false, false, true> >::_M_rehash_aux(unsigned long, std::integral_constant<bool, true>)
calls=3 +17 
* 1572
* 9
+9 12

fn=(2460)
464 14
+1 8

fn=(2464) std::_Hashtable<int, std::pair<int const, std::unique_ptr<Graph, std::default_delete<Graph> > >, std::allocator<std::pair<int const, std::unique_ptr<Graph, std::default_delete<Graph> > > >, std::__detail::_Select1st, std::equal_to<int>, std::hash<int>, std::__detail::_Mod_range_hashing, std::__detail::_Default_ranged_hash, std::__detail::_Prime_rehash_policy, std::__detail::_Hashtable_traits<false, false, true> >::_M_deallocate_buckets(std::__detail::_Hash_node_base**, unsigned long)
446 20
+2 10
cfn=(2466) std::_Hashtable<int, std::pair<int const, std::unique_ptr<Graph, std::default_delete<Graph> > >, std::allocator<std::pair<int const, std::unique_ptr<Graph, std::default_delete<Graph> > > >, std::__detail::_Select1st, std::equal_to<int>, std::hash<int>, std::__detail::_Mod_range_hashing, std::__detail::_Default_ranged_hash, std::__detail::_Prime_rehash_policy, std::__detail::_Hashtable_traits<false, false, true> >::_M_uses_single_bucket(std::__detail::_Hash_node_base**) const
calls=2 -32 
* 34
* 13
+1 1
+2 6
cfi=(258)
cfn=(5250)
calls=1 2052 
* 280
* 3
+1 4

fn=(2768)
1687 546
+5 126
cfn=(1742)
calls=42 647 
* 462
* 210
cfn=(1744)
calls=42 424 
* 1008
* 294
+2 126
cfn=(2770)
calls=42 627 
* 3234
* 684
+1 1106
cfi=(258)
cfn=(2776)
calls=158 +13 
* 38692
* 883
+1 62
-2 381
cfi=(258)
cfn=(2778)
calls=127 499 
* 6096
* 762
cfn=(2774)
calls=127 635 
* 7366
* 126
cfn=(2774)
calls=42 635 
* 2436
* 1521
cfi=(258)
cfn=(1758)
calls=169 407 
* 2704
* 371
+3 33
cfn=(2774)
calls=11 635 
* 638
* 44
+6 252

fn=(4388) std::_Hashtable<int, std::pair<int const, bool>, std::allocator<std::pair<int const, bool> >, std::__detail::_Select1st, std::equal_to<int>, std::hash<int>, std::__detail::_Mod_range_hashing, std::__detail::_Default_ranged_hash, std::__detail::_Prime_rehash_policy, std::__detail::_Hashtable_traits<false, false, true> >::_M_erase(std::integral_constant<bool, true>, int const&)
2364 60
+8 18
cfn=(4390) std::_Hashtable<int, std::pair<int const, bool>, std::allocator<std::pair<int const, bool> >, std::__detail::_Select1st, std::equal_to<int>, std::hash<int>, std::__detail::_Mod_range_hashing, std::__detail::_Default_ranged_hash, std::__detail::_Prime_rehash_policy, std::__detail::_Hashtable_traits<false, false, true> >::size() const
calls=6 647 
* 66
* 30
cfn=(4392)
calls=6 424 
* 144
* 24
+8 18
+4 30
cfi=(258)
cfn=(2178)
calls=6 1306 
* 420
* 24
+1 30
cfn=(2186)
calls=6 796 
* 414
* 24
+3 36
cfn=(2192)
calls=6 1948 
* 1074
* 6
+1 12
+1 10
+3 24
+3 24
cfn=(5076) std::_Hashtable<int, std::pair<int const, bool>, std::allocator<std::pair<int const, bool> >, std::__detail::_Select1st, std::equal_to<int>, std::hash<int>, std::__detail::_Mod_range_hashing, std::__detail::_Default_ranged_hash, std::__detail::_Prime_rehash_policy, std::__detail::_Hashtable_traits<false, false, true> >::_M_erase(unsigned long, std::__detail::_Hash_node_base*, std::__detail::_Hash_node<std::pair<int const, bool>, false>*)
calls=4 -60 
* 2160
* 12
+1 4
+1 24

fn=(4390)
647 42
+1 24

fn=(1686) std::_Hashtable<std::__cxx11::basic_string<char, std::char_traits<char>, std::allocator<char> >, std::__cxx11::basic_string<char, std::char_traits<char>, std::allocator<char> >, std::allocator<std::__cxx11::basic_string<char, std::char_traits<char>, std::allocator<char> > >, std::__detail::_Identity, std::equal_to<std::__cxx11::basic_string<char, std::char_traits<char>, std::allocator<char> > >, std::hash<std::__cxx11::basic_string<char, std::char_traits<char>, std::allocator<char> > >, std::__detail::_Mod_range_hashing, std::__detail::_Default_ranged_hash, std::__detail::_Prime_rehash_policy, std::__detail::_Hashtable_traits<true, true, true> >::_Hashtable(unsigned long, std::hash<std::__cxx11::basic_string<char, std::char_traits<char>, std::allocator<char> > > const&, std::equal_to<std::__cxx11::basic_string<char, std::char_traits<char>, std::allocator<char> > > const&, std::allocator<std::__cxx11::basic_string<char, std::char_traits<char>, std::allocator<char> > > const&)
1189 13
+4 6
cfn=(1688) std::_Hashtable<std::__cxx11::basic_string<char, std::char_traits<char>, std::allocator<char> >, std::__cxx11::basic_string<char, std::char_traits<char>, std::allocator<char> >, std::allocator<std::__cxx11::basic_string<char, std::char_traits<char>, std::allocator<char> > >, std::__detail::_Identity, std::equal_to<std::__cxx11::basic_string<char, std::char_traits<char>, std::allocator<char> > >, std::hash<std::__cxx11::basic_string<char, std::char_traits<char>, std::allocator<char> > >, std::__detail::_Mod_range_hashing, std::__detail::_Default_ranged_hash, std::__detail::_Prime_rehash_policy, std::__detail::_Hashtable_traits<true, true, true> >::_Hashtable(std::hash<std::__cxx11::basic_string<char, std::char_traits<char>, std::allocator<char> > > const&, std::equal_to<std::__cxx11::basic_string<char, std::char_traits<char>, std::allocator<char> > > const&, std::allocator<std::__cxx11::basic_string<char, std::char_traits<char>, std::allocator<char> > > const&)
calls=1 486 
* 310
* 3
+2 6
cob=(4)
cfi=(175)
cfn=(1714)
calls=1 0 
* 10
* 4
+1 4
+5 4

fn=(1854)
455 16
+1 16
cfn=(1856) std::_Hashtable<std::__cxx11::basic_string<char, std::char_traits<char>, std::allocator<char> >, std::__cxx11::basic_string<char, std::char_traits<char>, std::allocator<char> >, std::allocator<std::__cxx11::basic_string<char, std::char_traits<char>, std::allocator<char> > >, std::__detail::_Identity, std::equal_to<std::__cxx11::basic_string<char, std::char_traits<char>, std::allocator<char> > >, std::hash<std::__cxx11::basic_string<char, std::char_traits<char>, std::allocator<char> > >, std::__detail::_Mod_range_hashing, std::__detail::_Default_ranged_hash, std::__detail::_Prime_rehash_policy, std::__detail::_Hashtable_traits<true, true, true> >::_M_deallocate_buckets(std::__detail::_Hash_node_base**, unsigned long)
calls=2 -10 
* 352
* 12

fn=(2192)
1948 3058
+6 1946
+1 580
+1 16
+2 810
+3 1890
cfi=(258)
cfn=(2280)
calls=270 1732 
* 57510
* 1350
+1 1350
+8 556

fn=(2264) std::_Hashtable<int, std::pair<int const, bool>, std::allocator<std::pair<int const, bool> >, std::__detail::_Select1st, std::equal_to<int>, std::hash<int>, std::__detail::_Mod_range_hashing, std::__detail::_Default_ranged_hash, std::__detail::_Prime_rehash_policy, std::__detail::_Hashtable_traits<false, false, true> >::_M_deallocate_buckets(std::__detail::_Hash_node_base**, unsigned long)
446 60
+2 30
cfn=(2266) std::_Hashtable<int, std::pair<int const, bool>, std::allocator<std::pair<int const, bool> >, std::__detail::_Select1st, std::equal_to<int>, std::hash<int>, std::__detail::_Mod_range_hashing, std::__detail::_Default_ranged_hash, std::__detail::_Prime_rehash_policy, std::__detail::_Hashtable_traits<false, false, true> >::_M_uses_single_bucket(std::__detail::_Hash_node_base**) const
calls=6 -32 
* 102
* 39
+1 3
+2 18
cfi=(258)
cfn=(5228)
calls=3 2052 
* 783
* 9
+1 12

fn=(2466)
416 16
+1 18

fn=(4378) std::_Hashtable<int, std::pair<int const, std::unique_ptr<Graph, std::default_delete<Graph> > >, std::allocator<std::pair<int const, std::unique_ptr<Graph, std::default_delete<Graph> > > >, std::__detail::_Select1st, std::equal_to<int>, std::hash<int>, std::__detail::_Mod_range_hashing, std::__detail::_Default_ranged_hash, std::__detail::_Prime_rehash_policy, std::__detail::_Hashtable_traits<false, false, true> >::size() const
647 21
+1 12

fn=(1650) std::_Hashtable<int, std::pair<int const, std::unique_ptr<Graph, std::default_delete<Graph> > >, std::allocator<std::pair<int const, std::unique_ptr<Graph, std::default_delete<Graph> > > >, std::__detail::_Select1st, std::equal_to<int>, std::hash<int>, std::__detail::_Mod_range_hashing, std::__detail::_Default_ranged_hash, std::__detail::_Prime_rehash_policy, std::__detail::_Hashtable_traits<false, false, true> >::_Hashtable()
530 11
cfi=(258)
cfn=(1652)
calls=1 1701 
* 60
* 6
cfi=(258)
cfn=(1660)
calls=1 1940 
* 33
* 13
cfi=(258)
cfn=(1664)
calls=1 313 
* 12
* 11
cfi=(258)
cfn=(1666)
calls=1 +14 
* 16
* 8

fn=(1684)
1208 14
+6 8
cfn=(1686)
calls=1 -25 
* 360
* 3
+1 6
cfi=(258)
cfn=(1718)
calls=1 972 
* 16587
* 7

fn=(1782)
796 54
+1 42
cfi=(258)
cfn=(1784)
calls=6 1331 
* 270
* 48

fn=(1856)
446 20
+2 10
cfn=(1858)
calls=2 -32 
* 34
* 13
+1 1
+2 6
cfi=(258)
cfn=(5200)
calls=1 2052 
* 261
* 3
+1 4

fn=(1862) std::_Hashtable<std::__cxx11::basic_string<char, std::char_traits<char>, std::allocator<char> >, std::__cxx11::basic_string<char, std::char_traits<char>, std::allocator<char> >, std::allocator<std::__cxx11::basic_string<char, std::char_traits<char>, std::allocator<char> > >, std::__detail::_Identity, std::equal_to<std::__cxx11::basic_string<char, std::char_traits<char>, std::allocator<char> > >, std::hash<std::__cxx11::basic_string<char, std::char_traits<char>, std::allocator<char> > >, std::__detail::_Mod_range_hashing, std::__detail::_Default_ranged_hash, std::__detail::_Prime_rehash_policy, std::__detail::_Hashtable_traits<true, true, true> >::_M_insert_bucket_begin(unsigned long, std::__detail::_Hash_node<std::__cxx11::basic_string<char, std::char_traits<char>, std::allocator<char> >, true>*)
2007 60
+4 43
+4 9
+1 8
+17 1
-10 16
+1 12
+2 25
+3 18
cfi=(258)
cfn=(1898)
calls=3 380 
* 33
* 24
cfn=(1900)
calls=3 792 
* 210
* 9
+2 33
+2 18
-2 11
+2 12

fn=(2186)
796 2529
+1 1967
cfi=(258)
cfn=(2188)
calls=281 1331 
* 12645
* 2248

fn=(2250)
2582 27
+4 15
cfn=(2252)
calls=3 434 
* 1206
* 12
+1 9
cfn=(2260) std::_Hashtable<int, std::pair<int const, bool>, std::allocator<std::pair<int const, bool> >, std::__detail::_Select1st, std::equal_to<int>, std::hash<int>, std::__detail::_Mod_range_hashing, std::__detail::_Default_ranged_hash, std::__detail::_Prime_rehash_policy, std::__detail::_Hashtable_traits<false, false, true> >::_M_begin() const
calls=3 464 
* 33
* 3
+1 6
+1 3
+1 18
+23 9
cfn=(2262)
calls=3 455 
* 195
* 9
+1 9
+1 9
+1 9

fn=(1736)
889 75
fi=(238)
88 5
fi=(239)
+75 5
fe=(257)
890 15
cfi=(260)
cfn=(1728)
calls=5 70 
* 50
* 45
cfi=(228)
cfn=(1362)
calls=5 641 
* 1266
* 15
fi=(239)
184 15
cfi=(238)
cfn=(1430)
calls=5 -80 
* 50
* 20
fe=(257)
890 40

fn=(1756)
631 165
+1 60
cfi=(258)
cfn=(1752)
calls=15 436 
* 510
* 135

fn=(1822)
300 45
+1 45

fn=(1870)
311 75

fn=(2262)
455 48
+1 48
cfn=(2264)
calls=6 -10 
* 1056
* 36

fn=(4374) std::_Hashtable<int, std::pair<int const, std::unique_ptr<Graph, std::default_delete<Graph> > >, std::allocator<std::pair<int const, std::unique_ptr<Graph, std::default_delete<Graph> > > >, std::__detail::_Select1st, std::equal_to<int>, std::hash<int>, std::__detail::_Mod_range_hashing, std::__detail::_Default_ranged_hash, std::__detail::_Prime_rehash_policy, std::__detail::_Hashtable_traits<false, false, true> >::erase(int const&)
983 27
+1 15
cfn=(4376) std::_Hashtable<int, std::pair<int const, std::unique_ptr<Graph, std::default_delete<Graph> > >, std::allocator<std::pair<int const, std::unique_ptr<Graph, std::default_delete<Graph> > > >, std::__detail::_Select1st, std::equal_to<int>, std::hash<int>, std::__detail::_Mod_range_hashing, std::__detail::_Default_ranged_hash, std::__detail::_Prime_rehash_policy, std::__detail::_Hashtable_traits<false, false, true> >::_M_erase(std::integral_constant<bool, true>, int const&)
calls=3 2364 
* 5646
* 21

fn=(4402) std::_Hashtable<int, std::pair<int const, std::unique_ptr<Graph, std::default_delete<Graph> > >, std::allocator<std::pair<int const, std::unique_ptr<Graph, std::default_delete<Graph> > > >, std::__detail::_Select1st, std::equal_to<int>, std::hash<int>, std::__detail::_Mod_range_hashing, std::__detail::_Default_ranged_hash, std::__detail::_Prime_rehash_policy, std::__detail::_Hashtable_traits<false, false, true> >::_M_bucket_index(std::__detail::_Hash_node_value<std::pair<int const, std::unique_ptr<Graph, std::default_delete<Graph> > >, false> const&) const
792 9
+1 7
cfi=(258)
cfn=(4404)
calls=1 1335 
* 201
* 8

fn=(2260)
464 42
+1 24

fn=(2412) std::_Hashtable<int, std::pair<int const, std::unique_ptr<Graph, std::default_delete<Graph> > >, std::allocator<std::pair<int const, std::unique_ptr<Graph, std::default_delete<Graph> > > >, std::__detail::_Select1st, std::equal_to<int>, std::hash<int>, std::__detail::_Mod_range_hashing, std::__detail::_Default_ranged_hash, std::__detail::_Prime_rehash_policy, std::__detail::_Hashtable_traits<false, false, true> >::_M_find_before_node(unsigned long, int const&, unsigned long) const
1948 3311
+6 2107
+1 611
+1 6
+2 894
+3 2086
cfi=(258)
cfn=(2606)
calls=298 1732 
* 63474
* 1490
+1 1490
+8 602

fn=(2446)
2166 30
+6 8
cfi=(258)
cfn=(1826)
calls=2 571 
* 22
* 12
+2 18
cob=(4)
cfi=(175)
cfn=(1828)
calls=2 0 
* 116
* 14
+3 9
+2 6
cfn=(2448) std::_Hashtable<int, std::pair<int const, std::unique_ptr<Graph, std::default_delete<Graph> > >, std::allocator<std::pair<int const, std::unique_ptr<Graph, std::default_delete<Graph> > > >, std::__detail::_Select1st, std::equal_to<int>, std::hash<int>, std::__detail::_Mod_range_hashing, std::__detail::_Default_ranged_hash, std::__detail::_Prime_rehash_policy, std::__detail::_Hashtable_traits<false, false, true> >::_M_rehash(unsigned long, unsigned long const&)
calls=1 2559 
* 547
* 4
+1 5
cfn=(2406)
calls=1 796 
* 69
* 4
+3 7
cfi=(258)
cfn=(2468)
calls=1 1353 
* 12
* 7
cfi=(258)
cfn=(2468)
calls=1 1353 
* 12
* 6
+3 12
cfn=(2470) std::_Hashtable<int, std::pair<int const, std::unique_ptr<Graph, std::default_delete<Graph> > >, std::allocator<std::pair<int const, std::unique_ptr<Graph, std::default_delete<Graph> > > >, std::__detail::_Select1st, std::equal_to<int>, std::hash<int>, std::__detail::_Mod_range_hashing, std::__detail::_Default_ranged_hash, std::__detail::_Prime_rehash_policy, std::__detail::_Hashtable_traits<false, false, true> >::_M_insert_bucket_begin(unsigned long, std::__detail::_Hash_node<std::pair<int const, std::unique_ptr<Graph, std::default_delete<Graph> > >, false>*)
calls=2 2007 
* 352
* 6
+1 10
+1 10
cfi=(258)
cfn=(2472)
calls=2 436 
* 68
* 10
+1 10

fn=(2450) std::_Hashtable<int, std::pair<int const, std::unique_ptr<Graph, std::default_delete<Graph> > >, std::allocator<std::pair<int const, std::unique_ptr<Graph, std::default_delete<Graph> > > >, std::__detail::_Select1st, std::equal_to<int>, std::hash<int>, std::__detail::_Mod_range_hashing, std::__detail::_Default_ranged_hash, std::__detail::_Prime_rehash_policy, std::__detail::_Hashtable_traits<false, false, true> >::_M_rehash_aux(unsigned long, std::integral_constant<bool, true>)
2582 9
+4 5
cfn=(2452)
calls=1 434 
* 402
* 4
+1 3
cfn=(2460)
calls=1 464 
* 11
* 1
+1 2
+1 1
+1 6
+23 3
cfn=(2462) std::_Hashtable<int, std::pair<int const, std::unique_ptr<Graph, std::default_delete<Graph> > >, std::allocator<std::pair<int const, std::unique_ptr<Graph, std::default_delete<Graph> > > >, std::__detail::_Select1st, std::equal_to<int>, std::hash<int>, std::__detail::_Mod_range_hashing, std::__detail::_Default_ranged_hash, std::__detail::_Prime_rehash_policy, std::__detail::_Hashtable_traits<false, false, true> >::_M_deallocate_buckets()
calls=1 455 
* 65
* 3
+1 3
+1 3
+1 3

fn=(2470)
2007 24
+4 16
+12 8
+1 6
+2 11
+3 6
cfi=(258)
cfn=(4400)
calls=1 380 
* 11
* 8
cfn=(4402)
calls=1 792 
* 225
* 3
+2 11
+2 6
-2 11
+2 6

fn=(4376)
2364 30
+8 9
cfn=(4378)
calls=3 647 
* 33
* 15
cfn=(4380) std::_Hashtable<int, std::pair<int const, std::unique_ptr<Graph, std::default_delete<Graph> > >, std::allocator<std::pair<int const, std::unique_ptr<Graph, std::default_delete<Graph> > > >, std::__detail::_Select1st, std::equal_to<int>, std::hash<int>, std::__detail::_Mod_range_hashing, std::__detail::_Default_ranged_hash, std::__detail::_Prime_rehash_policy, std::__detail::_Hashtable_traits<false, false, true> >::__small_size_threshold()
calls=3 424 
* 72
* 12
+8 9
+4 15
cfi=(258)
cfn=(2402)
calls=3 1306 
* 210
* 12
+1 15
cfn=(2406)
calls=3 796 
* 207
* 12
+3 18
cfn=(2412)
calls=3 1948 
* 537
* 3
+1 6
+1 5
+3 12
+3 12
cfn=(5050) std::_Hashtable<int, std::pair<int const, std::unique_ptr<Graph, std::default_delete<Graph> > >, std::allocator<std::pair<int const, std::unique_ptr<Graph, std::default_delete<Graph> > > >, std::__detail::_Select1st, std::equal_to<int>, std::hash<int>, std::__detail::_Mod_range_hashing, std::__detail::_Default_ranged_hash, std::__detail::_Prime_rehash_policy, std::__detail::_Hashtable_traits<false, false, true> >::_M_erase(unsigned long, std::__detail::_Hash_node_base*, std::__detail::_Hash_node<std::pair<int const, std::unique_ptr<Graph, std::default_delete<Graph> > >, false>*)
calls=2 -60 
* 4382
* 6
+1 2
+1 12

fn=(5052) std::_Hashtable<int, std::pair<int const, std::unique_ptr<Graph, std::default_delete<Graph> > >, std::allocator<std::pair<int const, std::unique_ptr<Graph, std::default_delete<Graph> > > >, std::__detail::_Select1st, std::equal_to<int>, std::hash<int>, std::__detail::_Mod_range_hashing, std::__detail::_Default_ranged_hash, std::__detail::_Prime_rehash_policy, std::__detail::_Hashtable_traits<false, false, true> >::_M_remove_bucket_begin(unsigned long, std::__detail::_Hash_node<std::pair<int const, std::unique_ptr<Graph, std::default_delete<Graph> > >, false>*, unsigned long)
2040 20
+5 4
+4 4
+4 23
+1 3
+1 9
+2 3
-2 9
+2 3

fn=(5224)
2520 24
+4 9
cfn=(2260)
calls=3 464 
* 33
* 24
cfi=(258)
cfn=(5226)
calls=3 2027 
* 832
* 9
+2 6
-1 18
cob=(4)
cfi=(175)
cfn=(1434)
calls=3 0 
* 63
+2 6
+1 6
+1 9

fn=(5244) std::_Hashtable<int, std::pair<int const, std::unique_ptr<Graph, std::default_delete<Graph> > >, std::allocator<std::pair<int const, std::unique_ptr<Graph, std::default_delete<Graph> > > >, std::__detail::_Select1st, std::equal_to<int>, std::hash<int>, std::__detail::_Mod_range_hashing, std::__detail::_Default_ranged_hash, std::__detail::_Prime_rehash_policy, std::__detail::_Hashtable_traits<false, false, true> >::~_Hashtable()
1595 8
+13 3
cfn=(5246)
calls=1 2520 
* 87
* 3
+1 3
cfn=(2462)
calls=1 455 
* 350
* 3
+1 3
cfi=(258)
cfn=(5256)
calls=1 1912 
* 47
* 6

fn=(1742)
647 364
+1 208

fn=(1824)
2166 75
+6 20
cfi=(258)
cfn=(1826)
calls=5 571 
* 55
* 30
+2 45
cob=(4)
cfi=(175)
cfn=(1828)
calls=5 0 
* 1057
* 35
+3 18
+2 6
cfn=(1836)
calls=1 2559 
* 547
* 4
+1 5
cfn=(1782)
calls=1 796 
* 69
* 4
+3 7
cfi=(258)
cfn=(1860)
calls=1 1362 
* 15
* 28
cfi=(258)
cfn=(1860)
calls=4 1362 
* 60
* 15
+3 30
cfn=(1862)
calls=5 2007 
* 542
* 15
+1 25
+1 25
cfi=(258)
cfn=(1752)
calls=5 436 
* 170
* 25
+1 25

fn=(1840)
434 9
+2 5
+6 5
cfi=(258)
cfn=(1842)
calls=1 2039 
* 377
* 4
+1 2

fn=(2266)
416 48
+1 54

fn=(2410)
812 3278
+3 1788
cfn=(2412)
calls=298 1948 
* 75534
* 1192
+1 596
+1 1776
+1 2
+1 894

fn=(2448)
2559 11
+6 5
cfn=(2450)
calls=1 +17 
* 524
* 3
+9 4

fn=(2462)
455 16
+1 16
cfn=(2464)
calls=2 -10 
* 371
* 12

fn=(4386) std::_Hashtable<int, std::pair<int const, bool>, std::allocator<std::pair<int const, bool> >, std::__detail::_Select1st, std::equal_to<int>, std::hash<int>, std::__detail::_Mod_range_hashing, std::__detail::_Default_ranged_hash, std::__detail::_Prime_rehash_policy, std::__detail::_Hashtable_traits<false, false, true> >::erase(int const&)
983 54
+1 30
cfn=(4388)
calls=6 2364 
* 4688
* 42

fn=(5050)
2336 30
+5 22
+2 4
-1 12
cfi=(258)
cfn=(4400)
calls=2 380 
* 22
* 18
cfn=(5052)
calls=2 2040 
* 78
* 8
+9 8
+1 6
cfi=(258)
cfn=(4400)
calls=2 380 
* 22
* 16
cfi=(258)
cfn=(2472)
calls=2 436 
* 68
* 6
+1 10
cfi=(258)
cfn=(5054)
calls=2 2009 
* 4020
+1 10
+2 10
+1 12

fn=(5078) std::_Hashtable<int, std::pair<int const, bool>, std::allocator<std::pair<int const, bool> >, std::__detail::_Select1st, std::equal_to<int>, std::hash<int>, std::__detail::_Mod_range_hashing, std::__detail::_Default_ranged_hash, std::__detail::_Prime_rehash_policy, std::__detail::_Hashtable_traits<false, false, true> >::_M_remove_bucket_begin(unsigned long, std::__detail::_Hash_node<std::pair<int const, bool>, false>*, unsigned long)
2040 40
+5 8
+4 8
+4 46
+1 6
+1 18
+2 6
-2 18
+2 6

fn=(5178)
1595 8
+13 3
cfn=(5180) std::_Hashtable<std::__cxx11::basic_string<char, std::char_traits<char>, std::allocator<char> >, std::__cxx11::basic_string<char, std::char_traits<char>, std::allocator<char> >, std::allocator<std::__cxx11::basic_string<char, std::char_traits<char>, std::allocator<char> > >, std::__detail::_Identity, std::equal_to<std::__cxx11::basic_string<char, std::char_traits<char>, std::allocator<char> > >, std::hash<std::__cxx11::basic_string<char, std::char_traits<char>, std::allocator<char> > >, std::__detail::_Mod_range_hashing, std::__detail::_Default_ranged_hash, std::__detail::_Prime_rehash_policy, std::__detail::_Hashtable_traits<true, true, true> >::clear()
calls=1 2520 
* 2012
* 3
+1 3
cfn=(1854)
calls=1 455 
* 331
* 3
+1 3
cfi=(258)
cfn=(5214)
calls=1 1912 
* 47
* 6

fn=(5180)
2520 8
+4 3
cfn=(1750)
calls=1 464 
* 11
* 8
cfi=(258)
cfn=(5182)
calls=1 2027 
* 1943
* 3
+2 2
-1 6
cob=(4)
cfi=(175)
cfn=(1434)
calls=1 0 
* 21
+2 2
+1 2
+1 3

fn=(1688)
486 15
+4 6
cfi=(258)
cfn=(1690)
calls=1 1703 
* 105
* 7
fi=(238)
88 1
fi=(239)
+90 1
fe=(257)
490 5
cfi=(258)
cfn=(1702)
calls=1 1945 
* 73
* 3
fi=(239)
184 3
cfi=(238)
cfn=(1708)
calls=1 -80 
* 10
* 4
fe=(257)
490 3
cfi=(261) /usr/include/c++/13/bits/enable_special_members.h
cfn=(1712) std::_Enable_default_constructor<true, std::__detail::_Hash_node_base>::_Enable_default_constructor(std::_Enable_default_constructor_tag)
calls=1 67 
* 10
* 13
cfi=(258)
cfn=(1664)
calls=1 313 
* 12
* 11
cfi=(258)
cfn=(1666)
calls=1 +54 
* 16
* 5
+1 7

fn=(1726)
911 65
+5 15
cfi=(260)
cfn=(1728)
calls=5 70 
* 50
* 40
cfi=(258)
cfn=(1730)
calls=5 124 
* 150
* 45
cfn=(1732)
calls=5 -14 
* 15993
+1 20
+1 25

fn=(2278)
311 90

fn=(4380)
424 18
+3 3
cfi=(258)
cfn=(4382)
calls=3 297 
* 27
* 18
+1 6

fn=(4396)
792 27
+1 21
cfi=(258)
cfn=(4398)
calls=3 1335 
* 603
* 24

fn=(5076)
2336 60
+5 44
+2 8
-1 24
cfi=(258)
cfn=(4394)
calls=4 380 
* 44
* 36
cfn=(5078)
calls=4 2040 
* 156
* 16
+9 16
+1 12
cfi=(258)
cfn=(4394)
calls=4 380 
* 44
* 32
cfi=(258)
cfn=(2272)
calls=4 436 
* 136
* 12
+1 20
cfi=(258)
cfn=(5080)
calls=4 2009 
* 1436
+1 20
+2 20
+1 24

fl=(261)
fn=(1712)
67 10

fl=(213)
fn=(5440)
682 4
cfi=(211)
cfn=(5302)
calls=1 0 
* 24
* 2

fn=(1626) introduction_for_client[abi:cxx11]()
28 14
fi=(238)
+60 1
fi=(239)
+75 1
fe=(213)
39 6
cfi=(228)
cfn=(1362)
calls=1 641 
* 1289
* 3
fi=(239)
184 3
cfi=(238)
cfn=(1430)
calls=1 -80 
* 10
* 4
fe=(213)
41 1
+1 7

fn=(1482) usage_for_server(int)
46 8
+1 5
cob=(4)
cfi=(175)
cfn=(1484)
calls=1 -47 
* 5797
* 8
cob=(4)
cfi=(175)
cfn=(1532)
calls=1 -47 
* 4765
* 7
cob=(4)
cfi=(175)
cfn=(1578)
calls=1 -47 
* 3252
* 3
+1 5
cob=(4)
cfi=(175)
cfn=(1484)
calls=1 -48 
* 441
* 8
cob=(4)
cfi=(175)
cfn=(1484)
calls=1 -48 
* 437
* 3
+1 3

fn=(1624) process_client(int)
52 15
+2 3
cfn=(1626)
calls=1 -26 
* 1339
* 3
+9 150
+1 150
+3 17
+5 3
+3 2
+4 2
+6 3
cfi=(256) /usr/include/c++/13/bits/unordered_map.h
cfn=(1648) std::unordered_map<int, std::unique_ptr<Graph, std::default_delete<Graph> >, std::hash<int>, std::equal_to<int>, std::allocator<std::pair<int const, std::unique_ptr<Graph, std::default_delete<Graph> > > > >::unordered_map()
calls=1 +63 
* 187
* 3
+7 3
cfi=(256)
cfn=(1668) std::unordered_map<int, bool, std::hash<int>, std::equal_to<int>, std::allocator<std::pair<int const, bool> > >::unordered_map()
calls=1 +56 
* 187
* 3
+7 3
cfi=(256)
cfn=(1668)
calls=1 +49 
* 187
* 3
+3 3
cfi=(256)
cfn=(1668)
calls=1 +46 
* 187
+5 14
fi=(238)
-19 1
fi=(239)
+75 4
fe=(213)
-56 12
cfi=(259)
cfn=(1680)
calls=1 +66 
* 17049
* 4
fi=(239)
+77 3
cfi=(238)
cfn=(1908) std::__new_allocator<std::__cxx11::basic_string<char, std::char_traits<char>, std::allocator<char> > >::~__new_allocator()
calls=1 -80 
* 10
* 4
fe=(213)
-70 32
+3 8
cob=(4)
cfi=(175)
cfn=(1912)
calls=1 0 
* 47
-3 3904
+3 976
cob=(4)
cfi=(175)
cfn=(1912)
calls=122 0 
* 5734
* 861
+7 246
+3 12049
+3 378
+5 3
+3 18
cob=(4)
cfi=(175)
cfn=(1974)
calls=3 0 
* 30
* 12
+3 6
+7 51
+4 15
+2 4
+4 10
cob=(4)
cfi=(175)
cfn=(1484)
calls=2 0 
* 824
* 5
cob=(4)
cfi=(175)
cfn=(1484)
calls=1 0 
* 412
* 21
cob=(4)
cfi=(175)
cfn=(1578)
calls=3 0 
* 1302
* 12
+3 9
cob=(4)
cfi=(175)
cfn=(1890)
calls=3 0 
* 15
* 21
cob=(4)
cfi=(175)
cfn=(1406)
calls=3 0 
* 15
* 27
cob=(4)
cfi=(175)
cfn=(1978)
calls=3 0 
* 39
* 12
+3 366
+2 6
cob=(4)
cfi=(175)
cfn=(1916)
calls=2 0 
* 16
* 6
+2 10
cob=(4)
cfi=(175)
cfn=(1920)
calls=2 0 
* 5779
* 18
cob=(4)
cfi=(175)
cfn=(1968)
calls=2 0 
* 12
* 18
+3 10
cfi=(228)
cfn=(1972) bool std::operator==<char, std::char_traits<char>, std::allocator<char> >(std::__cxx11::basic_string<char, std::char_traits<char>, std::allocator<char> > const&, char const*)
calls=2 3727 
* 272
* 14
+2 5
cob=(4)
cfi=(175)
cfn=(1484)
calls=1 0 
* 362
* 8
cob=(4)
cfi=(175)
cfn=(1484)
calls=1 0 
* 437
* 4
+1 2
+4 5
cob=(4)
cfi=(175)
cfn=(1484)
calls=1 0 
* 446
* 8
cob=(4)
cfi=(175)
cfn=(1484)
calls=1 0 
* 437
* 1
+7 3
+2 4
cob=(4)
cfi=(175)
cfn=(1426)
calls=1 0 
* 8
* 3
cob=(4)
cfi=(175)
cfn=(1426)
calls=1 0 
* 8
* 15
579 3
cfi=(259)
cfn=(5176)
calls=1 104 
* 2436
* 6
cfi=(256)
cfn=(5220) std::unordered_map<int, bool, std::hash<int>, std::equal_to<int>, std::allocator<std::pair<int const, bool> > >::~unordered_map()
calls=1 109 
* 511
* 6
cfi=(256)
cfn=(5220)
calls=1 109 
* 1289
* 6
cfi=(256)
cfn=(5220)
calls=1 109 
* 511
* 6
cfi=(256)
cfn=(5242) std::unordered_map<int, std::unique_ptr<Graph, std::default_delete<Graph> >, std::hash<int>, std::equal_to<int>, std::allocator<std::pair<int const, std::unique_ptr<Graph, std::default_delete<Graph> > > > >::~unordered_map()
calls=1 109 
* 530
* 6
cob=(4)
cfi=(175)
cfn=(1426)
calls=1 0 
* 100
* 6
191 590
cob=(4)
cfi=(175)
cfn=(1434)
calls=118 0 
* 8614
+3 708
cob=(4)
cfi=(175)
cfn=(1982)
calls=118 0 
* 1534
* 472
+3 245
+3 15
+2 15
cob=(4)
cfi=(175)
cfn=(1484)
calls=3 0 
* 1176
* 21
cob=(4)
cfi=(175)
cfn=(1578)
calls=3 0 
* 1302
* 15
+7 9
cob=(4)
cfi=(175)
cfn=(4368)
calls=3 0 
* 30
* 12
+3 54
+3 15
cfi=(256)
cfn=(4372) std::unordered_map<int, std::unique_ptr<Graph, std::default_delete<Graph> >, std::hash<int>, std::equal_to<int>, std::allocator<std::pair<int const, std::unique_ptr<Graph, std::default_delete<Graph> > > > >::erase(int const&)
calls=3 769 
* 5772
* 12
+3 15
cfi=(256)
cfn=(4384) std::unordered_map<int, bool, std::hash<int>, std::equal_to<int>, std::allocator<std::pair<int const, bool> > >::erase(int const&)
calls=3 769 
* 2470
* 12
+3 15
cfi=(256)
cfn=(4384)
calls=3 769 
* 2470
* 9
+2 233
fi=(238)
88 115
fi=(239)
+75 115
fe=(213)
+64 690
cfi=(228)
cfn=(1362)
calls=115 641 
* 28480
* 345
fi=(239)
-43 345
cfi=(238)
cfn=(1430)
calls=115 -80 
* 1150
* 460
fe=(213)
+47 690
cob=(4)
cfi=(175)
cfn=(1986)
calls=115 0 
* 75548
* 345
+4 345
cfi=(276)
cfn=(1996) std::vector<std::__cxx11::basic_string<char, std::char_traits<char>, std::allocator<char> >, std::allocator<std::__cxx11::basic_string<char, std::char_traits<char>, std::allocator<char> > > >::vector()
calls=115 531 
* 8395
* 345
+2 345
cob=(4)
cfi=(175)
cfn=(1916)
calls=115 0 
* 920
+3 1067
+2 820
cfi=(276)
cfn=(2020) std::vector<std::__cxx11::basic_string<char, std::char_traits<char>, std::allocator<char> >, std::allocator<std::__cxx11::basic_string<char, std::char_traits<char>, std::allocator<char> > > >::push_back(std::__cxx11::basic_string<char, std::char_traits<char>, std::allocator<char> > const&)
calls=164 1281 
* 241098
* 492
-2 820
cob=(4)
cfi=(175)
cfn=(2004)
calls=164 0 
* 31889
* 575
cob=(4)
cfi=(175)
cfn=(2004)
calls=115 0 
* 30935
* 2511
cob=(4)
cfi=(175)
cfn=(1968)
calls=279 0 
* 1674
* 1789
+6 345
cfi=(276)
cfn=(2116) std::vector<std::__cxx11::basic_string<char, std::char_traits<char>, std::allocator<char> >, std::allocator<std::__cxx11::basic_string<char, std::char_traits<char>, std::allocator<char> > > >::empty() const
calls=115 1088 
* 19780
* 575
+2 120
+4 364
cfi=(276)
cfn=(2128) std::vector<std::__cxx11::basic_string<char, std::char_traits<char>, std::allocator<char> >, std::allocator<std::__cxx11::basic_string<char, std::char_traits<char>, std::allocator<char> > > >::operator[](unsigned long)
calls=91 1126 
* 1365
* 728
cob=(4)
cfi=(175)
cfn=(2058)
calls=91 0 
* 6147
* 364
+3 455
cfi=(228)
cfn=(1972)
calls=91 3727 
* 10218
* 533
+8 78
cfi=(276)
cfn=(2038) std::vector<std::__cxx11::basic_string<char, std::char_traits<char>, std::allocator<char> >, std::allocator<std::__cxx11::basic_string<char, std::char_traits<char>, std::allocator<char> > > >::size() const
calls=26 992 
* 416
* 184
fi=(238)
88 4
fi=(239)
+75 1
fe=(213)
265 6
cfi=(228)
cfn=(1362)
calls=1 641 
* 363
* 3
fi=(239)
-81 3
cfi=(238)
cfn=(1430)
calls=1 -80 
* 10
* 4
fe=(213)
+82 3
cob=(4)
cfi=(175)
cfn=(1890)
calls=1 0 
* 5
* 7
cob=(4)
cfi=(175)
cfn=(1406)
calls=1 0 
* 5
* 9
cob=(4)
cfi=(175)
cfn=(1978)
calls=1 0 
* 13
+1 4
+1 3
cob=(4)
cfi=(175)
cfn=(1426)
calls=1 0 
* 100
* 4
+8 100
cfi=(276)
cfn=(2128)
calls=25 1126 
* 375
* 225
cob=(4)
cfi=(175)
cfn=(1986)
calls=25 0 
* 15750
* 75
+3 100
cfi=(276)
cfn=(2128)
calls=25 1126 
* 375
* 225
cob=(4)
cfi=(175)
cfn=(1986)
calls=25 0 
* 15750
* 75
+3 125
cob=(4)
cfi=(175)
cfn=(2130)
calls=25 0 
* 12125
* 225
cob=(4)
cfi=(175)
cfn=(2166)
calls=25 0 
* 150
* 341
cob=(4)
cfi=(175)
cfn=(2170)
calls=24 0 
* 2160
* 216
cob=(4)
cfi=(175)
cfn=(2166)
calls=24 0 
* 144
* 513
fi=(238)
88 2
fi=(239)
+75 2
fe=(213)
284 12
cfi=(228)
cfn=(1362)
calls=2 641 
* 744
* 6
fi=(239)
184 6
cfi=(238)
cfn=(1430)
calls=2 -80 
* 20
* 8
fe=(213)
285 6
cob=(4)
cfi=(175)
cfn=(1890)
calls=2 0 
* 10
* 14
cob=(4)
cfi=(175)
cfn=(1406)
calls=2 0 
* 10
* 18
cob=(4)
cfi=(175)
cfn=(1978)
calls=2 0 
* 26
+1 8
+1 6
cob=(4)
cfi=(175)
cfn=(1426)
calls=2 0 
* 200
* 10
+3 74
fi=(238)
88 1
fi=(239)
+75 1
fe=(213)
292 6
cfi=(228)
cfn=(1362)
calls=1 641 
* 372
* 3
fi=(239)
184 3
cfi=(238)
cfn=(1430)
calls=1 -80 
* 10
* 4
fe=(213)
293 3
cob=(4)
cfi=(175)
cfn=(1890)
calls=1 0 
* 5
* 7
cob=(4)
cfi=(175)
cfn=(1406)
calls=1 0 
* 5
* 9
cob=(4)
cfi=(175)
cfn=(1978)
calls=1 0 
* 13
+1 4
+1 3
cob=(4)
cfi=(175)
cfn=(1426)
calls=1 0 
* 100
* 5
+3 176
cfi=(256)
cfn=(2174) std::unordered_map<int, bool, std::hash<int>, std::equal_to<int>, std::allocator<std::pair<int const, bool> > >::operator[](int const&)
calls=22 986 
* 14949
* 88
+4 110
cfi=(256)
cfn=(2174)
calls=22 986 
* 12122
* 220
cfi=(282)
cfn=(2300) std::__detail::_MakeUniq<Graph>::__single_object std::make_unique<Graph, int&, bool&>(int&, bool&)
calls=22 1069 
* 50838
* 176
cfi=(256)
cfn=(2398) std::unordered_map<int, std::unique_ptr<Graph, std::default_delete<Graph> >, std::hash<int>, std::equal_to<int>, std::allocator<std::pair<int const, std::unique_ptr<Graph, std::default_delete<Graph> > > > >::operator[](int const&)
calls=22 986 
* 15229
* 176
cfi=(282)
cfn=(2480) std::unique_ptr<Graph, std::default_delete<Graph> >::operator=(std::unique_ptr<Graph, std::default_delete<Graph> >&&)
calls=22 414 
* 50048
* 132
cfi=(282)
cfn=(2502) std::unique_ptr<Graph, std::default_delete<Graph> >::~unique_ptr()
calls=22 +96 
* 2464
* 66
+4 110
cfi=(256)
cfn=(2174)
calls=22 986 
* 13839
* 88
+1 110
cfi=(256)
cfn=(2174)
calls=22 986 
* 14949
* 110
+3 110
cfi=(228)
cfn=(2504)
calls=22 4166 
* 6314
* 176
cfi=(256)
cfn=(2174)
calls=22 986 
* 12122
* 214
fi=(238)
88 16
fi=(239)
+75 16
fe=(213)
310 96
cfi=(228)
cfn=(1362)
calls=16 641 
* 4000
* 12
fi=(238)
88 6
fi=(239)
+75 6
fe=(213)
310 36
cfi=(228)
cfn=(1362)
calls=6 641 
* 1500
* 198
cfi=(228)
cfn=(2522)
calls=22 3688 
* 9233
* 198
cfi=(228)
cfn=(2522)
calls=22 3688 
* 7454
* 198
cfi=(228)
cfn=(2538) std::__cxx11::basic_string<char, std::char_traits<char>, std::allocator<char> > std::operator+<char, std::char_traits<char>, std::allocator<char> >(std::__cxx11::basic_string<char, std::char_traits<char>, std::allocator<char> >&&, std::__cxx11::basic_string<char, std::char_traits<char>, std::allocator<char> >&&)
calls=22 3651 
* 5194
* 198
cfi=(228)
cfn=(2522)
calls=22 3688 
* 3278
* 132
cob=(4)
cfi=(175)
cfn=(1426)
calls=22 0 
* 176
* 132
cob=(4)
cfi=(175)
cfn=(1426)
calls=22 0 
* 176
* 132
cob=(4)
cfi=(175)
cfn=(1426)
calls=22 0 
* 176
* 132
cob=(4)
cfi=(175)
cfn=(1426)
calls=22 0 
* 176
* 66
fi=(239)
184 66
cfi=(238)
cfn=(1430)
calls=22 -80 
* 220
* 88
fe=(213)
310 66
cob=(4)
cfi=(175)
cfn=(1426)
calls=22 0 
* 176
* 66
+1 66
cob=(4)
cfi=(175)
cfn=(1890)
calls=22 0 
* 110
* 154
cob=(4)
cfi=(175)
cfn=(1406)
calls=22 0 
* 110
* 198
cob=(4)
cfi=(175)
cfn=(1978)
calls=22 0 
* 286
* 66
+1 66
cob=(4)
cfi=(175)
cfn=(1426)
calls=22 0 
* 2200
* 154
cob=(4)
cfi=(175)
cfn=(2548)
calls=22 0 
* 5173
* 9
cob=(4)
cfi=(175)
cfn=(2548)
calls=3 0 
* 372
* 247
cob=(4)
cfi=(175)
cfn=(2548)
calls=3 0 
* 372
* 66
cob=(4)
cfi=(175)
cfn=(2548)
calls=22 0 
* 2728
* 243
+8 325
cfi=(228)
cfn=(1972)
calls=65 3727 
* 9304
* 417
+3 115
cfi=(256)
cfn=(2174)
calls=23 986 
* 13783
* 166
fi=(238)
88 1
fi=(239)
+75 1
fe=(213)
325 6
cfi=(228)
cfn=(1362)
calls=1 641 
* 372
* 3
fi=(239)
184 3
cfi=(238)
cfn=(1430)
calls=1 -80 
* 10
* 4
fe=(213)
326 3
cob=(4)
cfi=(175)
cfn=(1890)
calls=1 0 
* 5
* 7
cob=(4)
cfi=(175)
cfn=(1406)
calls=1 0 
* 5
* 9
cob=(4)
cfi=(175)
cfn=(1978)
calls=1 0 
* 13
+1 4
+1 3
cob=(4)
cfi=(175)
cfn=(1426)
calls=1 0 
* 100
* 4
+8 66
cfi=(276)
cfn=(2038)
calls=22 992 
* 352
* 154
+10 110
cfi=(256)
cfn=(2174)
calls=22 986 
* 12122
* 132
+13 88
cfi=(276)
cfn=(2128)
calls=22 1126 
* 330
* 176
cob=(4)
cfi=(175)
cfn=(2058)
calls=22 0 
* 1062
* 66
+3 66
cob=(4)
cfi=(175)
cfn=(2586)
calls=22 0 
* 132
* 110
+6 110
cob=(4)
cfi=(175)
cfn=(2590)
calls=22 0 
* 110
* 154
cob=(4)
cfi=(175)
cfn=(2594)
calls=22 0 
* 132
* 242
cfi=(277)
cfn=(2602) __gnu_cxx::__normal_iterator<char*, std::__cxx11::basic_string<char, std::char_traits<char>, std::allocator<char> > >::operator*() const
calls=22 1099 
* 242
* 110
+2 94
+2 4
cob=(4)
cfi=(175)
cfn=(4406)
calls=2 0 
* 318
* 16
cob=(4)
cfi=(175)
cfn=(4410)
calls=2 0 
* 1869
* 24
cob=(4)
cfi=(175)
cfn=(4426)
calls=2 0 
* 66660
-4 60
cfi=(277)
cfn=(2604) __gnu_cxx::__normal_iterator<char*, std::__cxx11::basic_string<char, std::char_traits<char>, std::allocator<char> > >::operator++()
calls=20 1109 
* 300
* 160
cfi=(277)
cfn=(2598) bool __gnu_cxx::operator!=<char*, std::__cxx11::basic_string<char, std::char_traits<char>, std::allocator<char> > >(__gnu_cxx::__normal_iterator<char*, std::__cxx11::basic_string<char, std::char_traits<char>, std::allocator<char> > > const&, __gnu_cxx::__normal_iterator<char*, std::__cxx11::basic_string<char, std::char_traits<char>, std::allocator<char> > > const&)
calls=20 1241 
* 1000
* 110
cfi=(277)
cfn=(2598)
calls=22 1241 
* 1100
* 210
+9 80
cfi=(276)
cfn=(2128)
calls=20 1126 
* 300
* 140
cfi=(228)
cfn=(1404) std::__cxx11::stoi(std::__cxx11::basic_string<char, std::char_traits<char>, std::allocator<char> > const&, unsigned long*, int)
calls=20 4121 
* 6180
* 20
+3 40
+2 60
+6 100
cfi=(256)
cfn=(2398)
calls=20 986 
* 11020
* 100
cfi=(282)
cfn=(2622) std::unique_ptr<Graph, std::default_delete<Graph> >::operator->() const
calls=20 +72 
* 2440
* 100
cfi=(214)
cfn=(2636)
calls=20 21 
* 220
* 100
+5 100
cfi=(256)
cfn=(2174)
calls=20 986 
* 11020
* 160
+2 30
+4 120
+4 60
+4 60
cob=(4)
cfi=(175)
cfn=(1426)
calls=20 0 
* 160
* 60
+10 295
+3 425
cob=(4)
cfi=(175)
cfn=(1434)
calls=85 0 
* 6205
+3 510
cob=(4)
cfi=(175)
cfn=(1982)
calls=85 0 
* 1105
* 340
+2 340
fi=(238)
88 85
fi=(239)
+75 85
fe=(213)
431 510
cfi=(228)
cfn=(1362)
calls=85 641 
* 21319
* 255
fi=(239)
184 255
cfi=(238)
cfn=(1430)
calls=85 -80 
* 850
* 340
fe=(213)
433 425
cob=(4)
cfi=(175)
cfn=(2594)
calls=85 0 
* 510
* 595
cob=(4)
cfi=(175)
cfn=(2590)
calls=85 0 
* 425
* 850
cfi=(286) /usr/include/c++/13/bits/stl_algo.h
cfn=(2638) void std::replace<__gnu_cxx::__normal_iterator<char*, std::__cxx11::basic_string<char, std::char_traits<char>, std::allocator<char> > >, char>(__gnu_cxx::__normal_iterator<char*, std::__cxx11::basic_string<char, std::char_traits<char>, std::allocator<char> > >, __gnu_cxx::__normal_iterator<char*, std::__cxx11::basic_string<char, std::char_traits<char>, std::allocator<char> > >, char const&, char const&)
calls=85 4369 
* 66304
* 255
+2 510
cob=(4)
cfi=(175)
cfn=(1986)
calls=85 0 
* 55454
* 255
+15 425
cob=(4)
cfi=(175)
cfn=(2130)
calls=85 0 
* 34704
* 680
cob=(4)
cfi=(175)
cfn=(2130)
calls=85 0 
* 29253
* 680
cob=(4)
cfi=(175)
cfn=(2130)
calls=85 0 
* 28633
* 850
cob=(4)
cfi=(175)
cfn=(2166)
calls=85 0 
* 510
* 624
fi=(238)
88 19
fi=(239)
+75 19
fe=(213)
452 114
cfi=(228)
cfn=(1362)
calls=19 641 
* 7068
* 57
fi=(239)
184 57
cfi=(238)
cfn=(1430)
calls=19 -80 
* 190
* 76
fe=(213)
453 57
cob=(4)
cfi=(175)
cfn=(1890)
calls=19 0 
* 95
* 133
cob=(4)
cfi=(175)
cfn=(1406)
calls=19 0 
* 95
* 171
cob=(4)
cfi=(175)
cfn=(1978)
calls=19 0 
* 247
+1 19
+1 76
+1 57
cob=(4)
cfi=(175)
cfn=(1426)
calls=19 0 
* 1900
* 95
+5 596
fi=(238)
88 1
fi=(239)
+75 1
fe=(213)
463 6
cfi=(228)
cfn=(1362)
calls=1 641 
* 372
* 3
fi=(239)
184 3
cfi=(238)
cfn=(1430)
calls=1 -80 
* 10
* 4
fe=(213)
464 3
cob=(4)
cfi=(175)
cfn=(1890)
calls=1 0 
* 5
* 7
cob=(4)
cfi=(175)
cfn=(1406)
calls=1 0 
* 5
* 9
cob=(4)
cfi=(175)
cfn=(1978)
calls=1 0 
* 13
+1 1
+1 4
+1 3
cob=(4)
cfi=(175)
cfn=(1426)
calls=1 0 
* 100
* 200
+3 275
fi=(238)
88 3
fi=(239)
+75 3
fe=(213)
472 18
cfi=(228)
cfn=(1362)
calls=3 641 
* 1116
* 9
fi=(239)
184 9
cfi=(238)
cfn=(1430)
calls=3 -80 
* 30
* 12
fe=(213)
473 9
cob=(4)
cfi=(175)
cfn=(1890)
calls=3 0 
* 15
* 21
cob=(4)
cfi=(175)
cfn=(1406)
calls=3 0 
* 15
* 27
cob=(4)
cfi=(175)
cfn=(1978)
calls=3 0 
* 39
+1 3
+1 12
+1 9
cob=(4)
cfi=(175)
cfn=(1426)
calls=3 0 
* 300
* 15
+3 310
cfi=(256)
cfn=(2398)
calls=62 986 
* 34162
* 310
cfi=(282)
cfn=(2622)
calls=62 -19 
* 7564
* 558
cfi=(214)
cfn=(2644)
calls=62 266 
* 50413
* 142
fi=(238)
88 3
fi=(239)
+75 3
fe=(213)
481 18
cfi=(228)
cfn=(1362)
calls=3 641 
* 1089
* 9
fi=(239)
184 9
cfi=(238)
cfn=(1430)
calls=3 -80 
* 30
* 12
fe=(213)
482 9
cob=(4)
cfi=(175)
cfn=(1890)
calls=3 0 
* 15
* 21
cob=(4)
cfi=(175)
cfn=(1406)
calls=3 0 
* 15
* 27
cob=(4)
cfi=(175)
cfn=(1978)
calls=3 0 
* 39
+1 3
+1 12
+1 9
cob=(4)
cfi=(175)
cfn=(1426)
calls=3 0 
* 300
* 192
+3 975
cfi=(256)
cfn=(2398)
calls=57 986 
* 31407
* 285
cfi=(282)
cfn=(2622)
calls=57 -28 
* 6954
* 285
cfi=(214)
cfn=(2636)
calls=57 21 
* 627
* 969
cfi=(256)
cfn=(2398)
calls=57 986 
* 31407
* 285
cfi=(282)
cfn=(2622)
calls=57 -28 
* 6954
* 285
cfi=(214)
cfn=(2636)
calls=57 21 
* 627
* 665
fi=(238)
88 4
fi=(239)
+75 4
fe=(213)
490 24
cfi=(228)
cfn=(1362)
calls=4 641 
* 1452
* 12
fi=(239)
184 12
cfi=(238)
cfn=(1430)
calls=4 -80 
* 40
* 16
fe=(213)
491 12
cob=(4)
cfi=(175)
cfn=(1890)
calls=4 0 
* 20
* 28
cob=(4)
cfi=(175)
cfn=(1406)
calls=4 0 
* 20
* 36
cob=(4)
cfi=(175)
cfn=(1978)
calls=4 0 
* 52
+1 4
+1 16
+1 12
cob=(4)
cfi=(175)
cfn=(1426)
calls=4 0 
* 400
* 20
+4 275
cfi=(256)
cfn=(2398)
calls=55 986 
* 30305
* 275
cfi=(282)
cfn=(2622)
calls=55 -38 
* 6710
* 495
cfi=(214)
cfn=(2674)
calls=55 41 
* 200301
* 220
+8 385
cob=(4)
cfi=(175)
cfn=(2548)
calls=55 0 
* 6820
* 90
cob=(4)
cfi=(175)
cfn=(2548)
calls=30 0 
* 3720
* 820
cob=(4)
cfi=(175)
cfn=(1426)
calls=30 0 
* 240
* 165
cob=(4)
cfi=(175)
cfn=(1426)
calls=55 0 
* 440
* 645
-89 440
fi=(238)
88 20
fi=(239)
+75 20
fe=(213)
512 120
cfi=(228)
cfn=(1362)
calls=20 641 
* 5000
* 60
fi=(239)
184 60
cfi=(238)
cfn=(1430)
calls=20 -80 
* 200
* 80
fe=(213)
513 100
cfi=(256)
cfn=(2174)
calls=20 986 
* 11020
* 80
+1 60
cob=(4)
cfi=(175)
cfn=(1890)
calls=20 0 
* 100
* 140
cob=(4)
cfi=(175)
cfn=(1406)
calls=20 0 
* 100
* 180
cob=(4)
cfi=(175)
cfn=(1978)
calls=20 0 
* 260
* 80
+1 60
cob=(4)
cfi=(175)
cfn=(1426)
calls=20 0 
* 160
* 95
+4 210
cfi=(259)
cfn=(2764)
calls=42 692 
* 72349
* 418
+4 155
cfi=(256)
cfn=(2174)
calls=31 986 
* 17081
* 487
cfi=(256)
cfn=(2174)
calls=30 986 
* 16530
* 407
fi=(238)
88 3
fi=(239)
+75 3
fe=(213)
525 18
cfi=(228)
cfn=(1362)
calls=3 641 
* 1089
* 9
fi=(239)
184 9
cfi=(238)
cfn=(1430)
calls=3 -80 
* 30
* 12
fe=(213)
526 9
cob=(4)
cfi=(175)
cfn=(1890)
calls=3 0 
* 15
* 21
cob=(4)
cfi=(175)
cfn=(1406)
calls=3 0 
* 15
* 27
cob=(4)
cfi=(175)
cfn=(1978)
calls=3 0 
* 39
+1 12
+1 9
cob=(4)
cfi=(175)
cfn=(1426)
calls=3 0 
* 300
* 15
+4 140
cfi=(228)
cfn=(1972)
calls=28 3727 
* 3052
* 329
cfi=(228)
cfn=(1972)
calls=21 3727 
* 2266
* 170
cfi=(256)
cfn=(2174)
calls=12 986 
* 6612
* 254
fi=(238)
88 2
fi=(239)
+75 2
fe=(213)
534 12
cfi=(228)
cfn=(1362)
calls=2 641 
* 744
* 18
cfi=(228)
cfn=(3860) std::__cxx11::basic_string<char, std::char_traits<char>, std::allocator<char> > std::operator+<char, std::char_traits<char>, std::allocator<char> >(std::__cxx11::basic_string<char, std::char_traits<char>, std::allocator<char> > const&, std::__cxx11::basic_string<char, std::char_traits<char>, std::allocator<char> >&&)
calls=2 3644 
* 798
* 12
cob=(4)
cfi=(175)
cfn=(1426)
calls=2 0 
* 16
* 6
fi=(239)
184 6
cfi=(238)
cfn=(1430)
calls=2 -80 
* 20
* 8
fe=(213)
535 6
cob=(4)
cfi=(175)
cfn=(1890)
calls=2 0 
* 10
* 14
cob=(4)
cfi=(175)
cfn=(1406)
calls=2 0 
* 10
* 18
cob=(4)
cfi=(175)
cfn=(1978)
calls=2 0 
* 26
+1 8
+1 6
cob=(4)
cfi=(175)
cfn=(1426)
calls=2 0 
* 200
* 10
+3 130
cfi=(228)
cfn=(1972)
calls=26 3727 
* 3074
* 166
cfi=(256)
cfn=(2174)
calls=4 986 
* 2204
* 116
fi=(238)
88 1
fi=(239)
+75 1
fe=(213)
542 6
cfi=(228)
cfn=(1362)
calls=1 +99 
* 372
* 9
cfi=(228)
cfn=(3860)
calls=1 3644 
* 402
* 6
cob=(4)
cfi=(175)
cfn=(1426)
calls=1 0 
* 8
* 3
fi=(239)
184 3
cfi=(238)
cfn=(1430)
calls=1 -80 
* 10
* 4
fe=(213)
543 3
cob=(4)
cfi=(175)
cfn=(1890)
calls=1 0 
* 5
* 7
cob=(4)
cfi=(175)
cfn=(1406)
calls=1 0 
* 5
* 9
cob=(4)
cfi=(175)
cfn=(1978)
calls=1 0 
* 13
+1 4
+1 3
cob=(4)
cfi=(175)
cfn=(1426)
calls=1 0 
* 100
* 5
+5 125
cfi=(221)
cfn=(2780) AlgorithmFactory::create_algo(std::__cxx11::basic_string<char, std::char_traits<char>, std::allocator<char> > const&)
calls=25 10 
* 39808
* 75
+3 75
cfi=(282)
cfn=(2854) std::unique_ptr<Algorithms, std::default_delete<Algorithms> >::operator->() const
calls=25 -93 
* 3050
* 275
cfi=(256)
cfn=(2398)
calls=25 986 
* 13775
* 125
cfi=(282)
cfn=(2868) std::unique_ptr<Graph, std::default_delete<Graph> >::operator*() const
calls=25 451 
* 3575
* 200
cfi=(218)
cfn=(4358)
calls=5 4 
* 57980
cfi=(220)
cfn=(3938) SCC_algo::execute[abi:cxx11](Graph const&) const
calls=3 4 
* 174870
cfi=(219)
cfn=(3514) MaxClique_algo::execute[abi:cxx11](Graph const&) const
calls=4 8 
* 455189
cfi=(216)
cfn=(3332) EulerCircuit_algo::execute[abi:cxx11](Graph const&) const
calls=7 46 
* 132973
cfi=(217)
cfn=(2870)
calls=6 29 
* 357288
* 100
+3 75
cob=(4)
cfi=(175)
cfn=(2586)
calls=25 0 
* 150
* 225
+2 75
cob=(4)
cfi=(175)
cfn=(1890)
calls=25 0 
* 125
* 175
cob=(4)
cfi=(175)
cfn=(1406)
calls=25 0 
* 125
* 225
cob=(4)
cfi=(175)
cfn=(1978)
calls=25 0 
* 325
* 75
+2 75
cob=(4)
cfi=(175)
cfn=(1426)
calls=25 0 
* 2132
* 150
cfi=(282)
cfn=(3234) std::unique_ptr<Algorithms, std::default_delete<Algorithms> >::~unique_ptr()
calls=25 398 
* 10885
* 47
fi=(238)
88 11
fi=(239)
+75 11
fe=(213)
571 66
cfi=(228)
cfn=(1362)
calls=11 +70 
* 4092
* 33
fi=(239)
184 33
cfi=(238)
cfn=(1430)
calls=11 -80 
* 110
* 44
fe=(213)
572 33
cob=(4)
cfi=(175)
cfn=(1890)
calls=11 0 
* 55
* 77
cob=(4)
cfi=(175)
cfn=(1406)
calls=11 0 
* 55
* 99
cob=(4)
cfi=(175)
cfn=(1978)
calls=11 0 
* 143
+1 44
+1 33
cob=(4)
cfi=(175)
cfn=(1426)
calls=11 0 
* 1100
* 55
+1 469
cob=(4)
cfi=(175)
cfn=(1426)
calls=67 0 
* 536
* 72
cob=(4)
cfi=(175)
cfn=(1426)
calls=24 0 
* 192
* 886
cob=(4)
cfi=(175)
cfn=(1426)
calls=24 0 
* 192
* 273
cob=(4)
cfi=(175)
cfn=(1426)
calls=91 0 
* 728
* 1102
cfi=(276)
cfn=(2570) std::vector<std::__cxx11::basic_string<char, std::char_traits<char>, std::allocator<char> >, std::allocator<std::__cxx11::basic_string<char, std::char_traits<char>, std::allocator<char> > > >::~vector()
calls=48 733 
* 12930
* 201
cfi=(276)
cfn=(2570)
calls=67 733 
* 26935
* 1102
cob=(4)
cfi=(175)
cfn=(2548)
calls=48 0 
* 5952
* 201
cob=(4)
cfi=(175)
cfn=(2548)
calls=67 0 
* 8308
* 1102
cob=(4)
cfi=(175)
cfn=(1426)
calls=48 0 
* 384
* 201
cob=(4)
cfi=(175)
cfn=(1426)
calls=67 0 
* 536
* 843
124 6930
578 122
372 18
+35 6
cob=(4)
cfi=(175)
cfn=(1426)
calls=2 0 
* 16
* 18
+2 8
cob=(4)
cfi=(175)
cfn=(4992)
calls=2 0 
* 114
* 8
+2 14
cob=(7)
cfi=(185)
cfn=(4996) std::logic_error::what() const
calls=2 0 
* 6
* 6
fi=(238)
88 2
fi=(239)
+75 8
fe=(213)
411 12
cfi=(228)
cfn=(1362)
calls=2 641 
* 500
* 18
cfi=(228)
cfn=(2522)
calls=2 3688 
* 650
* 18
cfi=(228)
cfn=(2522)
calls=2 3688 
* 792
* 12
cob=(4)
cfi=(175)
cfn=(1426)
calls=2 0 
* 16
* 12
cob=(4)
cfi=(175)
cfn=(1426)
calls=2 0 
* 16
* 6
fi=(239)
184 6
cfi=(238)
cfn=(1430)
calls=2 -80 
* 20
* 8
fe=(213)
412 6
cob=(4)
cfi=(175)
cfn=(1890)
calls=2 0 
* 10
* 14
cob=(4)
cfi=(175)
cfn=(1406)
calls=2 0 
* 10
* 18
cob=(4)
cfi=(175)
cfn=(1978)
calls=2 0 
* 26
+1 8
+1 6
cob=(4)
cfi=(175)
cfn=(1426)
calls=2 0 
* 200
* 8
cob=(4)
cfi=(175)
cfn=(4998)
calls=2 0 
* 5100
* 2
579 7

fn=(1352)
582 13
+4 2
+7 4
cob=(4)
cfi=(175)
cfn=(1354)
calls=1 0 
* 8
* 4
+2 2
+7 1
+1 8
cob=(4)
cfi=(175)
cfn=(1358)
calls=1 0 
* 9
* 3
+3 5
fi=(238)
88 1
fi=(239)
+75 1
fe=(213)
609 8
cfi=(228)
cfn=(1362)
calls=1 +32 
* 1265
* 8
cfi=(228)
cfn=(1404)
calls=1 4121 
* 369
* 7
cob=(4)
cfi=(175)
cfn=(1426)
calls=1 0 
* 8
* 3
fi=(239)
184 3
cfi=(238)
cfn=(1430)
calls=1 -80 
* 10
* 4
fe=(213)
612 11
+4 4
+5 5
cob=(4)
cfi=(175)
cfn=(1434)
calls=1 0 
* 14
+2 1
+2 1
+2 1
+4 8
cob=(4)
cfi=(175)
cfn=(1438)
calls=1 0 
* 1304
* 1
-19 3
+19 1
+2 2
+9 6
+2 8
cob=(4)
cfi=(175)
cfn=(1466)
calls=1 0 
* 8
* 10
+1 1
-3 2
+7 2
+8 3
cob=(4)
cfi=(175)
cfn=(1470)
calls=1 0 
* 116
* 3
+3 4
cob=(4)
cfi=(175)
cfn=(1478)
calls=1 0 
* 8
* 1
+1 2
+4 3
+7 3
cfn=(1482)
calls=1 46 
* 14742
* 4
+4 3
cfn=(1624)
calls=1 52 
* 3185287
* 4
+3 3
cob=(4)
cfi=(175)
cfn=(4368)
calls=1 0 
* 10
* 4
+2 1
+1 6

fn=(1314)
682 6
cfi=(211)
cfn=(1316)
calls=1 0 
* 34
* 2

fl=(293) /usr/include/c++/13/bits/stl_stack.h
fn=(3382) std::stack<int, std::deque<int, std::allocator<int> > >::push(int const&)
260 189
+1 105
cfi=(294)
cfn=(3384)
calls=21 1538 
* 2037
* 126

fn=(3342) std::stack<int, std::deque<int, std::allocator<int> > >::stack<std::deque<int, std::allocator<int> >, void>()
162 48
+1 60
cfi=(294)
cfn=(3344)
calls=6 855 
* 4842
* 36

fn=(3390) std::stack<int, std::deque<int, std::allocator<int> > >::empty() const
217 248
+1 93
cfi=(294)
cfn=(3392)
calls=31 1347 
* 1209
* 248

fn=(3414) std::stack<int, std::deque<int, std::allocator<int> > >::~stack()
99 66
cfi=(294)
cfn=(3416)
calls=6 1027 
* 4032
* 36

fn=(3408) std::stack<int, std::deque<int, std::allocator<int> > >::pop()
293 168
+3 63
cfi=(294)
cfn=(3410)
calls=21 1597 
* 1113
* 63
+1 63

fn=(3396) std::stack<int, std::deque<int, std::allocator<int> > >::top()
232 192
+3 72
cfi=(294)
cfn=(3398)
calls=24 1468 
* 2880
* 144
+1 48

fl=(267)
fn=(2722) std::pair<int, int>::pair<int&, int&, true>(int&, int&)
687 1270
+1 381
cfi=(260)
cfn=(2304) int& std::forward<int&>(std::remove_reference<int&>::type&)
calls=127 70 
* 1270
* 1143
cfi=(260)
cfn=(2304)
calls=127 70 
* 1270
* 762
+1 381

fn=(4202) std::pair<std::_Rb_tree_node_base*, std::_Rb_tree_node_base*>::pair<std::_Rb_tree_node<std::pair<int, int> >*&, std::_Rb_tree_node_base*&, true>(std::_Rb_tree_node<std::pair<int, int> >*&, std::_Rb_tree_node_base*&)
687 20
+1 6
cfi=(260)
cfn=(4204) std::_Rb_tree_node<std::pair<int, int> >*& std::forward<std::_Rb_tree_node<std::pair<int, int> >*&>(std::remove_reference<std::_Rb_tree_node<std::pair<int, int> >*&>::type&)
calls=2 70 
* 20
* 18
cfi=(260)
cfn=(3560) std::_Rb_tree_node_base*& std::forward<std::_Rb_tree_node_base*&>(std::remove_reference<std::_Rb_tree_node_base*&>::type&)
calls=2 70 
* 20
* 12
+1 6

fn=(4234) std::pair<std::_Rb_tree_iterator<std::pair<int, int> >, bool>::pair<std::_Rb_tree_iterator<std::pair<int, int> >, bool, true>(std::_Rb_tree_iterator<std::pair<int, int> >&&, bool&&)
687 20
+1 6
cfi=(260)
cfn=(4236) std::_Rb_tree_iterator<std::pair<int, int> >&& std::forward<std::_Rb_tree_iterator<std::pair<int, int> > >(std::remove_reference<std::_Rb_tree_iterator<std::pair<int, int> > >::type&)
calls=2 70 
* 20
* 18
cfi=(260)
cfn=(1868) bool&& std::forward<bool>(std::remove_reference<bool>::type&)
calls=2 70 
* 20
* 12
+1 6

fn=(3556) std::pair<std::_Rb_tree_node_base*, std::_Rb_tree_node_base*>::pair<std::_Rb_tree_node<int>*&, std::_Rb_tree_node_base*&, true>(std::_Rb_tree_node<int>*&, std::_Rb_tree_node_base*&)
687 1030
+1 309
cfi=(260)
cfn=(3558) std::_Rb_tree_node<int>*& std::forward<std::_Rb_tree_node<int>*&>(std::remove_reference<std::_Rb_tree_node<int>*&>::type&)
calls=103 70 
* 1030
* 927
cfi=(260)
cfn=(3560)
calls=103 70 
* 1030
* 618
+1 309

fn=(3598) std::pair<std::_Rb_tree_const_iterator<int>, bool>::pair<std::_Rb_tree_iterator<int>&, bool&, true>(std::_Rb_tree_iterator<int>&, bool&)
687 1133
+1 412
cfi=(260)
cfn=(3600) std::_Rb_tree_iterator<int>& std::forward<std::_Rb_tree_iterator<int>&>(std::remove_reference<std::_Rb_tree_iterator<int>&>::type&)
calls=103 70 
* 1030
* 618
cfi=(297) /usr/include/c++/13/bits/stl_tree.h
cfn=(3602) std::_Rb_tree_const_iterator<int>::_Rb_tree_const_iterator(std::_Rb_tree_iterator<int> const&)
calls=103 350 
* 1545
* 618
cfi=(260)
cfn=(2302) bool& std::forward<bool&>(std::remove_reference<bool&>::type&)
calls=103 70 
* 1030
* 618
+1 412

fn=(3742) std::pair<std::_Rb_tree_iterator<int>, std::_Rb_tree_iterator<int> >::pair<std::_Rb_tree_iterator<int>, std::_Rb_tree_iterator<int>, true>(std::_Rb_tree_iterator<int>&&, std::_Rb_tree_iterator<int>&&)
687 580
+1 174
cfi=(260)
cfn=(3596) std::_Rb_tree_iterator<int>&& std::forward<std::_Rb_tree_iterator<int> >(std::remove_reference<std::_Rb_tree_iterator<int> >::type&)
calls=58 70 
* 580
* 522
cfi=(260)
cfn=(3596)
calls=58 70 
* 580
* 348
+1 174

fn=(4238) std::pair<std::_Rb_tree_const_iterator<std::pair<int, int> >, bool>::pair<std::_Rb_tree_iterator<std::pair<int, int> >&, bool&, true>(std::_Rb_tree_iterator<std::pair<int, int> >&, bool&)
687 22
+1 8
cfi=(260)
cfn=(4240) std::_Rb_tree_iterator<std::pair<int, int> >& std::forward<std::_Rb_tree_iterator<std::pair<int, int> >&>(std::remove_reference<std::_Rb_tree_iterator<std::pair<int, int> >&>::type&)
calls=2 70 
* 20
* 12
cfi=(297)
cfn=(4242) std::_Rb_tree_const_iterator<std::pair<int, int> >::_Rb_tree_const_iterator(std::_Rb_tree_iterator<std::pair<int, int> > const&)
calls=2 350 
* 30
* 12
cfi=(260)
cfn=(2302)
calls=2 70 
* 20
* 12
+1 8

fn=(3594) std::pair<std::_Rb_tree_iterator<int>, bool>::pair<std::_Rb_tree_iterator<int>, bool, true>(std::_Rb_tree_iterator<int>&&, bool&&)
687 1030
+1 309
cfi=(260)
cfn=(3596)
calls=103 70 
* 1030
* 927
cfi=(260)
cfn=(1868)
calls=103 70 
* 1030
* 618
+1 309

fn=(5056)
187 24
cfi=(282)
cfn=(2502)
calls=2 398 
* 3269
* 12

fn=(1864)
687 50
+1 15
cfi=(260)
cfn=(1866) std::__detail::_Node_iterator<std::__cxx11::basic_string<char, std::char_traits<char>, std::allocator<char> >, true, true>& std::forward<std::__detail::_Node_iterator<std::__cxx11::basic_string<char, std::char_traits<char>, std::allocator<char> >, true, true>&>(std::remove_reference<std::__detail::_Node_iterator<std::__cxx11::basic_string<char, std::char_traits<char>, std::allocator<char> >, true, true>&>::type&)
calls=5 70 
* 50
* 45
cfi=(260)
cfn=(1868)
calls=5 70 
* 50
* 30
+1 15

fl=(290)
fn=(3134) Graph::directed() const
31 132

fn=(5104) Graph::Graph(Graph const&)
6 20
cfi=(276)
cfn=(5106) std::vector<Node, std::allocator<Node> >::vector(std::vector<Node, std::allocator<Node> > const&)
calls=1 601 
* 3616
* 10

fn=(3172)
6 336
cfi=(276)
cfn=(3174) std::vector<Node, std::allocator<Node> >::~vector()
calls=28 733 
* 42519
* 168

fl=(219)
fn=(1328)
123 6
cfi=(211)
cfn=(1316)
calls=1 0 
* 23
* 2

fn=(3618) MaxClique_algo::bronk(std::set<int, std::less<int>, std::allocator<int> >&, std::set<int, std::less<int>, std::allocator<int> >&, std::set<int, std::less<int>, std::allocator<int> >&, Graph const&, std::vector<std::set<int, std::less<int>, std::allocator<int> >, std::allocator<std::set<int, std::less<int>, std::allocator<int> > > >&) const
78 68
+3 12
cfi=(296) /usr/include/c++/13/bits/stl_set.h
cfn=(3620) std::set<int, std::less<int>, std::allocator<int> >::empty() const
calls=4 416 
* 128
* 44
+7 20
cfi=(296)
cfn=(3624) std::set<int, std::less<int>, std::allocator<int> >::set(std::set<int, std::less<int>, std::allocator<int> > const&)
calls=4 225 
* 11746
* 16
+2 20
cfi=(296)
cfn=(3662) std::set<int, std::less<int>, std::allocator<int> >::begin() const
calls=4 346 
* 236
* 28
cfi=(296)
cfn=(3668) std::set<int, std::less<int>, std::allocator<int> >::end() const
calls=4 355 
* 236
* 110
cfi=(297)
cfn=(3674) std::_Rb_tree_const_iterator<int>::operator*() const
calls=15 358 
* 1035
* 75
+3 75
cfi=(296)
cfn=(3536) std::set<int, std::less<int>, std::allocator<int> >::insert(int const&)
calls=15 511 
* 16374
* 45
+4 45
cfi=(296)
cfn=(3524) std::set<int, std::less<int>, std::allocator<int> >::set()
calls=15 +72 
* 1695
* 90
cfi=(296)
cfn=(3524)
calls=15 +72 
* 1695
* 45
+2 75
cfi=(296)
cfn=(3662)
calls=15 346 
* 885
* 105
cfi=(296)
cfn=(3668)
calls=15 355 
* 885
* 291
cfi=(297)
cfn=(3674)
calls=36 358 
* 2484
* 180
+2 216
cfi=(214)
cfn=(3676) Graph::contains_edge(int, int) const
calls=36 234 
* 30495
* 216
+2 60
cfi=(296)
cfn=(3536)
calls=12 511 
* 13729
* 36
-4 36
cfi=(297)
cfn=(3678) std::_Rb_tree_const_iterator<int>::operator++()
calls=12 366 
* 380
* 72
cfi=(297)
cfn=(3678)
calls=24 366 
* 773
* 288
cfi=(297)
cfn=(3672) std::operator!=(std::_Rb_tree_const_iterator<int> const&, std::_Rb_tree_const_iterator<int> const&)
calls=36 401 
* 576
* 75
cfi=(297)
cfn=(3672)
calls=15 401 
* 240
* 255
+8 75
cfi=(296)
cfn=(3662)
calls=15 346 
* 885
* 105
cfi=(296)
cfn=(3668)
calls=15 355 
* 885
* 201
cfi=(297)
cfn=(3674)
calls=21 358 
* 1449
* 105
+2 126
cfi=(214)
cfn=(3676)
calls=21 234 
* 16403
* 141
+2 60
cfi=(296)
cfn=(3536)
calls=12 511 
* 13584
* 36
-4 36
cfi=(297)
cfn=(3678)
calls=12 366 
* 410
* 27
cfi=(297)
cfn=(3678)
calls=9 366 
* 269
* 168
cfi=(297)
cfn=(3672)
calls=21 401 
* 336
* 75
cfi=(297)
cfn=(3672)
calls=15 401 
* 240
* 180
+9 150
cfn=(3619) MaxClique_algo::bronk(std::set<int, std::less<int>, std::allocator<int> >&, std::set<int, std::less<int>, std::allocator<int> >&, std::set<int, std::less<int>, std::allocator<int> >&, Graph const&, std::vector<std::set<int, std::less<int>, std::allocator<int> >, std::allocator<std::set<int, std::less<int>, std::allocator<int> > > >&) const'2
calls=15 -38 
* 189098
* 45
+3 75
cfi=(296)
cfn=(3732) std::set<int, std::less<int>, std::allocator<int> >::erase(int const&)
calls=15 686 
* 20691
* 60
+1 75
cfi=(296)
cfn=(3732)
calls=15 686 
* 23464
* 60
+1 75
cfi=(296)
cfn=(3536)
calls=15 511 
* 21596
* 60
+1 45
cfi=(296)
cfn=(3774) std::set<int, std::less<int>, std::allocator<int> >::~set()
calls=15 283 
* 10519
* 90
cfi=(296)
cfn=(3774)
calls=15 283 
* 1890
* 45
-32 45
cfi=(297)
cfn=(3678)
calls=15 366 
* 474
* 120
cfi=(297)
cfn=(3672)
calls=15 401 
* 240
* 20
cfi=(297)
cfn=(3672)
calls=4 401 
* 64
* 95
+33 12
cfi=(296)
cfn=(3774)
calls=4 283 
* 6067
* 40

fn=(3619)
78 493
+3 87
cfi=(296)
cfn=(3620)
calls=29 416 
* 928
* 196
cfi=(296)
cfn=(3620)
calls=17 416 
* 544
* 295
+2 45
cfi=(276)
cfn=(3684) std::vector<std::set<int, std::less<int>, std::allocator<int> >, std::allocator<std::set<int, std::less<int>, std::allocator<int> > > >::push_back(std::set<int, std::less<int>, std::allocator<int> > const&)
calls=9 1281 
* 31836
* 27
+40 9
-35 100
cfi=(296)
cfn=(3624)
calls=20 225 
* 15209
* 80
+2 100
cfi=(296)
cfn=(3662)
calls=20 346 
* 1180
* 140
cfi=(296)
cfn=(3668)
calls=20 355 
* 1180
* 184
cfi=(297)
cfn=(3674)
calls=14 358 
* 966
* 70
+3 70
cfi=(296)
cfn=(3536)
calls=14 511 
* 21520
* 42
+4 42
cfi=(296)
cfn=(3524)
calls=14 +72 
* 1582
* 84
cfi=(296)
cfn=(3524)
calls=14 +72 
* 1582
* 42
+2 70
cfi=(296)
cfn=(3662)
calls=14 346 
* 826
* 98
cfi=(296)
cfn=(3668)
calls=14 355 
* 826
* 166
cfi=(297)
cfn=(3674)
calls=16 358 
* 1104
* 80
+2 96
cfi=(214)
cfn=(3676)
calls=16 234 
* 15171
* 86
+2 10
cfi=(296)
cfn=(3536)
calls=2 511 
* 2305
* 6
-4 6
cfi=(297)
cfn=(3678)
calls=2 366 
* 70
* 42
cfi=(297)
cfn=(3678)
calls=14 366 
* 480
* 128
cfi=(297)
cfn=(3672)
calls=16 401 
* 256
* 70
cfi=(297)
cfn=(3672)
calls=14 401 
* 224
* 150
+8 70
cfi=(296)
cfn=(3662)
calls=14 346 
* 826
* 98
cfi=(296)
cfn=(3668)
calls=14 355 
* 826
* 118
cfi=(297)
cfn=(3674)
calls=8 358 
* 552
* 40
+2 48
cfi=(214)
cfn=(3676)
calls=8 234 
* 6836
* 52
+2 20
cfi=(296)
cfn=(3536)
calls=4 511 
* 4264
* 12
-4 12
cfi=(297)
cfn=(3678)
calls=4 366 
* 140
* 12
cfi=(297)
cfn=(3678)
calls=4 366 
* 140
* 64
cfi=(297)
cfn=(3672)
calls=8 401 
* 128
* 70
cfi=(297)
cfn=(3672)
calls=14 401 
* 224
* 110
+9 140
cfn=(3619)
calls=14 -38 
* 58688
* 42
+3 70
cfi=(296)
cfn=(3732)
calls=14 686 
* 20132
* 56
+1 70
cfi=(296)
cfn=(3732)
calls=14 686 
* 19612
* 56
+1 70
cfi=(296)
cfn=(3536)
calls=14 511 
* 18092
* 56
+1 42
cfi=(296)
cfn=(3774)
calls=14 283 
* 3906
* 84
cfi=(296)
cfn=(3774)
calls=14 283 
* 1764
* 42
-32 42
cfi=(297)
cfn=(3678)
calls=14 366 
* 480
* 112
cfi=(297)
cfn=(3672)
calls=14 401 
* 224
* 100
cfi=(297)
cfn=(3672)
calls=20 401 
* 320
* 170
+33 60
cfi=(296)
cfn=(3774)
calls=20 283 
* 7537
* 254

fn=(5428)
123 4
cfi=(211)
cfn=(5302)
calls=1 0 
* 24
* 2

fn=(3514)
8 56
+1 12
cfi=(214)
cfn=(2636)
calls=4 +12 
* 44
* 16
+4 12
cfi=(276)
cfn=(3516) std::vector<std::set<int, std::less<int>, std::allocator<int> >, std::allocator<std::set<int, std::less<int>, std::allocator<int> > > >::vector()
calls=4 531 
* 292
* 12
+5 12
cfi=(296)
cfn=(3524)
calls=4 169 
* 452
* 24
cfi=(296)
cfn=(3524)
calls=4 169 
* 452
* 24
cfi=(296)
cfn=(3524)
calls=4 169 
* 452
+2 53
+2 75
cfi=(296)
cfn=(3536)
calls=15 511 
* 22176
* 45
-2 114
+6 40
cfn=(3618)
calls=4 +52 
* 397201
* 12
+3 4
+2 4
+2 8
+2 54
cfi=(276)
cfn=(3810) std::vector<std::set<int, std::less<int>, std::allocator<int> >, std::allocator<std::set<int, std::less<int>, std::allocator<int> > > >::operator[](unsigned long)
calls=9 1126 
* 162
* 45
cfi=(296)
cfn=(3812) std::set<int, std::less<int>, std::allocator<int> >::size() const
calls=9 421 
* 270
* 75
+2 24
cfi=(276)
cfn=(3810)
calls=4 1126 
* 72
* 20
cfi=(296)
cfn=(3812)
calls=4 421 
* 120
* 4
+1 8
-5 28
cfi=(276)
cfn=(3700) std::vector<std::set<int, std::less<int>, std::allocator<int> >, std::allocator<std::set<int, std::less<int>, std::allocator<int> > > >::size() const
calls=4 992 
* 68
* 35
cfi=(276)
cfn=(3700)
calls=5 992 
* 85
* 12
cfi=(276)
cfn=(3700)
calls=4 992 
* 68
* 125
fi=(238)
+55 16
fi=(239)
+75 4
fe=(219)
43 24
cfi=(228)
cfn=(1362)
calls=4 641 
* 1020
* 12
fi=(239)
184 12
cfi=(238)
cfn=(1430)
calls=4 -80 
* 40
* 16
fe=(219)
45 20
+2 4
+2 24
cfi=(276)
cfn=(3810)
calls=4 1126 
* 72
* 28
cfi=(296)
cfn=(3662)
calls=4 346 
* 236
* 28
cfi=(296)
cfn=(3668)
calls=4 355 
* 236
* 50
cfi=(297)
cfn=(3674)
calls=10 358 
* 690
* 50
+2 50
cfi=(228)
cfn=(2504)
calls=10 4166 
* 2870
* 80
cob=(4)
cfi=(175)
cfn=(3816)
calls=10 -51 
* 450
* 60
cob=(4)
cfi=(175)
cfn=(1426)
calls=10 -51 
* 80
* 30
+1 70
cfi=(276)
cfn=(3810)
calls=10 1126 
* 180
* 50
cfi=(296)
cfn=(3812)
calls=10 421 
* 300
* 58
+1 30
cob=(4)
cfi=(175)
cfn=(3820)
calls=6 -53 
* 552
* 36
+2 20
cob=(4)
cfi=(175)
cfn=(3820)
calls=4 -55 
* 292
* 12
-6 12
cfi=(297)
cfn=(3678)
calls=4 366 
* 140
* 18
cfi=(297)
cfn=(3678)
calls=6 366 
* 176
* 80
cfi=(297)
cfn=(3672)
calls=10 401 
* 160
* 20
cfi=(297)
cfn=(3672)
calls=4 401 
* 64
* 82
+11 20
cob=(4)
cfi=(175)
cfn=(3820)
calls=4 -60 
* 292
* 12
+2 20
cfi=(228)
cfn=(3824) std::__cxx11::to_string(unsigned long)
calls=4 4208 
* 1168
* 36
cfi=(228)
cfn=(3832) std::__cxx11::basic_string<char, std::char_traits<char>, std::allocator<char> > std::operator+<char, std::char_traits<char>, std::allocator<char> >(char const*, std::__cxx11::basic_string<char, std::char_traits<char>, std::allocator<char> >&&)
calls=4 3674 
* 1296
* 36
cfi=(228)
cfn=(2522)
calls=4 3688 
* 540
* 12
+2 24
cfi=(228)
cfn=(2522)
calls=4 3688 
* 1632
* 36
cfi=(228)
cfn=(3838) std::__cxx11::basic_string<char, std::char_traits<char>, std::allocator<char> > std::operator+<char, std::char_traits<char>, std::allocator<char> >(std::__cxx11::basic_string<char, std::char_traits<char>, std::allocator<char> >&&, std::__cxx11::basic_string<char, std::char_traits<char>, std::allocator<char> > const&)
calls=4 3637 
* 484
* 36
cfi=(228)
cfn=(2522)
calls=4 3688 
* 540
* 24
cob=(4)
cfi=(175)
cfn=(1426)
calls=4 -64 
* 32
* 24
cob=(4)
cfi=(175)
cfn=(1426)
calls=4 -64 
* 32
* 12
-2 12
cob=(4)
cfi=(175)
cfn=(1426)
calls=4 -62 
* 32
* 24
cob=(4)
cfi=(175)
cfn=(1426)
calls=4 -62 
* 32
* 24
cob=(4)
cfi=(175)
cfn=(1426)
calls=4 -62 
* 32
+4 16
+1 12
cob=(4)
cfi=(175)
cfn=(1426)
calls=4 -67 
* 32
* 24
cfi=(296)
cfn=(3774)
calls=4 283 
* 6174
* 24
cfi=(296)
cfn=(3774)
calls=4 283 
* 504
* 24
cfi=(296)
cfn=(3774)
calls=4 283 
* 504
* 24
cfi=(276)
cfn=(3840) std::vector<std::set<int, std::less<int>, std::allocator<int> >, std::allocator<std::set<int, std::less<int>, std::allocator<int> > > >::~vector()
calls=4 733 
* 9922
* 12
-1 4
+1 28

fl=(276)
fn=(2122) std::vector<std::__cxx11::basic_string<char, std::char_traits<char>, std::allocator<char> >, std::allocator<std::__cxx11::basic_string<char, std::char_traits<char>, std::allocator<char> > > >::begin() const
883 1265
+1 575
cfi=(277)
cfn=(2120) __gnu_cxx::__normal_iterator<std::__cxx11::basic_string<char, std::char_traits<char>, std::allocator<char> > const*, std::vector<std::__cxx11::basic_string<char, std::char_traits<char>, std::allocator<char> >, std::allocator<std::__cxx11::basic_string<char, std::char_traits<char>, std::allocator<char> > > > >::__normal_iterator(std::__cxx11::basic_string<char, std::char_traits<char>, std::allocator<char> > const* const&)
calls=115 1076 
* 1725
* 1035

fn=(2308) std::vector<Node, std::allocator<Node> >::vector()
531 297
cfn=(2310) std::_Vector_base<Node, std::allocator<Node> >::_Vector_base()
calls=27 315 
* 1512
* 162

fn=(2320) std::_Vector_base<Node, std::allocator<Node> >::_M_get_Tp_allocator() const
306 196
+1 84

fn=(2322) std::vector<Node, std::allocator<Node> >::_S_max_size(std::allocator<Node> const&)
1916 297
+5 216
fi=(238)
233 27
-50 27
fi=(263)
574 27
fe=(276)
1923 27
+1 135
cfi=(279)
cfn=(2036)
calls=27 233 
* 459
* 108
+1 135

fn=(2362) std::vector<Node, std::allocator<Node> >::back()
1233 1045
+3 285
cfn=(2364) std::vector<Node, std::allocator<Node> >::end()
calls=95 893 
* 3895
* 760
cfi=(277)
cfn=(2368) __gnu_cxx::__normal_iterator<Node*, std::vector<Node, std::allocator<Node> > >::operator-(long) const
calls=95 -79 
* 4560
* 665
cfi=(277)
cfn=(2370) __gnu_cxx::__normal_iterator<Node*, std::vector<Node, std::allocator<Node> > >::operator*() const
calls=95 1099 
* 1045
* 570
+1 475

fn=(2702) std::_Vector_base<std::pair<int, int>, std::allocator<std::pair<int, int> > >::_M_get_Tp_allocator() const
306 2114
+1 906

fn=(2950) std::vector<int, std::allocator<int> >::begin()
873 737
+1 335
cfi=(277)
cfn=(2936) __gnu_cxx::__normal_iterator<int*, std::vector<int, std::allocator<int> > >::__normal_iterator(int* const&)
calls=67 1076 
* 1005
* 603

fn=(3014) std::_Vector_base<std::pair<int, int>, std::allocator<std::pair<int, int> > >::_Vector_base(unsigned long, std::allocator<std::pair<int, int> > const&)
333 572
+1 260
cfn=(3016) std::_Vector_base<std::pair<int, int>, std::allocator<std::pair<int, int> > >::_Vector_impl::_Vector_impl(std::allocator<std::pair<int, int> > const&)
calls=52 146 
* 2288
* 156
+1 260
cfn=(3018) std::_Vector_base<std::pair<int, int>, std::allocator<std::pair<int, int> > >::_M_create_storage(unsigned long)
calls=52 +61 
* 9606
* 364

fn=(3064) std::vector<int, std::allocator<int> >::_S_check_init_len(unsigned long, std::allocator<int> const&)
1907 342
fi=(238)
92 18
fi=(239)
+76 18
fe=(276)
1909 54
cfn=(2946) std::vector<int, std::allocator<int> >::_S_max_size(std::allocator<int> const&)
calls=18 +7 
* 972
* 90
fi=(239)
184 54
cfi=(238)
cfn=(3066)
calls=18 -80 
* 180
* 18
fe=(276)
1909 36
+1 54
+2 18
+1 108

fn=(3224) std::_Vector_base<int, std::allocator<int> >::~_Vector_base()
367 608
+3 532
-1 532
cfn=(2976) std::_Vector_base<int, std::allocator<int> >::_M_deallocate(int*, unsigned long)
calls=76 +17 
* 8800
* 228
+2 228
cfn=(3230) std::_Vector_base<int, std::allocator<int> >::_Vector_impl::~_Vector_impl()
calls=76 133 
* 2280
* 456

fn=(3516)
531 44
cfn=(3518) std::_Vector_base<std::set<int, std::less<int>, std::allocator<int> >, std::allocator<std::set<int, std::less<int>, std::allocator<int> > > >::_Vector_base()
calls=4 315 
* 224
* 24

fn=(3694) std::vector<std::set<int, std::less<int>, std::allocator<int> >, std::allocator<std::set<int, std::less<int>, std::allocator<int> > > >::max_size() const
998 144
+1 54
cfn=(3696) std::_Vector_base<std::set<int, std::less<int>, std::allocator<int> >, std::allocator<std::set<int, std::less<int>, std::allocator<int> > > >::_M_get_Tp_allocator() const
calls=18 306 
* 180
* 90
cfn=(3698) std::vector<std::set<int, std::less<int>, std::allocator<int> >, std::allocator<std::set<int, std::less<int>, std::allocator<int> > > >::_S_max_size(std::allocator<std::set<int, std::less<int>, std::allocator<int> > > const&)
calls=18 1916 
* 972
* 144

fn=(3698)
1916 198
+5 144
fi=(238)
233 18
-50 18
fi=(263)
574 18
fe=(276)
1923 18
+1 90
cfi=(279)
cfn=(2036)
calls=18 233 
* 306
* 72
+1 90

fn=(3702) std::vector<std::set<int, std::less<int>, std::allocator<int> >, std::allocator<std::set<int, std::less<int>, std::allocator<int> > > >::begin()
873 99
+1 45
cfi=(277)
cfn=(3688) __gnu_cxx::__normal_iterator<std::set<int, std::less<int>, std::allocator<int> >*, std::vector<std::set<int, std::less<int>, std::allocator<int> >, std::allocator<std::set<int, std::less<int>, std::allocator<int> > > > >::__normal_iterator(std::set<int, std::less<int>, std::allocator<int> >* const&)
calls=9 1076 
* 135
* 81

fn=(3958) std::_Vector_base<std::vector<int, std::allocator<int> >, std::allocator<std::vector<int, std::allocator<int> > > >::_M_allocate(unsigned long)
378 144
+3 144
fi=(263)
482 96
cfi=(238)
cfn=(3960) std::__new_allocator<std::vector<int, std::allocator<int> > >::allocate(unsigned long, void const*)
calls=16 126 
* 2180
* 80
fe=(276)
382 32

fn=(4110) std::_Vector_base<std::vector<int, std::allocator<int> >, std::allocator<std::vector<int, std::allocator<int> > > >::_M_deallocate(std::vector<int, std::allocator<int> >*, unsigned long)
386 220
+3 92
+1 96
fi=(263)
517 96
cfi=(238)
cfn=(4132) std::__new_allocator<std::vector<int, std::allocator<int> > >::deallocate(std::vector<int, std::allocator<int> >*, unsigned long)
calls=16 156 
* 1960
* 64
fe=(276)
391 66

fn=(2034) std::vector<std::__cxx11::basic_string<char, std::char_traits<char>, std::allocator<char> >, std::allocator<std::__cxx11::basic_string<char, std::char_traits<char>, std::allocator<char> > > >::_S_max_size(std::allocator<std::__cxx11::basic_string<char, std::char_traits<char>, std::allocator<char> > > const&)
1916 3608
+5 2624
fi=(238)
233 328
-50 328
fi=(263)
574 328
fe=(276)
1923 328
+1 1640
cfi=(279)
cfn=(2036)
calls=328 233 
* 5576
* 1312
+1 1640

fn=(2048) std::_Vector_base<std::__cxx11::basic_string<char, std::char_traits<char>, std::allocator<char> >, std::allocator<std::__cxx11::basic_string<char, std::char_traits<char>, std::allocator<char> > > >::_M_allocate(unsigned long)
378 1476
+3 1476
fi=(263)
482 984
cfi=(238)
cfn=(2050) std::__new_allocator<std::__cxx11::basic_string<char, std::char_traits<char>, std::allocator<char> > >::allocate(unsigned long, void const*)
calls=164 126 
* 16195
* 820
fe=(276)
382 328

fn=(2310)
315 297
cfn=(2312) std::_Vector_base<Node, std::allocator<Node> >::_Vector_impl::_Vector_impl()
calls=27 137 
* 1053
* 162

fn=(2364)
893 1870
+1 1020
cfi=(277)
cfn=(2366) __gnu_cxx::__normal_iterator<Node*, std::vector<Node, std::allocator<Node> > >::__normal_iterator(Node* const&)
calls=170 1076 
* 2550
* 1530

fn=(2686) std::vector<std::pair<int, int>, std::allocator<std::pair<int, int> > >::size() const
992 4830
+1 6210

fn=(2706)
873 1980
+1 900
cfi=(277)
cfn=(2694) __gnu_cxx::__normal_iterator<std::pair<int, int>*, std::vector<std::pair<int, int>, std::allocator<std::pair<int, int> > > >::__normal_iterator(std::pair<int, int>* const&)
calls=180 1076 
* 2700
* 1620

fn=(2726) std::vector<std::pair<int, int>, std::allocator<std::pair<int, int> > >::_S_relocate(std::pair<int, int>*, std::pair<int, int>*, std::pair<int, int>*, std::allocator<std::pair<int, int> >&)
504 2750
+5 1500
cfi=(280) /usr/include/c++/13/bits/stl_uninitialized.h
cfn=(2728) std::pair<int, int>* std::__relocate_a<std::pair<int, int>*, std::pair<int, int>*, std::allocator<std::pair<int, int> > >(std::pair<int, int>*, std::pair<int, int>*, std::pair<int, int>*, std::allocator<std::pair<int, int> >&)
calls=250 1141 
* 32970
* 1500
+5 500

fn=(3058) std::_Vector_base<std::pair<int, int>, std::allocator<std::pair<int, int> > >::_Vector_impl::~_Vector_impl()
133 1470
fi=(239)
+51 441
cfi=(238)
cfn=(3020) std::__new_allocator<std::pair<int, int> >::~__new_allocator()
calls=147 -80 
* 1470
* 588
fe=(276)
-51 441

fn=(3062)
556 55
+1 30
cfn=(3064)
calls=5 1907 
* 545
* 45
cfn=(3070) std::_Vector_base<int, std::allocator<int> >::_Vector_base(unsigned long, std::allocator<int> const&)
calls=5 333 
* 1180
* 15
+1 25
cfn=(3076) std::vector<int, std::allocator<int> >::_M_default_initialize(unsigned long)
calls=5 1715 
* 1540
* 35

fn=(3126)
1145 744
+3 465
+1 186

fn=(3194) std::_Vector_base<Node, std::allocator<Node> >::_Vector_impl::~_Vector_impl()
133 280
fi=(239)
+51 84
cfi=(238)
cfn=(3196) std::__new_allocator<Node>::~__new_allocator()
calls=28 -80 
* 280
* 112
fe=(276)
-51 84

fn=(3944) std::vector<std::vector<int, std::allocator<int> >, std::allocator<std::vector<int, std::allocator<int> > > >::_S_max_size(std::allocator<std::vector<int, std::allocator<int> > > const&)
1916 253
+5 184
fi=(238)
233 23
-50 23
fi=(263)
574 23
fe=(276)
1923 23
+1 115
cfi=(279)
cfn=(2036)
calls=23 233 
* 391
* 92
+1 115

fn=(3950) std::_Vector_base<std::vector<int, std::allocator<int> >, std::allocator<std::vector<int, std::allocator<int> > > >::_Vector_base(unsigned long, std::allocator<std::vector<int, std::allocator<int> > > const&)
333 99
+1 45
cfn=(3952) std::_Vector_base<std::vector<int, std::allocator<int> >, std::allocator<std::vector<int, std::allocator<int> > > >::_Vector_impl::_Vector_impl(std::allocator<std::vector<int, std::allocator<int> > > const&)
calls=9 146 
* 396
* 27
+1 45
cfn=(3956) std::_Vector_base<std::vector<int, std::allocator<int> >, std::allocator<std::vector<int, std::allocator<int> > > >::_M_create_storage(unsigned long)
calls=9 +61 
* 1793
* 63

fn=(3998) std::vector<std::vector<int, std::allocator<int> >, std::allocator<std::vector<int, std::allocator<int> > > >::clear()
1605 48
+1 36
cfn=(4000) std::vector<std::vector<int, std::allocator<int> >, std::allocator<std::vector<int, std::allocator<int> > > >::_M_erase_at_end(std::vector<int, std::allocator<int> >*)
calls=6 1933 
* 132
* 36

fn=(4060) std::_Vector_base<std::vector<int, std::allocator<int> >, std::allocator<std::vector<int, std::allocator<int> > > >::_M_get_Tp_allocator() const
306 98
+1 42

fn=(5112) std::_Vector_base<Node, std::allocator<Node> >::_M_create_storage(unsigned long)
396 9
+2 5
cfn=(2328) std::_Vector_base<Node, std::allocator<Node> >::_M_allocate(unsigned long)
calls=1 -20 
* 128
* 5
+1 4
+1 7
+1 3

fn=(5136) std::vector<std::pair<int, int>, std::allocator<std::pair<int, int> > >::front() const
1221 33
+3 9
cfn=(2662) std::vector<std::pair<int, int>, std::allocator<std::pair<int, int> > >::begin() const
calls=3 883 
* 120
* 21
cfi=(277)
cfn=(2742) __gnu_cxx::__normal_iterator<std::pair<int, int> const*, std::vector<std::pair<int, int>, std::allocator<std::pair<int, int> > > >::operator*() const
calls=3 1099 
* 33
* 18
+1 15

fn=(1996)
531 1265
cfn=(1998) std::_Vector_base<std::__cxx11::basic_string<char, std::char_traits<char>, std::allocator<char> >, std::allocator<std::__cxx11::basic_string<char, std::char_traits<char>, std::allocator<char> > > >::_Vector_base()
calls=115 315 
* 6440
* 690

fn=(2038)
992 4928
+1 6336

fn=(2078) std::_Vector_base<std::__cxx11::basic_string<char, std::char_traits<char>, std::allocator<char> >, std::allocator<std::__cxx11::basic_string<char, std::char_traits<char>, std::allocator<char> > > >::_M_deallocate(std::__cxx11::basic_string<char, std::char_traits<char>, std::allocator<char> >*, unsigned long)
386 2790
+3 1050
+1 984
fi=(263)
517 984
cfi=(238)
cfn=(2090) std::__new_allocator<std::__cxx11::basic_string<char, std::char_traits<char>, std::allocator<char> > >::deallocate(std::__cxx11::basic_string<char, std::char_traits<char>, std::allocator<char> >*, unsigned long)
calls=164 156 
* 20706
* 656
fe=(276)
391 837

fn=(2312)
137 324
fi=(238)
-49 27
fi=(239)
+75 27
fe=(276)
-21 81
cfn=(2314) std::_Vector_base<Node, std::allocator<Node> >::_Vector_impl_data::_Vector_impl_data()
calls=27 -43 
* 432
* 81
+1 81

fn=(2324) std::vector<Node, std::allocator<Node> >::capacity() const
1078 189
+1 54
+1 189

fn=(2344) std::_Vector_base<Node, std::allocator<Node> >::_M_deallocate(Node*, unsigned long)
386 550
+3 194
+1 168
fi=(263)
517 168
cfi=(238)
cfn=(3190) std::__new_allocator<Node>::deallocate(Node*, unsigned long)
calls=28 156 
* 3276
* 112
fe=(276)
391 165

fn=(2580) std::_Vector_base<std::__cxx11::basic_string<char, std::char_traits<char>, std::allocator<char> >, std::allocator<std::__cxx11::basic_string<char, std::char_traits<char>, std::allocator<char> > > >::~_Vector_base()
367 920
+3 805
-1 805
cfn=(2078)
calls=115 +17 
* 14185
* 345
+2 345
cfn=(2582) std::_Vector_base<std::__cxx11::basic_string<char, std::char_traits<char>, std::allocator<char> >, std::allocator<std::__cxx11::basic_string<char, std::char_traits<char>, std::allocator<char> > > >::_Vector_impl::~_Vector_impl()
calls=115 133 
* 3450
* 690

fn=(2692)
893 3355
+1 1830
cfi=(277)
cfn=(2694)
calls=305 1076 
* 4575
* 2745

fn=(2724) std::_Vector_base<std::pair<int, int>, std::allocator<std::pair<int, int> > >::_M_get_Tp_allocator()
301 3143
+1 1347

fn=(2746) std::vector<std::pair<int, int>, std::allocator<std::pair<int, int> > >::operator[](unsigned long) const
1145 256
+3 160
+1 64

fn=(2918)
531 418
cfn=(2920) std::_Vector_base<int, std::allocator<int> >::_Vector_base()
calls=38 315 
* 2128
* 228

fn=(2934) std::vector<int, std::allocator<int> >::end()
893 990
+1 540
cfi=(277)
cfn=(2936)
calls=90 1076 
* 1350
* 810

fn=(2966) std::_Vector_base<int, std::allocator<int> >::_M_get_Tp_allocator()
301 1330
+1 570

fn=(2968) std::vector<int, std::allocator<int> >::_S_relocate(int*, int*, int*, std::allocator<int>&)
504 902
+5 492
cfi=(280)
cfn=(2970) int* std::__relocate_a<int*, int*, std::allocator<int> >(int*, int*, int*, std::allocator<int>&)
calls=82 1141 
* 8760
* 492
+5 164

fn=(2976)
386 1170
+3 432
+1 396
fi=(263)
517 396
cfi=(238)
cfn=(3226)
calls=66 156 
* 8047
* 264
fe=(276)
391 351

fn=(3012) std::vector<std::pair<int, int>, std::allocator<std::pair<int, int> > >::vector(std::vector<std::pair<int, int>, std::allocator<std::pair<int, int> > > const&)
601 780
+2 208
cfn=(2702)
calls=52 306 
* 520
* 728
fi=(238)
92 52
fi=(239)
+76 52
fi=(263)
588 52
fi=(348) /usr/include/c++/13/ext/alloc_traits.h
98 52
fe=(276)
603 156
cfn=(2686)
calls=52 992 
* 832
* 468
cfn=(3014)
calls=52 333 
* 13506
* 156
fi=(239)
184 156
cfi=(238)
cfn=(3020)
calls=52 -80 
* 520
* 208
fe=(276)
608 156
cfn=(2724)
calls=52 301 
* 520
* 208
-2 260
cfn=(2666) std::vector<std::pair<int, int>, std::allocator<std::pair<int, int> > >::end() const
calls=52 903 
* 2132
* 364
cfn=(2662)
calls=52 883 
* 2080
* 416
cfi=(280)
cfn=(3024) std::pair<int, int>* std::__uninitialized_copy_a<__gnu_cxx::__normal_iterator<std::pair<int, int> const*, std::vector<std::pair<int, int>, std::allocator<std::pair<int, int> > > >, std::pair<int, int>*, std::pair<int, int> >(__gnu_cxx::__normal_iterator<std::pair<int, int> const*, std::vector<std::pair<int, int>, std::allocator<std::pair<int, int> > > >, __gnu_cxx::__normal_iterator<std::pair<int, int> const*, std::vector<std::pair<int, int>, std::allocator<std::pair<int, int> > > >, std::pair<int, int>*, std::allocator<std::pair<int, int> >&)
calls=52 366 
* 23059
* 156
-1 104
+4 520

fn=(3076)
1715 45
+4 15
cfn=(2966)
calls=5 301 
* 50
* 20
-1 30
cfi=(280)
cfn=(3078) int* std::__uninitialized_default_n_a<int*, unsigned long, int>(int*, unsigned long, std::allocator<int>&)
calls=5 777 
* 1340
* 15
-1 10
+3 15

fn=(3700)
992 343
+1 490

fn=(3720) std::_Vector_base<std::set<int, std::less<int>, std::allocator<int> >, std::allocator<std::set<int, std::less<int>, std::allocator<int> > > >::_M_get_Tp_allocator()
301 154
+1 66

fn=(3810)
1126 216
+3 216
+1 54

fn=(3952)
146 153
fi=(238)
-54 9
fi=(239)
+76 9
fe=(276)
-21 27
cfn=(3954) std::_Vector_base<std::vector<int, std::allocator<int> >, std::allocator<std::vector<int, std::allocator<int> > > >::_Vector_impl_data::_Vector_impl_data()
calls=9 -48 
* 144
* 27
+1 27

fn=(4164) std::_Vector_base<std::vector<int, std::allocator<int> >, std::allocator<std::vector<int, std::allocator<int> > > >::_Vector_impl_data::_M_swap_data(std::_Vector_base<std::vector<int, std::allocator<int> >, std::allocator<std::vector<int, std::allocator<int> > > >::_Vector_impl_data&)
122 36
+4 9
cfn=(3954)
calls=3 -27 
* 48
* 9
+1 15
cfn=(4166) std::_Vector_base<std::vector<int, std::allocator<int> >, std::allocator<std::vector<int, std::allocator<int> > > >::_Vector_impl_data::_M_copy_data(std::_Vector_base<std::vector<int, std::allocator<int> >, std::allocator<std::vector<int, std::allocator<int> > > >::_Vector_impl_data const&)
calls=3 -14 
* 69
* 9
+1 15
cfn=(4166)
calls=3 -15 
* 69
* 9
+1 15
cfn=(4166)
calls=3 -16 
* 69
* 9
+1 18

fn=(5132) std::vector<std::pair<int, int>, std::allocator<std::pair<int, int> > >::empty() const
1088 33
+1 9
cfn=(2666)
calls=3 903 
* 123
* 21
cfn=(2662)
calls=3 883 
* 120
* 27
cfi=(277)
cfn=(5134) bool __gnu_cxx::operator==<std::pair<int, int> const*, std::vector<std::pair<int, int>, std::allocator<std::pair<int, int> > > >(__gnu_cxx::__normal_iterator<std::pair<int, int> const*, std::vector<std::pair<int, int>, std::allocator<std::pair<int, int> > > > const&, __gnu_cxx::__normal_iterator<std::pair<int, int> const*, std::vector<std::pair<int, int>, std::allocator<std::pair<int, int> > > > const&)
calls=3 1225 
* 150
* 33

fn=(1998)
315 1265
cfn=(2000) std::_Vector_base<std::__cxx11::basic_string<char, std::char_traits<char>, std::allocator<char> >, std::allocator<std::__cxx11::basic_string<char, std::char_traits<char>, std::allocator<char> > > >::_Vector_impl::_Vector_impl()
calls=115 137 
* 4485
* 690

fn=(2042) std::vector<std::__cxx11::basic_string<char, std::char_traits<char>, std::allocator<char> >, std::allocator<std::__cxx11::basic_string<char, std::char_traits<char>, std::allocator<char> > > >::begin()
873 1804
+1 820
cfi=(277)
cfn=(2024) __gnu_cxx::__normal_iterator<std::__cxx11::basic_string<char, std::char_traits<char>, std::allocator<char> >*, std::vector<std::__cxx11::basic_string<char, std::char_traits<char>, std::allocator<char> >, std::allocator<std::__cxx11::basic_string<char, std::char_traits<char>, std::allocator<char> > > > >::__normal_iterator(std::__cxx11::basic_string<char, std::char_traits<char>, std::allocator<char> >* const&)
calls=164 1076 
* 2460
* 1476

fn=(2314)
99 196
+1 168
+1 84

fn=(2318) std::vector<Node, std::allocator<Node> >::max_size() const
998 216
+1 81
cfn=(2320)
calls=27 306 
* 270
* 135
cfn=(2322)
calls=27 1916 
* 1458
* 216

fn=(2334) std::_Vector_base<Node, std::allocator<Node> >::_M_get_Tp_allocator()
301 392
+1 168

fn=(2354) std::vector<std::pair<int, int>, std::allocator<std::pair<int, int> > >::vector()
531 1045
cfn=(2356) std::_Vector_base<std::pair<int, int>, std::allocator<std::pair<int, int> > >::_Vector_base()
calls=95 315 
* 5320
* 570

fn=(2356)
315 1045
cfn=(2358) std::_Vector_base<std::pair<int, int>, std::allocator<std::pair<int, int> > >::_Vector_impl::_Vector_impl()
calls=95 137 
* 3705
* 570

fn=(2358)
137 1140
fi=(238)
-49 95
fi=(239)
+75 95
fe=(276)
-21 285
cfn=(2360) std::_Vector_base<std::pair<int, int>, std::allocator<std::pair<int, int> > >::_Vector_impl_data::_Vector_impl_data()
calls=95 -43 
* 1520
* 285
+1 285

fn=(2360)
99 1029
+1 882
+1 441

fn=(2646) std::vector<Node, std::allocator<Node> >::begin() const
883 3685
+1 1675
cfi=(277)
cfn=(2648) __gnu_cxx::__normal_iterator<Node const*, std::vector<Node, std::allocator<Node> > >::__normal_iterator(Node const* const&)
calls=335 1076 
* 5025
* 3015

fn=(2920)
315 418
cfn=(2922) std::_Vector_base<int, std::allocator<int> >::_Vector_impl::_Vector_impl()
calls=38 137 
* 1482
* 228

fn=(2926)
1298 54
+1 18
cfi=(260)
cfn=(2928) std::remove_reference<int&>::type&& std::move<int&>(int&)
calls=6 97 
* 60
* 48
cfi=(278) /usr/include/c++/13/bits/vector.tcc
cfn=(2930) int& std::vector<int, std::allocator<int> >::emplace_back<int>(int&&)
calls=6 111 
* 8194
* 36

fn=(3002) std::vector<int, std::allocator<int> >::begin() const
883 858
+1 390
cfi=(277)
cfn=(3000) __gnu_cxx::__normal_iterator<int const*, std::vector<int, std::allocator<int> > >::__normal_iterator(int const* const&)
calls=78 1076 
* 1170
* 702

fn=(3008)
1322 147
+3 105
+1 189
fi=(238)
198 21
fi=(263)
562 21
fe=(276)
1328 63

fn=(3016)
146 884
fi=(238)
-54 52
fi=(239)
+76 52
fe=(276)
-21 156
cfn=(2360)
calls=52 -48 
* 832
* 156
+1 156

fn=(3056) std::_Vector_base<std::pair<int, int>, std::allocator<std::pair<int, int> > >::~_Vector_base()
367 1176
+3 1029
-1 1029
cfn=(2734) std::_Vector_base<std::pair<int, int>, std::allocator<std::pair<int, int> > >::_M_deallocate(std::pair<int, int>*, unsigned long)
calls=147 +17 
* 21477
* 441
+2 441
cfn=(3058)
calls=147 133 
* 4410
* 882

fn=(3188) std::_Vector_base<Node, std::allocator<Node> >::~_Vector_base()
367 224
+3 196
-1 196
cfn=(2344)
calls=28 +17 
* 4228
* 84
+2 84
cfn=(3194)
calls=28 133 
* 840
* 168

fn=(3230)
133 760
fi=(239)
+51 228
cfi=(238)
cfn=(3066)
calls=76 -80 
* 760
* 304
fe=(276)
-51 228

fn=(3522) std::_Vector_base<std::set<int, std::less<int>, std::allocator<int> >, std::allocator<std::set<int, std::less<int>, std::allocator<int> > > >::_Vector_impl_data::_Vector_impl_data()
99 28
+1 24
+1 12

fn=(3692) std::vector<std::set<int, std::less<int>, std::allocator<int> >, std::allocator<std::set<int, std::less<int>, std::allocator<int> > > >::_M_check_len(unsigned long, char const*) const
1896 126
+2 27
cfn=(3694)
calls=9 998 
* 792
* 63
cfn=(3700)
calls=9 992 
* 153
* 63
+1 27
+2 27
cfn=(3700)
calls=9 992 
* 153
* 63
cfn=(3700)
calls=9 992 
* 153
* 81
cfi=(279)
cfn=(2040)
calls=9 257 
* 169
* 54
+1 27
cfn=(3700)
calls=9 992 
* 153
* 99
cfn=(3694)
calls=9 998 
* 792
* 117
+1 54

fn=(3696)
306 126
+1 54

fn=(3840)
733 32
+3 12
cfn=(3720)
calls=4 301 
* 40
* 12
-1 28
fi=(263)
948 20
cfi=(285) /usr/include/c++/13/bits/stl_construct.h
cfn=(3842) void std::_Destroy<std::set<int, std::less<int>, std::allocator<int> >*>(std::set<int, std::less<int>, std::allocator<int> >*, std::set<int, std::less<int>, std::allocator<int> >*)
calls=4 182 
* 8850
+1 16
fe=(276)
738 12
cfn=(3850) std::_Vector_base<std::set<int, std::less<int>, std::allocator<int> >, std::allocator<std::set<int, std::less<int>, std::allocator<int> > > >::~_Vector_base()
calls=4 367 
* 876
* 24

fn=(3964) std::vector<std::vector<int, std::allocator<int> >, std::allocator<std::vector<int, std::allocator<int> > > >::_M_default_initialize(unsigned long)
1715 54
+4 18
cfn=(3966) std::_Vector_base<std::vector<int, std::allocator<int> >, std::allocator<std::vector<int, std::allocator<int> > > >::_M_get_Tp_allocator()
calls=6 301 
* 60
* 24
-1 36
cfi=(280)
cfn=(3968) std::vector<int, std::allocator<int> >* std::__uninitialized_default_n_a<std::vector<int, std::allocator<int> >*, unsigned long, std::vector<int, std::allocator<int> > >(std::vector<int, std::allocator<int> >*, unsigned long, std::allocator<std::vector<int, std::allocator<int> > >&)
calls=6 777 
* 2814
* 18
-1 12
+3 18

fn=(3990) std::_Vector_base<std::vector<int, std::allocator<int> >, std::allocator<std::vector<int, std::allocator<int> > > >::_Vector_base()
315 66
cfn=(3992) std::_Vector_base<std::vector<int, std::allocator<int> >, std::allocator<std::vector<int, std::allocator<int> > > >::_Vector_impl::_Vector_impl()
calls=6 137 
* 234
* 36

fn=(4074) std::vector<int, std::allocator<int> >::vector(std::vector<int, std::allocator<int> > const&)
601 210
+2 56
cfn=(2944) std::_Vector_base<int, std::allocator<int> >::_M_get_Tp_allocator() const
calls=14 306 
* 140
* 196
fi=(238)
92 14
fi=(239)
+76 14
fi=(263)
588 14
fi=(348)
98 14
fe=(276)
603 42
cfn=(2948)
calls=14 992 
* 224
* 126
cfn=(3070)
calls=14 333 
* 2876
* 42
fi=(239)
184 42
cfi=(238)
cfn=(3066)
calls=14 -80 
* 140
* 56
fe=(276)
608 42
cfn=(2966)
calls=14 301 
* 140
* 56
-2 70
cfn=(2998) std::vector<int, std::allocator<int> >::end() const
calls=14 903 
* 574
* 98
cfn=(3002)
calls=14 883 
* 560
* 112
cfi=(280)
cfn=(4078) int* std::__uninitialized_copy_a<__gnu_cxx::__normal_iterator<int const*, std::vector<int, std::allocator<int> > >, int*, int>(__gnu_cxx::__normal_iterator<int const*, std::vector<int, std::allocator<int> > >, __gnu_cxx::__normal_iterator<int const*, std::vector<int, std::allocator<int> > >, int*, std::allocator<int>&)
calls=14 366 
* 4894
* 42
-1 28
+4 140

fn=(4166)
113 72
+2 36
+1 36
+1 36
+1 27

fn=(2002) std::_Vector_base<std::__cxx11::basic_string<char, std::char_traits<char>, std::allocator<char> >, std::allocator<std::__cxx11::basic_string<char, std::char_traits<char>, std::allocator<char> > > >::_Vector_impl_data::_Vector_impl_data()
99 805
+1 690
+1 345

fn=(2068) std::_Vector_base<std::__cxx11::basic_string<char, std::char_traits<char>, std::allocator<char> >, std::allocator<std::__cxx11::basic_string<char, std::char_traits<char>, std::allocator<char> > > >::_M_get_Tp_allocator()
301 3101
+1 1329

fn=(2070) std::vector<std::__cxx11::basic_string<char, std::char_traits<char>, std::allocator<char> >, std::allocator<std::__cxx11::basic_string<char, std::char_traits<char>, std::allocator<char> > > >::_S_relocate(std::__cxx11::basic_string<char, std::char_traits<char>, std::allocator<char> >*, std::__cxx11::basic_string<char, std::char_traits<char>, std::allocator<char> >*, std::__cxx11::basic_string<char, std::char_traits<char>, std::allocator<char> >*, std::allocator<std::__cxx11::basic_string<char, std::char_traits<char>, std::allocator<char> > >&)
504 3608
+5 1968
cfi=(280)
cfn=(2072) std::__cxx11::basic_string<char, std::char_traits<char>, std::allocator<char> >* std::__relocate_a<std::__cxx11::basic_string<char, std::char_traits<char>, std::allocator<char> >*, std::__cxx11::basic_string<char, std::char_traits<char>, std::allocator<char> >*, std::allocator<std::__cxx11::basic_string<char, std::char_traits<char>, std::allocator<char> > > >(std::__cxx11::basic_string<char, std::char_traits<char>, std::allocator<char> >*, std::__cxx11::basic_string<char, std::char_traits<char>, std::allocator<char> >*, std::__cxx11::basic_string<char, std::char_traits<char>, std::allocator<char> >*, std::allocator<std::__cxx11::basic_string<char, std::char_traits<char>, std::allocator<char> > >&)
calls=328 1141 
* 55812
* 1968
+5 656

fn=(2650) std::vector<Node, std::allocator<Node> >::end() const
903 3685
+1 2010
cfi=(277)
cfn=(2648)
calls=335 1076 
* 5025
* 3015

fn=(2700) std::vector<std::pair<int, int>, std::allocator<std::pair<int, int> > >::max_size() const
998 2000
+1 750
cfn=(2702)
calls=250 306 
* 2500
* 1250
cfn=(2704) std::vector<std::pair<int, int>, std::allocator<std::pair<int, int> > >::_S_max_size(std::allocator<std::pair<int, int> > const&)
calls=250 1916 
* 13500
* 2000

fn=(2922)
137 456
fi=(238)
-49 38
fi=(239)
+75 38
fe=(276)
-21 114
cfn=(2924) std::_Vector_base<int, std::allocator<int> >::_Vector_impl_data::_Vector_impl_data()
calls=38 -43 
* 608
* 114
+1 114

fn=(3048)
733 1176
+3 441
cfn=(2724)
calls=147 301 
* 1470
* 441
-1 1029
fi=(263)
948 735
cfi=(285)
cfn=(3050) void std::_Destroy<std::pair<int, int>*>(std::pair<int, int>*, std::pair<int, int>*)
calls=147 182 
* 4557
+1 588
fe=(276)
738 441
cfn=(3056)
calls=147 367 
* 30885
* 882

fn=(3108)
1126 1072
+3 670
+1 268

fn=(3852) std::_Vector_base<std::set<int, std::less<int>, std::allocator<int> >, std::allocator<std::set<int, std::less<int>, std::allocator<int> > > >::_Vector_impl::~_Vector_impl()
133 40
fi=(239)
+51 12
cfi=(238)
cfn=(3854) std::__new_allocator<std::set<int, std::less<int>, std::allocator<int> > >::~__new_allocator()
calls=4 -80 
* 40
* 16
fe=(276)
-51 12

fn=(3940) std::vector<std::vector<int, std::allocator<int> >, std::allocator<std::vector<int, std::allocator<int> > > >::vector(unsigned long, std::allocator<std::vector<int, std::allocator<int> > > const&)
556 66
+1 36
cfn=(3942) std::vector<std::vector<int, std::allocator<int> >, std::allocator<std::vector<int, std::allocator<int> > > >::_S_check_init_len(unsigned long, std::allocator<std::vector<int, std::allocator<int> > > const&)
calls=6 1907 
* 654
* 54
cfn=(3950)
calls=6 333 
* 1597
* 18
+1 30
cfn=(3964)
calls=6 1715 
* 3054
* 42

fn=(3942)
1907 171
fi=(238)
92 9
fi=(239)
+76 9
fe=(276)
1909 27
cfn=(3944)
calls=9 +7 
* 486
* 45
fi=(239)
184 27
cfi=(238)
cfn=(3946) std::__new_allocator<std::vector<int, std::allocator<int> > >::~__new_allocator()
calls=9 -80 
* 90
* 9
fe=(276)
1909 18
+1 27
+2 9
+1 54

fn=(3980) std::vector<std::vector<int, std::allocator<int> >, std::allocator<std::vector<int, std::allocator<int> > > >::operator[](unsigned long)
1126 152
+3 152
+1 38

fn=(3988) std::vector<std::vector<int, std::allocator<int> >, std::allocator<std::vector<int, std::allocator<int> > > >::vector()
531 66
cfn=(3990)
calls=6 315 
* 336
* 36

fn=(4048) std::vector<std::vector<int, std::allocator<int> >, std::allocator<std::vector<int, std::allocator<int> > > >::push_back(std::vector<int, std::allocator<int> > const&)
1281 91
+2 42
+9 21
cfn=(4050) std::vector<std::vector<int, std::allocator<int> >, std::allocator<std::vector<int, std::allocator<int> > > >::end()
calls=7 893 
* 287
* 63
cfi=(278)
cfn=(4054) void std::vector<std::vector<int, std::allocator<int> >, std::allocator<std::vector<int, std::allocator<int> > > >::_M_realloc_insert<std::vector<int, std::allocator<int> > const&>(__gnu_cxx::__normal_iterator<std::vector<int, std::allocator<int> >*, std::vector<std::vector<int, std::allocator<int> >, std::allocator<std::vector<int, std::allocator<int> > > > >, std::vector<int, std::allocator<int> > const&)
calls=7 445 
* 17800
* 21
+1 56

fn=(4062) std::vector<std::vector<int, std::allocator<int> >, std::allocator<std::vector<int, std::allocator<int> > > >::begin()
873 77
+1 35
cfi=(277)
cfn=(4052) __gnu_cxx::__normal_iterator<std::vector<int, std::allocator<int> >*, std::vector<std::vector<int, std::allocator<int> >, std::allocator<std::vector<int, std::allocator<int> > > > >::__normal_iterator(std::vector<int, std::allocator<int> >* const&)
calls=7 1076 
* 105
* 63

fn=(4122) std::vector<int, std::allocator<int> >::vector(std::vector<int, std::allocator<int> >&&)
620 84
cfn=(4124) std::_Vector_base<int, std::allocator<int> >::_Vector_base(std::_Vector_base<int, std::allocator<int> >&&)
calls=6 338 
* 702
* 36

fn=(4126) std::_Vector_base<int, std::allocator<int> >::_Vector_impl::_Vector_impl(std::_Vector_base<int, std::allocator<int> >::_Vector_impl&&)
154 60
+1 18
cfi=(260)
cfn=(4128) std::remove_reference<std::_Vector_base<int, std::allocator<int> >::_Vector_impl&>::type&& std::move<std::_Vector_base<int, std::allocator<int> >::_Vector_impl&>(std::_Vector_base<int, std::allocator<int> >::_Vector_impl&)
calls=6 -58 
* 60
* 60
fi=(238)
-63 6
fi=(239)
+76 6
fe=(276)
-13 24
cfi=(260)
cfn=(4128)
calls=6 -58 
* 60
* 48
cfn=(4130) std::_Vector_base<int, std::allocator<int> >::_Vector_impl_data::_Vector_impl_data(std::_Vector_base<int, std::allocator<int> >::_Vector_impl_data&&)
calls=6 -50 
* 198
* 18
+1 24

fn=(4144) std::vector<std::vector<int, std::allocator<int> >, std::allocator<std::vector<int, std::allocator<int> > > >::assign(unsigned long, std::vector<int, std::allocator<int> > const&)
808 30
+1 18
cfi=(278)
cfn=(4146) std::vector<std::vector<int, std::allocator<int> >, std::allocator<std::vector<int, std::allocator<int> > > >::_M_fill_assign(unsigned long, std::vector<int, std::allocator<int> > const&)
calls=3 270 
* 8373
* 18

fn=(5106)
601 15
+2 4
cfn=(2320)
calls=1 306 
* 10
* 14
fi=(238)
92 1
fi=(239)
+76 1
fi=(263)
588 1
fi=(348)
98 1
fe=(276)
603 3
cfn=(2326) std::vector<Node, std::allocator<Node> >::size() const
calls=1 992 
* 16
* 9
cfn=(5108) std::_Vector_base<Node, std::allocator<Node> >::_Vector_base(unsigned long, std::allocator<Node> const&)
calls=1 333 
* 236
* 3
fi=(239)
184 3
cfi=(238)
cfn=(3196)
calls=1 -80 
* 10
* 4
fe=(276)
608 3
cfn=(2334)
calls=1 301 
* 10
* 4
-2 5
cfn=(2650)
calls=1 903 
* 41
* 7
cfn=(2646)
calls=1 883 
* 40
* 8
cfi=(280)
cfn=(5116) Node* std::__uninitialized_copy_a<__gnu_cxx::__normal_iterator<Node const*, std::vector<Node, std::allocator<Node> > >, Node*, Node>(__gnu_cxx::__normal_iterator<Node const*, std::vector<Node, std::allocator<Node> > >, __gnu_cxx::__normal_iterator<Node const*, std::vector<Node, std::allocator<Node> > >, Node*, std::allocator<Node>&)
calls=1 366 
* 3152
* 3
-1 2
+4 10

fn=(2022) std::vector<std::__cxx11::basic_string<char, std::char_traits<char>, std::allocator<char> >, std::allocator<std::__cxx11::basic_string<char, std::char_traits<char>, std::allocator<char> > > >::end()
893 1804
+1 984
cfi=(277)
cfn=(2024)
calls=164 1076 
* 2460
* 1476

fn=(2028) std::vector<std::__cxx11::basic_string<char, std::char_traits<char>, std::allocator<char> >, std::allocator<std::__cxx11::basic_string<char, std::char_traits<char>, std::allocator<char> > > >::_M_check_len(unsigned long, char const*) const
1896 2296
+2 492
cfn=(2030) std::vector<std::__cxx11::basic_string<char, std::char_traits<char>, std::allocator<char> >, std::allocator<std::__cxx11::basic_string<char, std::char_traits<char>, std::allocator<char> > > >::max_size() const
calls=164 998 
* 14432
* 1148
cfn=(2038)
calls=164 992 
* 2624
* 1148
+1 492
+2 492
cfn=(2038)
calls=164 992 
* 2624
* 1148
cfn=(2038)
calls=164 992 
* 2624
* 1476
cfi=(279)
cfn=(2040)
calls=164 257 
* 3152
* 984
+1 492
cfn=(2038)
calls=164 992 
* 2624
* 1804
cfn=(2030)
calls=164 998 
* 14432
* 2132
+1 984

fn=(2030)
998 2624
+1 984
cfn=(2032) std::_Vector_base<std::__cxx11::basic_string<char, std::char_traits<char>, std::allocator<char> >, std::allocator<std::__cxx11::basic_string<char, std::char_traits<char>, std::allocator<char> > > >::_M_get_Tp_allocator() const
calls=328 306 
* 3280
* 1640
cfn=(2034)
calls=328 1916 
* 17712
* 2624

fn=(2582)
133 1150
fi=(239)
+51 345
cfi=(238)
cfn=(1908)
calls=115 -80 
* 1150
* 460
fe=(276)
-51 345

fn=(2676) std::vector<Node, std::allocator<Node> >::begin()
873 825
+1 375
cfi=(277)
cfn=(2366)
calls=75 1076 
* 1125
* 675

fn=(2698) std::vector<std::pair<int, int>, std::allocator<std::pair<int, int> > >::_M_check_len(unsigned long, char const*) const
1896 1750
+2 375
cfn=(2700)
calls=125 998 
* 11000
* 875
cfn=(2686)
calls=125 992 
* 2000
* 875
+1 375
+2 375
cfn=(2686)
calls=125 992 
* 2000
* 875
cfn=(2686)
calls=125 992 
* 2000
* 1125
cfi=(279)
cfn=(2040)
calls=125 257 
* 2465
* 750
+1 375
cfn=(2686)
calls=125 992 
* 2000
* 1375
cfn=(2700)
calls=125 998 
* 11000
* 1625
+1 750

fn=(2734)
386 2720
+3 1075
+1 1062
fi=(263)
517 1062
cfi=(238)
cfn=(2760) std::__new_allocator<std::pair<int, int> >::deallocate(std::pair<int, int>*, unsigned long)
calls=177 156 
* 21309
* 708
fe=(276)
391 816

fn=(2924)
99 490
+1 420
+1 210

fn=(2944)
306 672
+1 288

fn=(2946)
1916 1100
+5 800
fi=(238)
233 100
-50 100
fi=(263)
574 100
fe=(276)
1923 100
+1 500
cfi=(279)
cfn=(2036)
calls=100 233 
* 1700
* 400
+1 500

fn=(2996)
1088 308
+1 84
cfn=(2998)
calls=28 903 
* 1148
* 196
cfn=(3002)
calls=28 883 
* 1120
* 252
cfi=(277)
cfn=(3004) bool __gnu_cxx::operator==<int const*, std::vector<int, std::allocator<int> > >(__gnu_cxx::__normal_iterator<int const*, std::vector<int, std::allocator<int> > > const&, __gnu_cxx::__normal_iterator<int const*, std::vector<int, std::allocator<int> > > const&)
calls=28 1225 
* 1400
* 308

fn=(3070)
333 352
+1 160
cfn=(3072) std::_Vector_base<int, std::allocator<int> >::_Vector_impl::_Vector_impl(std::allocator<int> const&)
calls=32 146 
* 1408
* 96
+1 160
cfn=(3074) std::_Vector_base<int, std::allocator<int> >::_M_create_storage(unsigned long)
calls=32 +61 
* 4869
* 224

fn=(3072)
146 544
fi=(238)
-54 32
fi=(239)
+76 32
fe=(276)
-21 96
cfn=(2924)
calls=32 -48 
* 512
* 96
+1 96

fn=(3098)
569 156
+2 78
cfn=(3064)
calls=13 1907 
* 1417
* 117
cfn=(3070)
calls=13 333 
* 3213
* 39
+1 78
cfn=(3100) std::vector<int, std::allocator<int> >::_M_fill_initialize(unsigned long, int const&)
calls=13 1704 
* 3385
* 91

fn=(3216)
733 608
+3 228
cfn=(2966)
calls=76 301 
* 760
* 228
-1 532
fi=(263)
948 380
cfi=(285)
cfn=(3218) void std::_Destroy<int*>(int*, int*)
calls=76 182 
* 2356
+1 304
fe=(276)
738 228
cfn=(3224)
calls=76 367 
* 13664
* 456

fn=(3520) std::_Vector_base<std::set<int, std::less<int>, std::allocator<int> >, std::allocator<std::set<int, std::less<int>, std::allocator<int> > > >::_Vector_impl::_Vector_impl()
137 48
fi=(238)
-49 4
fi=(239)
+75 4
fe=(276)
-21 12
cfn=(3522)
calls=4 -43 
* 64
* 12
+1 12

fn=(3684)
1281 117
+2 54
+9 27
cfn=(3686) std::vector<std::set<int, std::less<int>, std::allocator<int> >, std::allocator<std::set<int, std::less<int>, std::allocator<int> > > >::end()
calls=9 893 
* 369
* 81
cfi=(278)
cfn=(3690) void std::vector<std::set<int, std::less<int>, std::allocator<int> >, std::allocator<std::set<int, std::less<int>, std::allocator<int> > > >::_M_realloc_insert<std::set<int, std::less<int>, std::allocator<int> > const&>(__gnu_cxx::__normal_iterator<std::set<int, std::less<int>, std::allocator<int> >*, std::vector<std::set<int, std::less<int>, std::allocator<int> >, std::allocator<std::set<int, std::less<int>, std::allocator<int> > > > >, std::set<int, std::less<int>, std::allocator<int> > const&)
calls=9 445 
* 31089
* 27
+1 72

fn=(4006) std::vector<std::vector<int, std::allocator<int> >, std::allocator<std::vector<int, std::allocator<int> > > >::operator[](unsigned long) const
1145 288
+3 288
+1 72

fn=(5158) std::vector<int, std::allocator<int> >::rbegin()
913 9
+1 3
cfn=(2934)
calls=1 -21 
* 41
* 8
cfi=(277)
cfn=(5160) std::reverse_iterator<__gnu_cxx::__normal_iterator<int*, std::vector<int, std::allocator<int> > > >::reverse_iterator(__gnu_cxx::__normal_iterator<int*, std::vector<int, std::allocator<int> > >)
calls=1 195 
* 14
* 6

fn=(2032)
306 2296
+1 984

fn=(2570)
733 920
+3 345
cfn=(2068)
calls=115 301 
* 1150
* 345
-1 805
fi=(263)
948 575
cfi=(285)
cfn=(2572) void std::_Destroy<std::__cxx11::basic_string<char, std::char_traits<char>, std::allocator<char> >*>(std::__cxx11::basic_string<char, std::char_traits<char>, std::allocator<char> >*, std::__cxx11::basic_string<char, std::char_traits<char>, std::allocator<char> >*)
calls=115 182 
* 12685
+1 460
fe=(276)
738 345
cfn=(2580)
calls=115 367 
* 21545
* 690

fn=(2666)
903 3608
+1 1968
cfi=(277)
cfn=(2664) __gnu_cxx::__normal_iterator<std::pair<int, int> const*, std::vector<std::pair<int, int>, std::allocator<std::pair<int, int> > > >::__normal_iterator(std::pair<int, int> const* const&)
calls=328 1076 
* 4920
* 2952

fn=(2998)
903 858
+1 468
cfi=(277)
cfn=(3000)
calls=78 1076 
* 1170
* 702

fn=(3686)
893 99
+1 54
cfi=(277)
cfn=(3688)
calls=9 1076 
* 135
* 81

fn=(3966)
301 287
+1 123

fn=(3992)
137 72
fi=(238)
-49 6
fi=(239)
+75 6
fe=(276)
-21 18
cfn=(3954)
calls=6 -43 
* 96
* 18
+1 18

fn=(4050)
893 77
+1 42
cfi=(277)
cfn=(4052)
calls=7 1076 
* 105
* 63

fn=(4058) std::vector<std::vector<int, std::allocator<int> >, std::allocator<std::vector<int, std::allocator<int> > > >::max_size() const
998 112
+1 42
cfn=(4060)
calls=14 306 
* 140
* 70
cfn=(3944)
calls=14 1916 
* 756
* 112

fn=(4124)
338 84
cfn=(4126)
calls=6 154 
* 582
* 36

fn=(4150) std::vector<std::vector<int, std::allocator<int> >, std::allocator<std::vector<int, std::allocator<int> > > >::vector(unsigned long, std::vector<int, std::allocator<int> > const&, std::allocator<std::vector<int, std::allocator<int> > > const&)
569 36
+2 18
cfn=(3942)
calls=3 1907 
* 327
* 27
cfn=(3950)
calls=3 333 
* 871
* 9
+1 18
cfn=(4152) std::vector<std::vector<int, std::allocator<int> >, std::allocator<std::vector<int, std::allocator<int> > > >::_M_fill_initialize(unsigned long, std::vector<int, std::allocator<int> > const&)
calls=3 1704 
* 5873
* 21

fn=(4168) std::vector<std::vector<int, std::allocator<int> >, std::allocator<std::vector<int, std::allocator<int> > > >::~vector()
733 120
+3 45
cfn=(3966)
calls=15 301 
* 150
* 45
-1 105
fi=(263)
948 75
cfi=(285)
cfn=(4170) void std::_Destroy<std::vector<int, std::allocator<int> >*>(std::vector<int, std::allocator<int> >*, std::vector<int, std::allocator<int> >*)
calls=15 182 
* 9809
+1 60
fe=(276)
738 45
cfn=(4176) std::_Vector_base<std::vector<int, std::allocator<int> >, std::allocator<std::vector<int, std::allocator<int> > > >::~_Vector_base()
calls=15 367 
* 2908
* 90

fn=(4176)
367 120
+3 120
-1 105
cfn=(4110)
calls=15 +17 
* 1933
* 45
+2 45
cfn=(4178) std::_Vector_base<std::vector<int, std::allocator<int> >, std::allocator<std::vector<int, std::allocator<int> > > >::_Vector_impl::~_Vector_impl()
calls=15 133 
* 450
* 90

fn=(5146) std::vector<std::pair<int, int>, std::allocator<std::pair<int, int> > >::erase(__gnu_cxx::__normal_iterator<std::pair<int, int> const*, std::vector<std::pair<int, int>, std::allocator<std::pair<int, int> > > >)
1534 39
+1 9
cfn=(5148) std::vector<std::pair<int, int>, std::allocator<std::pair<int, int> > >::cbegin() const
calls=3 954 
* 120
* 27
cfi=(277)
cfn=(5150) __gnu_cxx::__normal_iterator<std::pair<int, int> const*, std::vector<std::pair<int, int>, std::allocator<std::pair<int, int> > > >::difference_type __gnu_cxx::operator-<std::pair<int, int> const*, std::vector<std::pair<int, int>, std::allocator<std::pair<int, int> > > >(__gnu_cxx::__normal_iterator<std::pair<int, int> const*, std::vector<std::pair<int, int>, std::allocator<std::pair<int, int> > > > const&, __gnu_cxx::__normal_iterator<std::pair<int, int> const*, std::vector<std::pair<int, int>, std::allocator<std::pair<int, int> > > > const&)
calls=3 1334 
* 159
* 21
cfn=(2706)
calls=3 873 
* 120
* 24
cfi=(277)
cfn=(5152) __gnu_cxx::__normal_iterator<std::pair<int, int>*, std::vector<std::pair<int, int>, std::allocator<std::pair<int, int> > > >::operator+(long) const
calls=3 1147 
* 141
* 24
cfi=(278)
cfn=(5154) std::vector<std::pair<int, int>, std::allocator<std::pair<int, int> > >::_M_erase(__gnu_cxx::__normal_iterator<std::pair<int, int>*, std::vector<std::pair<int, int>, std::allocator<std::pair<int, int> > > >)
calls=3 181 
* 606
* 36

fn=(5156) std::vector<int, std::allocator<int> >::front()
1209 11
+3 3
cfn=(2950)
calls=1 873 
* 40
* 7
cfi=(277)
cfn=(2982)
calls=1 1099 
* 11
* 6
+1 5

fn=(2020)
1281 2132
+2 984
+9 492
cfn=(2022)
calls=164 893 
* 6724
* 1476
cfi=(278)
cfn=(2026) void std::vector<std::__cxx11::basic_string<char, std::char_traits<char>, std::allocator<char> >, std::allocator<std::__cxx11::basic_string<char, std::char_traits<char>, std::allocator<char> > > >::_M_realloc_insert<std::__cxx11::basic_string<char, std::char_traits<char>, std::allocator<char> > const&>(__gnu_cxx::__normal_iterator<std::__cxx11::basic_string<char, std::char_traits<char>, std::allocator<char> >*, std::vector<std::__cxx11::basic_string<char, std::char_traits<char>, std::allocator<char> >, std::allocator<std::__cxx11::basic_string<char, std::char_traits<char>, std::allocator<char> > > > >, std::__cxx11::basic_string<char, std::char_traits<char>, std::allocator<char> > const&)
calls=164 445 
* 227486
* 492
+1 1312

fn=(2116)
1088 1265
+1 345
cfn=(2118) std::vector<std::__cxx11::basic_string<char, std::char_traits<char>, std::allocator<char> >, std::allocator<std::__cxx11::basic_string<char, std::char_traits<char>, std::allocator<char> > > >::end() const
calls=115 903 
* 4715
* 805
cfn=(2122)
calls=115 883 
* 4600
* 1035
cfi=(277)
cfn=(2124) bool __gnu_cxx::operator==<std::__cxx11::basic_string<char, std::char_traits<char>, std::allocator<char> > const*, std::vector<std::__cxx11::basic_string<char, std::char_traits<char>, std::allocator<char> >, std::allocator<std::__cxx11::basic_string<char, std::char_traits<char>, std::allocator<char> > > > >(__gnu_cxx::__normal_iterator<std::__cxx11::basic_string<char, std::char_traits<char>, std::allocator<char> > const*, std::vector<std::__cxx11::basic_string<char, std::char_traits<char>, std::allocator<char> >, std::allocator<std::__cxx11::basic_string<char, std::char_traits<char>, std::allocator<char> > > > > const&, __gnu_cxx::__normal_iterator<std::__cxx11::basic_string<char, std::char_traits<char>, std::allocator<char> > const*, std::vector<std::__cxx11::basic_string<char, std::char_traits<char>, std::allocator<char> >, std::allocator<std::__cxx11::basic_string<char, std::char_traits<char>, std::allocator<char> > > > > const&)
calls=115 1225 
* 5750
* 1265

fn=(2326)
992 196
+1 252

fn=(2336) std::vector<Node, std::allocator<Node> >::_S_relocate(Node*, Node*, Node*, std::allocator<Node>&)
504 297
+5 162
cfi=(280)
cfn=(2338) Node* std::__relocate_a<Node*, Node*, std::allocator<Node> >(Node*, Node*, Node*, std::allocator<Node>&)
calls=27 1141 
* 2835
* 162
+5 54

fn=(2956) std::_Vector_base<int, std::allocator<int> >::_M_allocate(unsigned long)
378 657
+3 608
fi=(263)
482 396
cfi=(238)
cfn=(2958)
calls=66 126 
* 7781
* 330
fe=(276)
381 7
+1 146

fn=(3040)
1281 490
+2 336
+3 98
fi=(263)
538 42
cfi=(260)
cfn=(2244)
calls=14 70 
* 140
* 112
fi=(238)
191 56
cfi=(265)
cfn=(1808)
calls=14 -16 
* 154
* 98
cfi=(260)
cfn=(2244)
calls=14 70 
* 140
* 42
fi=(263)
542 56
fe=(276)
1288 70
+5 14
-1 105
cfn=(2934)
calls=35 893 
* 1435
* 315
cfi=(278)
cfn=(3982) void std::vector<int, std::allocator<int> >::_M_realloc_insert<int const&>(__gnu_cxx::__normal_iterator<int*, std::vector<int, std::allocator<int> > >, int const&)
calls=35 445 
* 41287
* 105
+1 196

fn=(3074)
396 288
+2 160
cfn=(2956)
calls=32 -20 
* 3813
* 160
+1 128
+1 224
+1 96

fn=(3100)
1704 130
+4 39
cfn=(2966)
calls=13 301 
* 130
* 52
-1 78
cfi=(280)
cfn=(3102) int* std::__uninitialized_fill_n_a<int*, unsigned long, int, int>(int*, unsigned long, int const&, std::allocator<int>&)
calls=13 465 
* 2852
* 39
-1 26
+3 39

fn=(3174)
733 224
+3 84
cfn=(2334)
calls=28 301 
* 280
* 84
-1 196
fi=(263)
948 140
cfi=(285)
cfn=(3176) void std::_Destroy<Node*>(Node*, Node*)
calls=28 182 
* 35127
+1 112
fe=(276)
738 84
cfn=(3188)
calls=28 367 
* 6020
* 168

fn=(3518)
315 44
cfn=(3520)
calls=4 137 
* 156
* 24

fn=(3708) std::_Vector_base<std::set<int, std::less<int>, std::allocator<int> >, std::allocator<std::set<int, std::less<int>, std::allocator<int> > > >::_M_allocate(unsigned long)
378 81
+3 81
fi=(263)
482 54
cfi=(238)
cfn=(3710) std::__new_allocator<std::set<int, std::less<int>, std::allocator<int> > >::allocate(unsigned long, void const*)
calls=9 126 
* 1332
* 45
fe=(276)
382 18

fn=(3730) std::_Vector_base<std::set<int, std::less<int>, std::allocator<int> >, std::allocator<std::set<int, std::less<int>, std::allocator<int> > > >::_M_deallocate(std::set<int, std::less<int>, std::allocator<int> >*, unsigned long)
386 130
+3 53
+1 54
fi=(263)
517 54
cfi=(238)
cfn=(3806) std::__new_allocator<std::set<int, std::less<int>, std::allocator<int> > >::deallocate(std::set<int, std::less<int>, std::allocator<int> >*, unsigned long)
calls=9 156 
* 1080
* 36
fe=(276)
391 39

fn=(3956)
396 81
+2 45
cfn=(3958)
calls=9 -20 
* 1469
* 45
+1 36
+1 90
+1 27

fn=(3996) std::vector<std::vector<int, std::allocator<int> >, std::allocator<std::vector<int, std::allocator<int> > > >::size() const
992 378
+1 540

fn=(4000)
1933 54
+2 60
+7 18

fn=(4130)
105 48
+1 48
+1 24
+1 78

fn=(4148) std::vector<std::vector<int, std::allocator<int> >, std::allocator<std::vector<int, std::allocator<int> > > >::capacity() const
1078 21
+1 6
+1 24

fn=(4178)
133 150
fi=(239)
+51 45
cfi=(238)
cfn=(3946)
calls=15 -80 
* 150
* 60
fe=(276)
-51 45

fn=(5148)
954 33
+1 15
cfi=(277)
cfn=(2664)
calls=3 1076 
* 45
* 27

fn=(5162) std::vector<int, std::allocator<int> >::rend()
933 45
+1 15
cfn=(2950)
calls=5 -61 
* 200
* 40
cfi=(277)
cfn=(5160)
calls=5 195 
* 70
* 30

fn=(2000)
137 1380
fi=(238)
-49 115
fi=(239)
+75 115
fe=(276)
-21 345
cfn=(2002)
calls=115 -43 
* 1840
* 345
+1 345

fn=(2118)
903 1265
+1 690
cfi=(277)
cfn=(2120)
calls=115 1076 
* 1725
* 1035

fn=(2128)
1126 1464
+3 915
+1 366

fn=(2328)
378 252
+3 252
fi=(263)
482 168
cfi=(238)
cfn=(2330) std::__new_allocator<Node>::allocate(unsigned long, void const*)
calls=28 126 
* 2858
* 140
fe=(276)
382 56

fn=(2662)
883 3641
+1 1655
cfi=(277)
cfn=(2664)
calls=331 1076 
* 4965
* 2979

fn=(2704)
1916 2750
+5 2000
fi=(238)
233 250
-50 250
fi=(263)
574 250
fe=(276)
1923 250
+1 1250
cfi=(279)
cfn=(2036)
calls=250 233 
* 4250
* 1000
+1 1250

fn=(2712) std::_Vector_base<std::pair<int, int>, std::allocator<std::pair<int, int> > >::_M_allocate(unsigned long)
378 1593
+3 1593
fi=(263)
482 1062
cfi=(238)
cfn=(2714) std::__new_allocator<std::pair<int, int> >::allocate(unsigned long, void const*)
calls=177 126 
* 18988
* 885
fe=(276)
382 354

fn=(2736) std::vector<std::pair<int, int>, std::allocator<std::pair<int, int> > >::back()
1233 1375
+3 375
cfn=(2692)
calls=125 893 
* 5125
* 1000
cfi=(277)
cfn=(2738) __gnu_cxx::__normal_iterator<std::pair<int, int>*, std::vector<std::pair<int, int>, std::allocator<std::pair<int, int> > > >::operator-(long) const
calls=125 -79 
* 6000
* 875
cfi=(277)
cfn=(2740)
calls=125 1099 
* 1375
* 750
+1 625

fn=(2940) std::vector<int, std::allocator<int> >::_M_check_len(unsigned long, char const*) const
1896 574
+2 123
cfn=(2942) std::vector<int, std::allocator<int> >::max_size() const
calls=41 998 
* 3608
* 287
cfn=(2948)
calls=41 992 
* 656
* 287
+1 123
+2 123
cfn=(2948)
calls=41 992 
* 656
* 287
cfn=(2948)
calls=41 992 
* 656
* 369
cfi=(279)
cfn=(2040)
calls=41 257 
* 813
* 246
+1 123
cfn=(2948)
calls=41 992 
* 656
* 451
cfn=(2942)
calls=41 998 
* 3608
* 533
+1 246

fn=(2942)
998 656
+1 246
cfn=(2944)
calls=82 306 
* 820
* 410
cfn=(2946)
calls=82 1916 
* 4428
* 656

fn=(2948)
992 1722
+1 2214

fn=(2978)
1233 308
+3 84
cfn=(2934)
calls=28 893 
* 1148
* 224
cfi=(277)
cfn=(2980) __gnu_cxx::__normal_iterator<int*, std::vector<int, std::allocator<int> > >::operator-(long) const
calls=28 -79 
* 1344
* 196
cfi=(277)
cfn=(2982)
calls=28 1099 
* 308
* 168
+1 140

fn=(3018)
396 468
+2 260
cfn=(2712)
calls=52 -20 
* 7890
* 260
+1 208
+1 364
+1 156

fn=(3722) std::vector<std::set<int, std::less<int>, std::allocator<int> >, std::allocator<std::set<int, std::less<int>, std::allocator<int> > > >::_S_relocate(std::set<int, std::less<int>, std::allocator<int> >*, std::set<int, std::less<int>, std::allocator<int> >*, std::set<int, std::less<int>, std::allocator<int> >*, std::allocator<std::set<int, std::less<int>, std::allocator<int> > >&)
504 198
+5 108
cfi=(280)
cfn=(3724) std::set<int, std::less<int>, std::allocator<int> >* std::__relocate_a<std::set<int, std::less<int>, std::allocator<int> >*, std::set<int, std::less<int>, std::allocator<int> >*, std::allocator<std::set<int, std::less<int>, std::allocator<int> > > >(std::set<int, std::less<int>, std::allocator<int> >*, std::set<int, std::less<int>, std::allocator<int> >*, std::set<int, std::less<int>, std::allocator<int> >*, std::allocator<std::set<int, std::less<int>, std::allocator<int> > >&)
calls=18 1141 
* 5285
* 108
+5 36

fn=(3850)
367 32
+3 32
-1 28
cfn=(3730)
calls=4 +17 
* 616
* 12
+2 12
cfn=(3852)
calls=4 133 
* 120
* 24

fn=(3954)
99 126
+1 108
+1 54

fn=(4056) std::vector<std::vector<int, std::allocator<int> >, std::allocator<std::vector<int, std::allocator<int> > > >::_M_check_len(unsigned long, char const*) const
1896 98
+2 21
cfn=(4058)
calls=7 998 
* 616
* 49
cfn=(3996)
calls=7 992 
* 119
* 49
+1 21
+2 21
cfn=(3996)
calls=7 992 
* 119
* 49
cfn=(3996)
calls=7 992 
* 119
* 63
cfi=(279)
cfn=(2040)
calls=7 257 
* 131
* 42
+1 21
cfn=(3996)
calls=7 992 
* 119
* 77
cfn=(4058)
calls=7 998 
* 616
* 91
+1 42

fn=(4102) std::vector<std::vector<int, std::allocator<int> >, std::allocator<std::vector<int, std::allocator<int> > > >::_S_relocate(std::vector<int, std::allocator<int> >*, std::vector<int, std::allocator<int> >*, std::vector<int, std::allocator<int> >*, std::allocator<std::vector<int, std::allocator<int> > >&)
504 154
+5 84
cfi=(280)
cfn=(4104) std::vector<int, std::allocator<int> >* std::__relocate_a<std::vector<int, std::allocator<int> >*, std::vector<int, std::allocator<int> >*, std::allocator<std::vector<int, std::allocator<int> > > >(std::vector<int, std::allocator<int> >*, std::vector<int, std::allocator<int> >*, std::vector<int, std::allocator<int> >*, std::allocator<std::vector<int, std::allocator<int> > >&)
calls=14 1141 
* 4314
* 84
+5 28

fn=(4152)
1704 30
+4 9
cfn=(3966)
calls=3 301 
* 30
* 12
-1 18
cfi=(280)
cfn=(4154) std::vector<int, std::allocator<int> >* std::__uninitialized_fill_n_a<std::vector<int, std::allocator<int> >*, unsigned long, std::vector<int, std::allocator<int> >, std::vector<int, std::allocator<int> > >(std::vector<int, std::allocator<int> >*, unsigned long, std::vector<int, std::allocator<int> > const&, std::allocator<std::vector<int, std::allocator<int> > >&)
calls=3 465 
* 5750
* 9
-1 6
+3 9

fn=(5108)
333 11
+1 5
cfn=(5110) std::_Vector_base<Node, std::allocator<Node> >::_Vector_impl::_Vector_impl(std::allocator<Node> const&)
calls=1 146 
* 44
* 3
+1 5
cfn=(5112)
calls=1 +61 
* 161
* 7

fn=(5110)
146 17
fi=(238)
-54 1
fi=(239)
+76 1
fe=(276)
-21 3
cfn=(2314)
calls=1 -48 
* 16
* 3
+1 3

fl=(282)
fn=(2622)
460 2008
+3 753
cfn=(2624) std::unique_ptr<Graph, std::default_delete<Graph> >::get() const
calls=251 +6 
* 25853
* 1506
+1 502

fn=(2836) std::__uniq_ptr_impl<Algorithms, std::default_delete<Algorithms> >::__uniq_ptr_impl<std::default_delete<MST_algo> >(Algorithms*, std::default_delete<MST_algo>&&)
180 66
+1 24
cfi=(260)
cfn=(2828)
calls=6 70 
* 60
* 48
cfi=(281)
cfn=(2838)
calls=6 1345 
* 1416
* 42

fn=(3274) std::__uniq_ptr_impl<EulerCircuit_algo, std::default_delete<EulerCircuit_algo> >::__uniq_ptr_impl(EulerCircuit_algo*)
176 91
cfi=(281)
cfn=(3276)
calls=7 1317 
* 553
* 49
cfn=(3286) std::__uniq_ptr_impl<EulerCircuit_algo, std::default_delete<EulerCircuit_algo> >::_M_ptr()
calls=7 +21 
* 602
* 56

fn=(3312) std::unique_ptr<EulerCircuit_algo, std::default_delete<EulerCircuit_algo> >::release()
494 56
+1 21
cfn=(3314) std::__uniq_ptr_impl<EulerCircuit_algo, std::default_delete<EulerCircuit_algo> >::release()
calls=7 215 
* 1393
* 56

fn=(3314)
215 56
+2 21
cfn=(3286)
calls=7 -20 
* 602
* 35
+1 21
cfn=(3286)
calls=7 -21 
* 602
* 7
+1 35
+1 14

fn=(3468) std::__uniq_ptr_impl<MaxClique_algo, std::default_delete<MaxClique_algo> >::_M_ptr()
197 176
cfi=(281)
cfn=(3470)
calls=16 1803 
* 1072
* 128

fn=(3872) std::__detail::_MakeUniq<SCC_algo>::__single_object std::make_unique<SCC_algo>()
1069 27
+1 6
cob=(4)
cfi=(175)
cfn=(1802)
calls=3 0 
* 186
* 21
cfi=(298) /home/ilya/Final_Project_OS/Part_7/Algorithms/SCC.hpp
cfn=(3874) SCC_algo::SCC_algo()
calls=3 9 
* 99
* 21
cfn=(3876) std::unique_ptr<SCC_algo, std::default_delete<SCC_algo> >::unique_ptr<std::default_delete<SCC_algo>, void>(SCC_algo*)
calls=3 317 
* 699
* 21

fn=(3906) std::__uniq_ptr_impl<SCC_algo, std::default_delete<SCC_algo> >::_M_deleter()
201 33
cfi=(281)
cfn=(3908)
calls=3 1803 
* 201
* 24

fn=(4344) std::__uniq_ptr_impl<Algorithms, std::default_delete<Algorithms> >::__uniq_ptr_impl<std::default_delete<HamCircuit_algo> >(Algorithms*, std::default_delete<HamCircuit_algo>&&)
180 55
+1 20
cfi=(260)
cfn=(4336)
calls=5 70 
* 50
* 40
cfi=(281)
cfn=(4346)
calls=5 1345 
* 1180
* 35

fn=(4354)
88 55

fn=(2626) std::__uniq_ptr_impl<Graph, std::default_delete<Graph> >::_M_ptr() const
199 3036
cfi=(281)
cfn=(2628)
calls=276 1809 
* 18492
* 1656

fn=(2816) std::unique_ptr<MST_algo, std::default_delete<MST_algo> >::get_deleter()
475 48
+1 18
cfn=(2818) std::__uniq_ptr_impl<MST_algo, std::default_delete<MST_algo> >::_M_deleter()
calls=6 201 
* 516
* 48

fn=(2832) std::__uniq_ptr_impl<MST_algo, std::default_delete<MST_algo> >::release()
215 48
+2 18
cfn=(2804) std::__uniq_ptr_impl<MST_algo, std::default_delete<MST_algo> >::_M_ptr()
calls=6 -20 
* 516
* 30
+1 18
cfn=(2804)
calls=6 -21 
* 516
* 6
+1 30
+1 12

fn=(2834) std::__uniq_ptr_data<Algorithms, std::default_delete<Algorithms>, true, true>::__uniq_ptr_impl<std::default_delete<MST_algo> >(Algorithms*, std::default_delete<MST_algo>&&)
241 96
cfn=(2836)
calls=6 -61 
* 1656
* 36

fn=(2848)
88 66

fn=(3498) std::__uniq_ptr_data<Algorithms, std::default_delete<Algorithms>, true, true>::__uniq_ptr_impl<std::default_delete<MaxClique_algo> >(Algorithms*, std::default_delete<MaxClique_algo>&&)
241 64
cfn=(3500) std::__uniq_ptr_impl<Algorithms, std::default_delete<Algorithms> >::__uniq_ptr_impl<std::default_delete<MaxClique_algo> >(Algorithms*, std::default_delete<MaxClique_algo>&&)
calls=4 -61 
* 1104
* 24

fn=(2374) std::__uniq_ptr_data<Graph, std::default_delete<Graph>, true, true>::__uniq_ptr_impl(Graph*)
241 308
cfn=(2376) std::__uniq_ptr_impl<Graph, std::default_delete<Graph> >::__uniq_ptr_impl(Graph*)
calls=22 -65 
* 4246
* 132

fn=(3234)
398 225
+4 75
cfn=(3236) std::__uniq_ptr_impl<Algorithms, std::default_delete<Algorithms> >::_M_ptr()
calls=25 197 
* 2150
* 100
+1 175
+1 75
cfn=(3246) std::unique_ptr<Algorithms, std::default_delete<Algorithms> >::get_deleter()
calls=25 +71 
* 2625
* 175
cfi=(260)
cfn=(3258) std::remove_reference<Algorithms*&>::type&& std::move<Algorithms*&>(Algorithms*&)
calls=25 97 
* 250
* 175
cfn=(3260) std::default_delete<Algorithms>::operator()(Algorithms*) const
calls=25 93 
* 4635
* 75
+1 50
+1 100

fn=(3298) std::unique_ptr<EulerCircuit_algo, std::default_delete<EulerCircuit_algo> >::get_deleter()
475 56
+1 21
cfn=(3300) std::__uniq_ptr_impl<EulerCircuit_algo, std::default_delete<EulerCircuit_algo> >::_M_deleter()
calls=7 201 
* 602
* 56

fn=(3300)
201 77
cfi=(281)
cfn=(3302)
calls=7 1803 
* 469
* 56

fn=(3328)
88 77

fn=(4338) std::unique_ptr<HamCircuit_algo, std::default_delete<HamCircuit_algo> >::release()
494 40
+1 15
cfn=(4340) std::__uniq_ptr_impl<HamCircuit_algo, std::default_delete<HamCircuit_algo> >::release()
calls=5 215 
* 995
* 40

fn=(4340)
215 40
+2 15
cfn=(4312) std::__uniq_ptr_impl<HamCircuit_algo, std::default_delete<HamCircuit_algo> >::_M_ptr()
calls=5 -20 
* 430
* 25
+1 15
cfn=(4312)
calls=5 -21 
* 430
* 5
+1 25
+1 10

fn=(4356) std::unique_ptr<HamCircuit_algo, std::default_delete<HamCircuit_algo> >::~unique_ptr()
398 45
+4 15
cfn=(4312)
calls=5 197 
* 430
* 20
+1 20
+2 10
+1 20

fn=(2486) std::__uniq_ptr_impl<Graph, std::default_delete<Graph> >::release()
215 176
+2 66
cfn=(2388) std::__uniq_ptr_impl<Graph, std::default_delete<Graph> >::_M_ptr()
calls=22 -20 
* 1892
* 110
+1 66
cfn=(2388)
calls=22 -21 
* 1892
* 22
+1 110
+1 44

fn=(2792) std::__uniq_ptr_impl<MST_algo, std::default_delete<MST_algo> >::__uniq_ptr_impl(MST_algo*)
176 78
cfi=(281)
cfn=(2794)
calls=6 1317 
* 474
* 42
cfn=(2804)
calls=6 +21 
* 516
* 48

fn=(2852) std::unique_ptr<MST_algo, std::default_delete<MST_algo> >::~unique_ptr()
398 54
+4 18
cfn=(2804)
calls=6 197 
* 516
* 24
+1 24
+2 12
+1 24

fn=(2854)
460 200
+3 75
cfn=(2856) std::unique_ptr<Algorithms, std::default_delete<Algorithms> >::get() const
calls=25 +6 
* 2575
* 150
+1 50

fn=(2856)
469 200
+1 75
cfn=(2858) std::__uniq_ptr_impl<Algorithms, std::default_delete<Algorithms> >::_M_ptr() const
calls=25 199 
* 2100
* 200

fn=(3248) std::__uniq_ptr_impl<Algorithms, std::default_delete<Algorithms> >::_M_deleter()
201 275
cfi=(281)
cfn=(3250)
calls=25 1803 
* 1675
* 200

fn=(3270) std::unique_ptr<EulerCircuit_algo, std::default_delete<EulerCircuit_algo> >::unique_ptr<std::default_delete<EulerCircuit_algo>, void>(EulerCircuit_algo*)
317 63
+1 35
cfn=(3272) std::__uniq_ptr_data<EulerCircuit_algo, std::default_delete<EulerCircuit_algo>, true, true>::__uniq_ptr_impl(EulerCircuit_algo*)
calls=7 -77 
* 1491
* 21
+1 21

fn=(3272)
241 98
cfn=(3274)
calls=7 -65 
* 1351
* 42

fn=(3454) std::__uniq_ptr_data<MaxClique_algo, std::default_delete<MaxClique_algo>, true, true>::__uniq_ptr_impl(MaxClique_algo*)
241 56
cfn=(3456) std::__uniq_ptr_impl<MaxClique_algo, std::default_delete<MaxClique_algo> >::__uniq_ptr_impl(MaxClique_algo*)
calls=4 -65 
* 772
* 24

fn=(3924) std::__uniq_ptr_impl<Algorithms, std::default_delete<Algorithms> >::__uniq_ptr_impl<std::default_delete<SCC_algo> >(Algorithms*, std::default_delete<SCC_algo>&&)
180 33
+1 12
cfi=(260)
cfn=(3916)
calls=3 70 
* 30
* 24
cfi=(281)
cfn=(3926)
calls=3 1345 
* 708
* 21

fn=(3936) std::unique_ptr<SCC_algo, std::default_delete<SCC_algo> >::~unique_ptr()
398 27
+4 9
cfn=(3892) std::__uniq_ptr_impl<SCC_algo, std::default_delete<SCC_algo> >::_M_ptr()
calls=3 197 
* 258
* 12
+1 12
+2 6
+1 12

fn=(4312)
197 220
cfi=(281)
cfn=(4314)
calls=20 1803 
* 1340
* 160

fn=(4324) std::unique_ptr<HamCircuit_algo, std::default_delete<HamCircuit_algo> >::get_deleter()
475 40
+1 15
cfn=(4326) std::__uniq_ptr_impl<HamCircuit_algo, std::default_delete<HamCircuit_algo> >::_M_deleter()
calls=5 201 
* 430
* 40

fn=(4326)
201 55
cfi=(281)
cfn=(4328)
calls=5 1803 
* 335
* 40

fn=(2440)
304 16
+1 10
cfn=(2442) std::__uniq_ptr_data<Graph, std::default_delete<Graph>, true, true>::__uniq_ptr_impl()
calls=2 -64 
* 226
* 6
+1 6

fn=(2484) std::__uniq_ptr_impl<Graph, std::default_delete<Graph> >::operator=(std::__uniq_ptr_impl<Graph, std::default_delete<Graph> >&&)
189 198
+2 66
cfn=(2486)
calls=22 +24 
* 4378
* 176
cfn=(2488) std::__uniq_ptr_impl<Graph, std::default_delete<Graph> >::reset(Graph*)
calls=22 +15 
* 39818
* 66
+1 66
cfn=(2490) std::__uniq_ptr_impl<Graph, std::default_delete<Graph> >::_M_deleter()
calls=22 +9 
* 1892
* 110
cfi=(260)
cfn=(2500) std::default_delete<Graph>&& std::forward<std::default_delete<Graph> >(std::remove_reference<std::default_delete<Graph> >::type&)
calls=22 70 
* 220
* 132
cfn=(2490)
calls=22 +9 
* 1892
+1 110
+1 44

fn=(2788) std::unique_ptr<MST_algo, std::default_delete<MST_algo> >::unique_ptr<std::default_delete<MST_algo>, void>(MST_algo*)
317 54
+1 30
cfn=(2790) std::__uniq_ptr_data<MST_algo, std::default_delete<MST_algo>, true, true>::__uniq_ptr_impl(MST_algo*)
calls=6 -77 
* 1278
* 18
+1 18

fn=(2804)
197 264
cfi=(281)
cfn=(2806)
calls=24 1803 
* 1608
* 192

fn=(2814) std::unique_ptr<Algorithms, std::default_delete<Algorithms> >::unique_ptr<MST_algo, std::default_delete<MST_algo>, void>(std::unique_ptr<MST_algo, std::default_delete<MST_algo> >&&)
380 66
+1 24
cfn=(2816)
calls=6 +94 
* 630
* 30
cfi=(260)
cfn=(2828)
calls=6 70 
* 60
* 42
cfn=(2830) std::unique_ptr<MST_algo, std::default_delete<MST_algo> >::release()
calls=6 494 
* 1308
* 42
cfn=(2834)
calls=6 241 
* 1788
* 18
+1 36

fn=(3316) std::__uniq_ptr_data<Algorithms, std::default_delete<Algorithms>, true, true>::__uniq_ptr_impl<std::default_delete<EulerCircuit_algo> >(Algorithms*, std::default_delete<EulerCircuit_algo>&&)
241 112
cfn=(3318) std::__uniq_ptr_impl<Algorithms, std::default_delete<Algorithms> >::__uniq_ptr_impl<std::default_delete<EulerCircuit_algo> >(Algorithms*, std::default_delete<EulerCircuit_algo>&&)
calls=7 -61 
* 1932
* 42

fn=(3330) std::unique_ptr<EulerCircuit_algo, std::default_delete<EulerCircuit_algo> >::~unique_ptr()
398 63
+4 21
cfn=(3286)
calls=7 197 
* 602
* 28
+1 28
+2 14
+1 28

fn=(3500)
180 44
+1 16
cfi=(260)
cfn=(3492)
calls=4 70 
* 40
* 32
cfi=(281)
cfn=(3502)
calls=4 1345 
* 944
* 28

fn=(3904) std::unique_ptr<SCC_algo, std::default_delete<SCC_algo> >::get_deleter()
475 24
+1 9
cfn=(3906)
calls=3 201 
* 258
* 24

fn=(3920) std::__uniq_ptr_impl<SCC_algo, std::default_delete<SCC_algo> >::release()
215 24
+2 9
cfn=(3892)
calls=3 -20 
* 258
* 15
+1 9
cfn=(3892)
calls=3 -21 
* 258
* 3
+1 15
+1 6

fn=(3922) std::__uniq_ptr_data<Algorithms, std::default_delete<Algorithms>, true, true>::__uniq_ptr_impl<std::default_delete<SCC_algo> >(Algorithms*, std::default_delete<SCC_algo>&&)
241 48
cfn=(3924)
calls=3 -61 
* 828
* 18

fn=(4292) std::__detail::_MakeUniq<HamCircuit_algo>::__single_object std::make_unique<HamCircuit_algo>()
1069 45
+1 10
cob=(4)
cfi=(175)
cfn=(1802)
calls=5 0 
* 310
* 35
cfi=(300) /home/ilya/Final_Project_OS/Part_7/Algorithms/HamCircuit.hpp
cfn=(4294) HamCircuit_algo::HamCircuit_algo()
calls=5 6 
* 165
* 35
cfn=(4296) std::unique_ptr<HamCircuit_algo, std::default_delete<HamCircuit_algo> >::unique_ptr<std::default_delete<HamCircuit_algo>, void>(HamCircuit_algo*)
calls=5 317 
* 1165
* 35

fn=(2372) std::unique_ptr<Graph, std::default_delete<Graph> >::unique_ptr<std::default_delete<Graph>, void>(Graph*)
317 198
+1 110
cfn=(2374)
calls=22 -77 
* 4686
* 66
+1 66

fn=(2376)
176 286
cfi=(281)
cfn=(2378)
calls=22 1317 
* 1738
* 154
cfn=(2388)
calls=22 +21 
* 1892
* 176

fn=(2624)
469 2208
+1 828
cfn=(2626)
calls=276 199 
* 23184
* 2208

fn=(2790)
241 84
cfn=(2792)
calls=6 -65 
* 1158
* 36

fn=(2830)
494 48
+1 18
cfn=(2832)
calls=6 215 
* 1194
* 48

fn=(3448) std::__detail::_MakeUniq<MaxClique_algo>::__single_object std::make_unique<MaxClique_algo>()
1069 36
+1 8
cob=(4)
cfi=(175)
cfn=(1802)
calls=4 0 
* 248
* 28
cfi=(295)
cfn=(3450)
calls=4 7 
* 132
* 28
cfn=(3452) std::unique_ptr<MaxClique_algo, std::default_delete<MaxClique_algo> >::unique_ptr<std::default_delete<MaxClique_algo>, void>(MaxClique_algo*)
calls=4 317 
* 932
* 28

fn=(3456)
176 52
cfi=(281)
cfn=(3458)
calls=4 1317 
* 316
* 28
cfn=(3468)
calls=4 +21 
* 344
* 32

fn=(3478) std::unique_ptr<Algorithms, std::default_delete<Algorithms> >::unique_ptr<MaxClique_algo, std::default_delete<MaxClique_algo>, void>(std::unique_ptr<MaxClique_algo, std::default_delete<MaxClique_algo> >&&)
380 44
+1 16
cfn=(3480) std::unique_ptr<MaxClique_algo, std::default_delete<MaxClique_algo> >::get_deleter()
calls=4 +94 
* 420
* 20
cfi=(260)
cfn=(3492)
calls=4 70 
* 40
* 28
cfn=(3494) std::unique_ptr<MaxClique_algo, std::default_delete<MaxClique_algo> >::release()
calls=4 494 
* 872
* 28
cfn=(3498)
calls=4 241 
* 1192
* 12
+1 24

fn=(3510)
88 44

fn=(3934)
88 33

fn=(2300)
1069 264
+1 44
cob=(4)
cfi=(175)
cfn=(1802)
calls=22 0 
* 1430
* 176
cfi=(260)
cfn=(2302)
calls=22 70 
* 220
* 176
cfi=(260)
cfn=(2304)
calls=22 70 
* 220
* 176
cfi=(214)
cfn=(2306)
calls=22 9 
* 42632
* 154
cfn=(2372)
calls=22 317 
* 5126
* 220

fn=(2388)
197 1474
cfi=(281)
cfn=(2390)
calls=134 1803 
* 8978
* 1072

fn=(2480)
414 308
cfn=(2482) std::__uniq_ptr_data<Graph, std::default_delete<Graph>, true, true>::operator=(std::__uniq_ptr_data<Graph, std::default_delete<Graph>, true, true>&&)
calls=22 243 
* 49608
* 132

fn=(2818)
201 66
cfi=(281)
cfn=(2820)
calls=6 1803 
* 402
* 48

fn=(3266) std::__detail::_MakeUniq<EulerCircuit_algo>::__single_object std::make_unique<EulerCircuit_algo>()
1069 63
+1 14
cob=(4)
cfi=(175)
cfn=(1802)
calls=7 0 
* 627
* 49
cfi=(292) /home/ilya/Final_Project_OS/Part_7/Algorithms/EulerCircuit.hpp
cfn=(3268) EulerCircuit_algo::EulerCircuit_algo()
calls=7 7 
* 231
* 49
cfn=(3270)
calls=7 317 
* 1631
* 49

fn=(3296) std::unique_ptr<Algorithms, std::default_delete<Algorithms> >::unique_ptr<EulerCircuit_algo, std::default_delete<EulerCircuit_algo>, void>(std::unique_ptr<EulerCircuit_algo, std::default_delete<EulerCircuit_algo> >&&)
380 77
+1 28
cfn=(3298)
calls=7 +94 
* 735
* 35
cfi=(260)
cfn=(3310)
calls=7 70 
* 70
* 49
cfn=(3312)
calls=7 494 
* 1526
* 49
cfn=(3316)
calls=7 241 
* 2086
* 21
+1 42

fn=(3480)
475 32
+1 12
cfn=(3482) std::__uniq_ptr_impl<MaxClique_algo, std::default_delete<MaxClique_algo> >::_M_deleter()
calls=4 201 
* 344
* 32

fn=(3482)
201 44
cfi=(281)
cfn=(3484)
calls=4 1803 
* 268
* 32

fn=(3494)
494 32
+1 12
cfn=(3496) std::__uniq_ptr_impl<MaxClique_algo, std::default_delete<MaxClique_algo> >::release()
calls=4 215 
* 796
* 32

fn=(3496)
215 32
+2 12
cfn=(3468)
calls=4 -20 
* 344
* 20
+1 12
cfn=(3468)
calls=4 -21 
* 344
* 4
+1 20
+1 8

fn=(3880) std::__uniq_ptr_impl<SCC_algo, std::default_delete<SCC_algo> >::__uniq_ptr_impl(SCC_algo*)
176 39
cfi=(281)
cfn=(3882)
calls=3 1317 
* 237
* 21
cfn=(3892)
calls=3 +21 
* 258
* 24

fn=(4296)
317 45
+1 25
cfn=(4298) std::__uniq_ptr_data<HamCircuit_algo, std::default_delete<HamCircuit_algo>, true, true>::__uniq_ptr_impl(HamCircuit_algo*)
calls=5 -77 
* 1065
* 15
+1 15

fn=(4298)
241 70
cfn=(4300) std::__uniq_ptr_impl<HamCircuit_algo, std::default_delete<HamCircuit_algo> >::__uniq_ptr_impl(HamCircuit_algo*)
calls=5 -65 
* 965
* 30

fn=(4342) std::__uniq_ptr_data<Algorithms, std::default_delete<Algorithms>, true, true>::__uniq_ptr_impl<std::default_delete<HamCircuit_algo> >(Algorithms*, std::default_delete<HamCircuit_algo>&&)
241 80
cfn=(4344)
calls=5 -61 
* 1380
* 30

fn=(2482)
243 308
cfn=(2484)
calls=22 -54 
* 49168
* 132

fn=(2490)
201 726
cfi=(281)
cfn=(2492)
calls=66 1803 
* 4422
* 528

fn=(2502)
398 216
+4 72
cfn=(2388)
calls=24 197 
* 2064
* 96
+1 102
+1 6
cfn=(5058) std::unique_ptr<Graph, std::default_delete<Graph> >::get_deleter()
calls=2 +71 
* 210
* 14
cfi=(260)
cfn=(5060) std::remove_reference<Graph*&>::type&& std::move<Graph*&>(Graph*&)
calls=2 97 
* 20
* 14
cfn=(3866) std::default_delete<Graph>::operator()(Graph*) const
calls=2 93 
* 2769
* 6
+1 4
+1 8
-1 44
+1 88

fn=(2782) std::__detail::_MakeUniq<MST_algo>::__single_object std::make_unique<MST_algo>()
1069 54
+1 12
cob=(4)
cfi=(175)
cfn=(1802)
calls=6 0 
* 514
* 42
cfi=(287) /home/ilya/Final_Project_OS/Part_7/Algorithms/MSTW.hpp
cfn=(2784) MST_algo::MST_algo()
calls=6 5 
* 198
* 42
cfn=(2788)
calls=6 317 
* 1398
* 42

fn=(3236)
197 275
cfi=(281)
cfn=(3238)
calls=25 1803 
* 1675
* 200

fn=(3246)
475 200
+1 75
cfn=(3248)
calls=25 201 
* 2150
* 200

fn=(3286)
197 308
cfi=(281)
cfn=(3288)
calls=28 1803 
* 1876
* 224

fn=(3318)
180 77
+1 28
cfi=(260)
cfn=(3310)
calls=7 70 
* 70
* 56
cfi=(281)
cfn=(3320)
calls=7 1345 
* 1652
* 49

fn=(3452)
317 36
+1 20
cfn=(3454)
calls=4 -77 
* 852
* 12
+1 12

fn=(3512) std::unique_ptr<MaxClique_algo, std::default_delete<MaxClique_algo> >::~unique_ptr()
398 36
+4 12
cfn=(3468)
calls=4 197 
* 344
* 16
+1 16
+2 8
+1 16

fn=(3876)
317 27
+1 15
cfn=(3878) std::__uniq_ptr_data<SCC_algo, std::default_delete<SCC_algo>, true, true>::__uniq_ptr_impl(SCC_algo*)
calls=3 -77 
* 639
* 9
+1 9

fn=(3892)
197 132
cfi=(281)
cfn=(3894)
calls=12 1803 
* 804
* 96

fn=(3902) std::unique_ptr<Algorithms, std::default_delete<Algorithms> >::unique_ptr<SCC_algo, std::default_delete<SCC_algo>, void>(std::unique_ptr<SCC_algo, std::default_delete<SCC_algo> >&&)
380 33
+1 12
cfn=(3904)
calls=3 +94 
* 315
* 15
cfi=(260)
cfn=(3916)
calls=3 70 
* 30
* 21
cfn=(3918) std::unique_ptr<SCC_algo, std::default_delete<SCC_algo> >::release()
calls=3 494 
* 654
* 21
cfn=(3922)
calls=3 241 
* 894
* 9
+1 18

fn=(4322) std::unique_ptr<Algorithms, std::default_delete<Algorithms> >::unique_ptr<HamCircuit_algo, std::default_delete<HamCircuit_algo>, void>(std::unique_ptr<HamCircuit_algo, std::default_delete<HamCircuit_algo> >&&)
380 55
+1 20
cfn=(4324)
calls=5 +94 
* 525
* 25
cfi=(260)
cfn=(4336)
calls=5 70 
* 50
* 35
cfn=(4338)
calls=5 494 
* 1090
* 35
cfn=(4342)
calls=5 241 
* 1490
* 15
+1 30

fn=(5058)
475 16
+1 6
cfn=(2490)
calls=2 201 
* 172
* 16

fn=(2442)
241 22
cfn=(2444) std::__uniq_ptr_impl<Graph, std::default_delete<Graph> >::__uniq_ptr_impl()
calls=2 -67 
* 192
* 12

fn=(2444)
174 22
cfi=(281)
cfn=(2378)
calls=2 1317 
* 158
* 12

fn=(2488)
206 220
+2 66
cfn=(2388)
calls=22 -11 
* 1892
* 110
+1 88
cfn=(2388)
calls=22 -12 
* 1892
* 88
+1 104
+1 60
cfn=(2490)
calls=20 -10 
* 1720
* 160
cfn=(3866)
calls=20 93 
* 33270
* 60
+1 88

fn=(2858)
199 275
cfi=(281)
cfn=(2860)
calls=25 1809 
* 1675
* 150

fn=(2868)
451 200
+2 25
cfi=(230)
cfn=(1374)
calls=25 +88 
* 225
* 275
+1 75
cfn=(2624)
calls=25 +15 
* 2575
* 150
+1 50

fn=(3260)
93 225
+6 275
cfi=(300)
cfn=(4366) HamCircuit_algo::~HamCircuit_algo()
calls=5 -93 
* 755
cfi=(298)
cfn=(4290) SCC_algo::~SCC_algo()
calls=3 -90 
* 516
cfi=(295)
cfn=(3858)
calls=4 -92 
* 604
cfi=(292)
cfn=(3446) EulerCircuit_algo::~EulerCircuit_algo()
calls=7 -92 
* 1078
cfi=(287)
cfn=(3262) MST_algo::~MST_algo()
calls=6 -94 
* 1032
* 75
+1 75

fn=(3866)
93 220
+6 176
cfi=(290)
cfn=(3172)
calls=22 -93 
* 33246
* 132
cob=(4)
cfi=(175)
cfn=(2092)
calls=22 -99 
* 2111
* 66
+1 88

fn=(3878)
241 42
cfn=(3880)
calls=3 -65 
* 579
* 18

fn=(3918)
494 24
+1 9
cfn=(3920)
calls=3 215 
* 597
* 24

fn=(4300)
176 65
cfi=(281)
cfn=(4302)
calls=5 1317 
* 395
* 35
cfn=(4312)
calls=5 +21 
* 430
* 40

fl=(299)
fn=(4086)
607 196
+1 84

fl=(291) /home/ilya/Final_Project_OS/Part_7/Algorithms/../../Part_1/Node.hpp
fn=(3184) Node::~Node()
4 1176
cfi=(276)
cfn=(3048)
calls=98 733 
* 28155
* 588

fn=(5128) Node::Node(Node const&)
4 60
cfi=(276)
cfn=(3012)
calls=3 601 
* 2364
* 18

fl=(234) /usr/include/c++/13/ext/string_conversions.h
fn=(1410) int __gnu_cxx::__stoa<long, int, char, int>(long (*)(char const*, char**, int), char const*, char const*, unsigned long*, int)
56 336
+12 63
cfn=(1412) __gnu_cxx::__stoa<long, int, char, int>(long (*)(char const*, char**, int), char const*, char const*, unsigned long*, int)::_Save_errno::_Save_errno()
calls=21 -3 
* 609
* 63
+14 147
cob=(2)
cfi=(236)
cfn=(1418)
calls=21 +43 
* 2307
* 21
+2 63
+1 63
+1 21
cob=(4)
cfi=(175)
cfn=(1414)
calls=21 -86 
* 126
* 21
+1 168
cfn=(1422) __gnu_cxx::__stoa<long, int, char, int>(long (*)(char const*, char**, int), char const*, char const*, unsigned long*, int)::_Range_chk::_S_chk(long, std::integral_constant<bool, true>)
calls=21 -12 
* 462
* 126
-1 42
+4 42
+2 42
+3 21
+1 63
cfn=(1424) __gnu_cxx::__stoa<long, int, char, int>(long (*)(char const*, char**, int), char const*, char const*, unsigned long*, int)::_Save_errno::~_Save_errno()
calls=21 -30 
* 714
* 63
-1 21
+1 126

fn=(1422)
75 147
+3 273
+1 42

fn=(1424)
66 189
cob=(4)
cfi=(175)
cfn=(1414)
calls=21 -66 
* 126
* 147
cob=(4)
cfi=(175)
cfn=(1414)
calls=21 -66 
* 126
* 126

fn=(1412)
65 189
cob=(4)
cfi=(175)
cfn=(1414)
calls=21 -65 
* 126
* 84
cob=(4)
cfi=(175)
cfn=(1414)
calls=21 -65 
* 126
* 84

fl=(265)
fn=(1808)
175 11869

fl=(214)
fn=(2636)
21 1295
+1 370
+1 370

fn=(2644)
266 2028
+1 936
cfi=(276)
cfn=(2646)
calls=156 883 
* 6240
* 1092
cfi=(276)
cfn=(2650)
calls=156 903 
* 6396
* 2259
cfi=(277)
cfn=(2656) __gnu_cxx::__normal_iterator<Node const*, std::vector<Node, std::allocator<Node> > >::operator*() const
calls=493 1099 
* 5423
* 1972
+2 1479
cfi=(283) /home/ilya/Final_Project_OS/Part_7/../Part_1/Node.hpp
cfn=(2658) Node::get_id() const
calls=493 49 
* 5423
* 3913
+2 462
cfi=(283)
cfn=(2660) Node::get_neighbors() const
calls=154 30 
* 1694
* 1078
cfi=(276)
cfn=(2662)
calls=154 883 
* 6160
* 1078
cfi=(276)
cfn=(2666)
calls=154 903 
* 6314
* 1142
cfi=(277)
cfn=(2742)
calls=124 1099 
* 1364
* 496
+2 496
+1 200
-3 252
cfi=(277)
cfn=(2744) __gnu_cxx::__normal_iterator<std::pair<int, int> const*, std::vector<std::pair<int, int>, std::allocator<std::pair<int, int> > > >::operator++()
calls=84 1109 
* 1260
* 672
cfi=(277)
cfn=(2668) bool __gnu_cxx::operator!=<std::pair<int, int> const*, std::vector<std::pair<int, int>, std::allocator<std::pair<int, int> > > >(__gnu_cxx::__normal_iterator<std::pair<int, int> const*, std::vector<std::pair<int, int>, std::allocator<std::pair<int, int> > > > const&, __gnu_cxx::__normal_iterator<std::pair<int, int> const*, std::vector<std::pair<int, int>, std::allocator<std::pair<int, int> > > > const&)
calls=84 1241 
* 4200
* 770
cfi=(277)
cfn=(2668)
calls=154 1241 
* 7700
* 1532
-4 342
cfi=(277)
cfn=(2672) __gnu_cxx::__normal_iterator<Node const*, std::vector<Node, std::allocator<Node> > >::operator++()
calls=114 1109 
* 1710
* 1017
cfi=(277)
cfn=(2672)
calls=339 1109 
* 5085
* 3624
cfi=(277)
cfn=(2652) bool __gnu_cxx::operator!=<Node const*, std::vector<Node, std::allocator<Node> > >(__gnu_cxx::__normal_iterator<Node const*, std::vector<Node, std::allocator<Node> > > const&, __gnu_cxx::__normal_iterator<Node const*, std::vector<Node, std::allocator<Node> > > const&)
calls=453 1241 
* 22650
* 780
cfi=(277)
cfn=(2652)
calls=156 1241 
* 7800
* 3045
+11 464
+1 936

fn=(1318)
313 6
cfi=(211)
cfn=(1316)
calls=1 0 
* 23
* 2

fn=(3338) Graph::degree(int) const
182 518
+1 222
cfi=(276)
cfn=(2646)
calls=37 883 
* 1480
* 259
cfi=(276)
cfn=(2650)
calls=37 903 
* 1517
* 575
cfi=(277)
cfn=(2656)
calls=65 1099 
* 715
* 260
+2 195
cfi=(283)
cfn=(2658)
calls=65 49 
* 715
* 371
+2 111
cfi=(283)
cfn=(2660)
calls=37 30 
* 407
* 185
cfi=(276)
cfn=(2686)
calls=37 992 
* 592
* 222
+4 195
-8 84
cfi=(277)
cfn=(2672)
calls=28 1109 
* 420
* 224
cfi=(277)
cfn=(2652)
calls=28 1241 
* 1400
* 185
cfi=(277)
cfn=(2652)
calls=37 1241 
* 1850
* 325
+8 185

fn=(3870) Graph::indegree(int) const
197 72
+1 6
+1 36
cfi=(276)
cfn=(2646)
calls=6 883 
* 240
* 42
cfi=(276)
cfn=(2650)
calls=6 903 
* 246
* 87
cfi=(277)
cfn=(2656)
calls=19 1099 
* 209
* 76
+2 57
cfi=(283)
cfn=(2660)
calls=19 30 
* 209
* 133
cfi=(276)
cfn=(2662)
calls=19 883 
* 760
* 133
cfi=(276)
cfn=(2666)
calls=19 903 
* 779
* 179
cfi=(277)
cfn=(2742)
calls=14 1099 
* 154
* 56
+2 56
+2 12
-4 9
cfi=(277)
cfn=(2744)
calls=3 1109 
* 45
* 33
cfi=(277)
cfn=(2744)
calls=11 1109 
* 165
* 112
cfi=(277)
cfn=(2668)
calls=14 1241 
* 700
* 95
cfi=(277)
cfn=(2668)
calls=19 1241 
* 950
* 165
-2 57
cfi=(277)
cfn=(2672)
calls=19 1109 
* 285
* 152
cfi=(277)
cfn=(2652)
calls=19 1241 
* 950
* 30
cfi=(277)
cfn=(2652)
calls=6 1241 
* 300
* 125
+10 30
+1 30

fn=(5130) Graph::get_any_neighbor(int)
214 42
+1 18
cfi=(276)
cfn=(2676)
calls=3 873 
* 120
* 21
cfi=(276)
cfn=(2364)
calls=3 893 
* 123
* 51
cfi=(277)
cfn=(2370)
calls=6 1099 
* 66
* 24
+2 18
cfi=(283)
cfn=(2658)
calls=6 49 
* 66
* 33
+2 9
cfi=(283)
cfn=(2660)
calls=3 30 
* 33
* 15
cfi=(276)
cfn=(5132)
calls=3 1088 
* 516
* 18
+2 9
cfi=(283)
cfn=(2660)
calls=3 30 
* 33
* 15
cfi=(276)
cfn=(5136)
calls=3 1221 
* 249
* 15
+9 9
-5 9
-10 9
cfi=(277)
cfn=(2682) __gnu_cxx::__normal_iterator<Node*, std::vector<Node, std::allocator<Node> > >::operator++()
calls=3 1109 
* 45
* 24
cfi=(277)
cfn=(2678) bool __gnu_cxx::operator!=<Node*, std::vector<Node, std::allocator<Node> > >(__gnu_cxx::__normal_iterator<Node*, std::vector<Node, std::allocator<Node> > > const&, __gnu_cxx::__normal_iterator<Node*, std::vector<Node, std::allocator<Node> > > const&)
calls=3 1241 
* 150
* 15
cfi=(277)
cfn=(2678)
calls=3 1241 
* 150
* 30
+15 15

fn=(5438)
313 4
cfi=(211)
cfn=(5302)
calls=1 0 
* 24
* 2

fn=(3132)
284 65
+2 15
cfi=(290)
cfn=(3134)
calls=5 31 
* 55
* 45
+2 30
cfi=(276)
cfn=(2646)
calls=5 883 
* 200
* 35
cfi=(276)
cfn=(2650)
calls=5 903 
* 205
* 82
cfi=(277)
cfn=(2656)
calls=19 1099 
* 209
* 76
+2 95
cob=(4)
cfi=(175)
cfn=(1484)
calls=19 0 
* 4866
* 133
cfi=(283)
cfn=(2658)
calls=19 49 
* 209
* 114
cob=(4)
cfi=(175)
cfn=(1532)
calls=19 0 
* 5994
* 152
cob=(4)
cfi=(175)
cfn=(1484)
calls=19 0 
* 8717
* 76
+1 57
cfi=(283)
cfn=(2660)
calls=19 30 
* 209
* 133
cfi=(276)
cfn=(2662)
calls=19 883 
* 760
* 133
cfi=(276)
cfn=(2666)
calls=19 903 
* 779
* 263
cfi=(277)
cfn=(2742)
calls=28 1099 
* 308
* 112
+2 140
cob=(4)
cfi=(175)
cfn=(1484)
calls=28 0 
* 5068
* 252
cob=(4)
cfi=(175)
cfn=(1532)
calls=28 0 
* 8726
* 224
cob=(4)
cfi=(175)
cfn=(1484)
calls=28 0 
* 5040
* 252
cob=(4)
cfi=(175)
cfn=(1532)
calls=28 0 
* 8708
* 252
cob=(4)
cfi=(175)
cfn=(1484)
calls=28 0 
* 5124
* 112
-2 84
cfi=(277)
cfn=(2744)
calls=28 1109 
* 420
* 224
cfi=(277)
cfn=(2668)
calls=28 1241 
* 1400
* 95
cfi=(277)
cfn=(2668)
calls=19 1241 
* 950
* 235
+4 95
cob=(4)
cfi=(175)
cfn=(1484)
calls=19 0 
* 3439
* 76
-7 57
cfi=(277)
cfn=(2672)
calls=19 1109 
* 285
* 152
cfi=(277)
cfn=(2652)
calls=19 1241 
* 950
* 25
cfi=(277)
cfn=(2652)
calls=5 1241 
* 250
* 120
+9 25
+16 30

fn=(3010)
253 735
+1 294
cfi=(276)
cfn=(2646)
calls=49 883 
* 1960
* 343
cfi=(276)
cfn=(2650)
calls=49 903 
* 2009
* 863
cfi=(277)
cfn=(2656)
calls=103 1099 
* 1133
* 412
+2 309
cfi=(283)
cfn=(2658)
calls=103 49 
* 1133
* 559
+2 147
cfi=(283)
cfn=(2660)
calls=49 30 
* 539
* 392
cfi=(276)
cfn=(3012)
calls=49 601 
* 46057
* 211
-4 162
cfi=(277)
cfn=(2672)
calls=54 1109 
* 810
* 432
cfi=(277)
cfn=(2652)
calls=54 1241 
* 2700
* 245
cfi=(277)
cfn=(2652)
calls=49 1241 
* 2450
* 515
+7 147
-3 49
+4 441

fn=(5138) Graph::remove_edge(int, int)
86 45
+1 3
+3 18
cfi=(276)
cfn=(2676)
calls=3 873 
* 120
* 21
cfi=(276)
cfn=(2364)
calls=3 893 
* 123
* 33
cfi=(277)
cfn=(2370)
calls=6 1099 
* 66
* 24
+3 18
cfi=(283)
cfn=(2658)
calls=6 -44 
* 66
* 33
+3 9
cfi=(283)
cfn=(5140) Node::get_neighbors()
calls=3 -60 
* 33
* 12
+1 9
cfi=(276)
cfn=(2706)
calls=3 873 
* 120
* 24
+4 9
cfi=(277)
cfn=(5142) __gnu_cxx::__normal_iterator<std::pair<int, int>*, std::vector<std::pair<int, int>, std::allocator<std::pair<int, int> > > >::operator->() const
calls=3 1104 
* 33
* 33
+3 15
cfi=(277)
cfn=(5144) __gnu_cxx::__normal_iterator<std::pair<int, int> const*, std::vector<std::pair<int, int>, std::allocator<std::pair<int, int> > > >::__normal_iterator<std::pair<int, int>*, void>(__gnu_cxx::__normal_iterator<std::pair<int, int>*, std::vector<std::pair<int, int>, std::allocator<std::pair<int, int> > > > const&)
calls=3 1083 
* 93
* 24
cfi=(276)
cfn=(5146)
calls=3 1534 
* 1326
+1 12
+1 3
-9 9
cfi=(276)
cfn=(2692)
calls=3 893 
* 123
* 27
cfi=(277)
cfn=(3036)
calls=3 1241 
* 150
* 15
+12 12
-19 9
cfi=(277)
cfn=(2682)
calls=3 1109 
* 45
* 24
cfi=(277)
cfn=(2678)
calls=3 1241 
* 150
* 15
cfi=(277)
cfn=(2678)
calls=3 1241 
* 150
* 30
+23 12
+2 9
+5 15
+19 3
+1 24

fn=(2306)
9 594
cfi=(276)
cfn=(2308)
calls=27 531 
* 1971
* 162
+3 189
cfi=(278)
cfn=(2316) std::vector<Node, std::allocator<Node> >::reserve(unsigned long)
calls=27 +55 
* 13804
+1 420
+2 570
cfi=(278)
cfn=(2346) Node& std::vector<Node, std::allocator<Node> >::emplace_back<int&>(int&)
calls=95 +96 
* 34105
* 285
-2 651
+4 189

fn=(2674)
41 1104
+2 69
+1 69
+2 414
cfi=(276)
cfn=(2676)
calls=69 873 
* 2760
* 483
cfi=(276)
cfn=(2364)
calls=69 893 
* 2829
* 1869
cfi=(277)
cfn=(2370)
calls=254 1099 
* 2794
* 1016
+2 762
cfi=(283)
cfn=(2658)
calls=254 +1 
* 2794
* 1016
+3 969
+3 555
cfi=(283)
cfn=(2658)
calls=185 -5 
* 2035
* 1295
+2 345
-10 207
cfi=(277)
cfn=(2682)
calls=69 1109 
* 1035
* 555
cfi=(277)
cfn=(2682)
calls=185 1109 
* 2775
* 2032
cfi=(277)
cfn=(2678)
calls=254 1241 
* 12700
* 345
cfi=(277)
cfn=(2678)
calls=69 1241 
* 3450
* 1615
+16 483
+2 207
+4 345
cfi=(283)
cfn=(2684) Node::contains_neighbor(int) const
calls=69 -51 
* 4929
* 345
+7 414
cfi=(283)
cfn=(2688) Node::add_neighbor(int, int)
calls=69 -33 
* 113803
* 207
+3 513
+2 336
cfi=(283)
cfn=(2688)
calls=56 -38 
* 86992
* 168
+2 677

fn=(3676)
234 1053
+1 486
cfi=(276)
cfn=(2646)
calls=81 883 
* 3240
* 567
cfi=(276)
cfn=(2650)
calls=81 903 
* 3321
* 1206
cfi=(277)
cfn=(2656)
calls=267 1099 
* 2937
* 1068
+2 801
cfi=(283)
cfn=(2658)
calls=267 49 
* 2937
* 2112
+2 243
cfi=(283)
cfn=(2660)
calls=81 30 
* 891
* 567
cfi=(276)
cfn=(2662)
calls=81 883 
* 3240
* 567
cfi=(276)
cfn=(2666)
calls=81 903 
* 3321
* 768
cfi=(277)
cfn=(2742)
calls=121 1099 
* 1331
* 484
+2 484
+2 150
-4 273
cfi=(277)
cfn=(2744)
calls=91 1109 
* 1365
* 728
cfi=(277)
cfn=(2668)
calls=91 1241 
* 4550
* 405
cfi=(277)
cfn=(2668)
calls=81 1241 
* 4050
* 1013
-4 153
cfi=(277)
cfn=(2672)
calls=51 1109 
* 765
* 558
cfi=(277)
cfn=(2672)
calls=186 1109 
* 2790
* 1896
cfi=(277)
cfn=(2652)
calls=237 1241 
* 11850
* 405
cfi=(277)
cfn=(2652)
calls=81 1241 
* 4050
* 1590
+13 204
+1 486

fl=(220)
fn=(1330)
135 6
cfi=(211)
cfn=(1316)
calls=1 0 
* 23
* 2

fn=(3938)
4 42
+1 9
cfi=(214)
cfn=(2636)
calls=3 +16 
* 33
* 18
fi=(238)
+83 3
fi=(239)
+75 3
fe=(220)
6 21
cfi=(276)
cfn=(3940)
calls=3 556 
* 2703
* 9
fi=(239)
184 9
cfi=(238)
cfn=(3946)
calls=3 -80 
* 30
* 12
fe=(220)
9 6
+2 126
+2 162
cfi=(214)
cfn=(2644)
calls=27 266 
* 19619
* 150
+2 30
cfi=(276)
cfn=(3980)
calls=5 1126 
* 90
* 40
cfi=(276)
cfn=(3040)
calls=5 1281 
* 5885
-4 270
-2 45
+12 9
cfi=(276)
cfn=(3988)
calls=3 531 
* 219
* 9
+3 9
cfi=(276)
cfn=(3988)
calls=3 531 
* 219
* 9
+3 18
cfn=(3994) SCC_algo::strongly_connected_components(std::vector<std::vector<int, std::allocator<int> >, std::allocator<std::vector<int, std::allocator<int> > > > const&, std::vector<std::vector<int, std::allocator<int> >, std::allocator<std::vector<int, std::allocator<int> > > >&, std::vector<std::vector<int, std::allocator<int> >, std::allocator<std::vector<int, std::allocator<int> > > >&) const
calls=3 +27 
* 113412
* 9
+2 9
cob=(4)
cfi=(175)
cfn=(3128)
calls=3 -29 
* 1686
* 12
+3 15
cob=(4)
cfi=(175)
cfn=(1484)
calls=3 -32 
* 798
* 21
cfi=(276)
cfn=(3996)
calls=3 992 
* 51
* 18
cob=(4)
cfi=(175)
cfn=(4272)
calls=3 -32 
* 2870
* 24
cob=(4)
cfi=(175)
cfn=(1484)
calls=3 -32 
* 543
* 12
+1 27
+2 35
cob=(4)
cfi=(175)
cfn=(1484)
calls=7 -35 
* 2587
* 63
cob=(4)
cfi=(175)
cfn=(4272)
calls=7 -35 
* 2072
* 63
cob=(4)
cfi=(175)
cfn=(1484)
calls=7 -35 
* 1281
* 28
+1 35
cfi=(276)
cfn=(3980)
calls=7 1126 
* 126
* 49
cfi=(276)
cfn=(2950)
calls=7 873 
* 280
* 49
cfi=(276)
cfn=(2934)
calls=7 893 
* 287
* 89
cfi=(277)
cfn=(2982)
calls=9 1099 
* 99
* 45
+2 45
cob=(4)
cfi=(175)
cfn=(1532)
calls=9 -38 
* 2808
* 72
cob=(4)
cfi=(175)
cfn=(1484)
calls=9 -38 
* 1629
* 27
-2 27
cfi=(277)
cfn=(4044) __gnu_cxx::__normal_iterator<int*, std::vector<int, std::allocator<int> > >::operator++()
calls=9 1109 
* 135
* 72
cfi=(277)
cfn=(4046) bool __gnu_cxx::operator!=<int*, std::vector<int, std::allocator<int> > >(__gnu_cxx::__normal_iterator<int*, std::vector<int, std::allocator<int> > > const&, __gnu_cxx::__normal_iterator<int*, std::vector<int, std::allocator<int> > > const&)
calls=9 1241 
* 450
* 35
cfi=(277)
cfn=(4046)
calls=7 1241 
* 350
* 80
+3 35
cob=(4)
cfi=(175)
cfn=(1484)
calls=7 -39 
* 1267
* 28
-6 28
cfi=(276)
cfn=(3996)
calls=7 992 
* 119
* 9
cfi=(276)
cfn=(3996)
calls=3 992 
* 51
* 70
+8 15
cob=(4)
cfi=(175)
cfn=(3164)
calls=3 -41 
* 711
* 15
+1 9
cob=(4)
cfi=(175)
cfn=(3168)
calls=3 -42 
* 651
* 18
cfi=(276)
cfn=(4168)
calls=3 733 
* 2636
* 18
cfi=(276)
cfn=(4168)
calls=3 733 
* 3397
* 18
cfi=(276)
cfn=(4168)
calls=3 733 
* 3510
* 9
-1 3
+1 21

fn=(3994)
54 45
+1 9
cfi=(276)
cfn=(3996)
calls=3 992 
* 51
* 12
+1 9
cfi=(276)
cfn=(3998)
calls=3 1605 
* 126
* 9
+1 9
cfi=(276)
cfn=(3998)
calls=3 1605 
* 126
* 9
+3 9
cfi=(276)
cfn=(2918)
calls=3 531 
* 219
* 6
fi=(238)
+28 3
fi=(239)
+75 12
fe=(220)
63 24
cfi=(289)
cfn=(2874)
calls=3 795 
* 2396
* 9
fi=(239)
184 9
cfi=(238)
cfn=(2916)
calls=3 -80 
* 30
* 12
fe=(220)
67 33
+2 54
cfi=(289)
cfn=(2984)
calls=9 1086 
* 2727
* 72
cfi=(289)
cfn=(3038)
calls=9 +30 
* 153
* 69
+2 40
cfi=(298)
cfn=(4004) SCC_algo::dfs(int, std::vector<std::vector<int, std::allocator<int> >, std::allocator<std::vector<int, std::allocator<int> > > > const&, std::vector<bool, std::allocator<bool> >&, std::vector<int, std::allocator<int> >&) const
calls=5 -57 
* 18864
-4 78
fi=(238)
+21 3
fi=(239)
+75 3
fe=(220)
-87 21
cfi=(276)
cfn=(3940)
calls=3 556 
* 2848
* 9
fi=(239)
184 9
cfi=(238)
cfn=(3946)
calls=3 -80 
* 30
* 12
fe=(220)
77 33
+2 54
cfi=(276)
cfn=(4006)
calls=9 1145 
* 162
* 63
cfi=(276)
cfn=(3002)
calls=9 883 
* 360
* 63
cfi=(276)
cfn=(2998)
calls=9 903 
* 369
* 60
cfi=(277)
cfn=(4010) __gnu_cxx::__normal_iterator<int const*, std::vector<int, std::allocator<int> > >::operator*() const
calls=5 1099 
* 55
* 25
+2 30
cfi=(276)
cfn=(3980)
calls=5 1126 
* 90
* 40
cfi=(276)
cfn=(3040)
calls=5 1281 
* 5885
* 15
-2 15
cfi=(277)
cfn=(4014) __gnu_cxx::__normal_iterator<int const*, std::vector<int, std::allocator<int> > >::operator++()
calls=5 1109 
* 75
* 40
cfi=(277)
cfn=(4008) bool __gnu_cxx::operator!=<int const*, std::vector<int, std::allocator<int> > >(__gnu_cxx::__normal_iterator<int const*, std::vector<int, std::allocator<int> > > const&, __gnu_cxx::__normal_iterator<int const*, std::vector<int, std::allocator<int> > > const&)
calls=5 1241 
* 250
* 45
cfi=(277)
cfn=(4008)
calls=9 1241 
* 450
* 70
-2 90
+9 24
cfi=(289)
cfn=(4016)
calls=3 965 
* 1896
* 9
+4 9
cfi=(276)
cfn=(2934)
calls=3 893 
* 123
* 21
cfi=(276)
cfn=(2950)
calls=3 873 
* 120
* 18
cfi=(286)
cfn=(4030) void std::reverse<__gnu_cxx::__normal_iterator<int*, std::vector<int, std::allocator<int> > > >(__gnu_cxx::__normal_iterator<int*, std::vector<int, std::allocator<int> > >, __gnu_cxx::__normal_iterator<int*, std::vector<int, std::allocator<int> > >)
calls=3 1131 
* 1251
* 6
fi=(238)
-2 12
fi=(239)
+75 3
fe=(220)
-70 24
cfi=(276)
cfn=(3098)
calls=3 569 
* 1929
* 9
fi=(239)
+91 9
cfi=(238)
cfn=(3066)
calls=3 -80 
* 30
* 12
fe=(220)
-88 15
cfi=(276)
cfn=(2950)
calls=3 873 
* 120
* 21
cfi=(276)
cfn=(2934)
calls=3 893 
* 123
* 69
cfi=(277)
cfn=(2982)
calls=9 1099 
* 99
* 45
+2 54
cfi=(289)
cfn=(2984)
calls=9 1086 
* 2727
* 72
cfi=(289)
cfn=(3038)
calls=9 +1 
* 153
* 75
+3 21
cfi=(276)
cfn=(2918)
calls=7 531 
* 511
* 21
+3 56
cfi=(298)
cfn=(4004)
calls=7 -90 
* 18560
* 21
+3 35
cfi=(276)
cfn=(4048)
calls=7 1281 
* 18381
* 28
+3 21
cfi=(276)
cfn=(3996)
calls=7 992 
* 119
* 49
+1 35
cfi=(276)
cfn=(2950)
calls=7 873 
* 280
* 49
cfi=(276)
cfn=(2934)
calls=7 893 
* 287
* 89
cfi=(277)
cfn=(2982)
calls=9 1099 
* 99
* 45
+2 63
cfi=(276)
cfn=(3108)
calls=9 1126 
* 135
* 36
-2 27
cfi=(277)
cfn=(4044)
calls=9 1109 
* 135
* 72
cfi=(277)
cfn=(4046)
calls=9 1241 
* 450
* 35
cfi=(277)
cfn=(4046)
calls=7 1241 
* 350
* 80
+4 21
cfi=(276)
cfn=(3216)
calls=7 733 
* 2058
* 21
-19 21
cfi=(277)
cfn=(4044)
calls=7 1109 
* 105
* 6
cfi=(277)
cfn=(4044)
calls=2 1109 
* 30
* 72
cfi=(277)
cfn=(4046)
calls=9 1241 
* 450
* 15
cfi=(277)
cfn=(4046)
calls=3 1241 
* 150
* 60
+24 9
cfi=(296)
cfn=(4136) std::set<std::pair<int, int>, std::less<std::pair<int, int> >, std::allocator<std::pair<int, int> > >::set()
calls=3 +49 
* 339
* 9
+2 18
cfi=(276)
cfn=(2918)
calls=3 531 
* 219
* 18
cfi=(276)
cfn=(3996)
calls=3 992 
* 51
* 27
cfi=(276)
cfn=(4144)
calls=3 808 
* 8439
* 18
cfi=(276)
cfn=(3216)
calls=3 733 
* 477
* 9
+2 33
+2 54
cfi=(276)
cfn=(4006)
calls=9 1145 
* 162
* 63
cfi=(276)
cfn=(3002)
calls=9 883 
* 360
* 63
cfi=(276)
cfn=(2998)
calls=9 903 
* 369
* 60
cfi=(277)
cfn=(4010)
calls=5 1099 
* 55
* 25
+3 30
cfi=(276)
cfn=(3108)
calls=5 1126 
* 75
* 50
cfi=(276)
cfn=(3108)
calls=5 1126 
* 75
* 48
cfi=(276)
cfn=(3108)
calls=2 1126 
* 30
* 20
cfi=(276)
cfn=(3108)
calls=2 1126 
* 30
* 16
cfi=(267)
cfn=(2722)
calls=2 687 
* 102
* 16
cfi=(296)
cfn=(4182) std::set<std::pair<int, int>, std::less<std::pair<int, int> >, std::allocator<std::pair<int, int> > >::insert(std::pair<int, int>&&)
calls=2 520 
* 2166
* 44
+2 12
cfi=(276)
cfn=(3108)
calls=2 1126 
* 30
* 18
cfi=(276)
cfn=(3980)
calls=2 1126 
* 36
* 20
cfi=(276)
cfn=(3108)
calls=2 1126 
* 30
* 12
cfi=(276)
cfn=(3040)
calls=2 1281 
* 2354
* 6
-5 6
cfi=(277)
cfn=(4014)
calls=2 1109 
* 30
* 9
cfi=(277)
cfn=(4014)
calls=3 1109 
* 45
* 40
cfi=(277)
cfn=(4008)
calls=5 1241 
* 250
* 45
cfi=(277)
cfn=(4008)
calls=9 1241 
* 450
* 70
-2 72
+11 9
cfi=(296)
cfn=(4244) std::set<std::pair<int, int>, std::less<std::pair<int, int> >, std::allocator<std::pair<int, int> > >::~set()
calls=3 283 
* 1092
* 18
cfi=(276)
cfn=(3216)
calls=3 733 
* 882
* 18
cfi=(276)
cfn=(4168)
calls=3 733 
* 3405
* 18
cfi=(289)
cfn=(3200)
calls=3 890 
* 1254
* 18
cfi=(276)
cfn=(3216)
calls=3 733 
* 882
* 27

fn=(5426)
135 4
cfi=(211)
cfn=(5302)
calls=1 0 
* 24
* 2

fl=(300)
fn=(4366)
6 55
cfn=(4367) HamCircuit_algo::~HamCircuit_algo()'2
calls=5 * 
* 165
* 35
cob=(4)
cfi=(175)
cfn=(2092)
calls=5 -6 
* 475
* 25

fn=(4367)
6 70
cfi=(288)
cfn=(3264)
calls=5 +11 
* 65
* 30

fn=(4294)
6 55
cfi=(288)
cfn=(2786)
calls=5 -1 
* 65
* 45

fl=(286)
fn=(4032) void std::__reverse<__gnu_cxx::__normal_iterator<int*, std::vector<int, std::allocator<int> > > >(__gnu_cxx::__normal_iterator<int*, std::vector<int, std::allocator<int> > >, __gnu_cxx::__normal_iterator<int*, std::vector<int, std::allocator<int> > >, std::random_access_iterator_tag)
1102 27
+3 15
cfi=(277)
cfn=(4034) bool __gnu_cxx::operator==<int*, std::vector<int, std::allocator<int> > >(__gnu_cxx::__normal_iterator<int*, std::vector<int, std::allocator<int> > > const&, __gnu_cxx::__normal_iterator<int*, std::vector<int, std::allocator<int> > > const&)
calls=3 1225 
* 150
* 15
+2 9
cfi=(277)
cfn=(4036) __gnu_cxx::__normal_iterator<int*, std::vector<int, std::allocator<int> > >::operator--()
calls=3 +16 
* 45
+1 24
+2 15
cfi=(279)
cfn=(4040)
calls=3 155 
* 387
* 9
+1 9
cfi=(277)
cfn=(4044)
calls=3 -2 
* 45
* 9
+1 9
cfi=(277)
cfn=(4036)
calls=3 +11 
* 45
* 9
-4 15
cfi=(277)
cfn=(4038) bool __gnu_cxx::operator< <int*, std::vector<int, std::allocator<int> > >(__gnu_cxx::__normal_iterator<int*, std::vector<int, std::allocator<int> > > const&, __gnu_cxx::__normal_iterator<int*, std::vector<int, std::allocator<int> > > const&)
calls=3 1258 
* 150
* 15
cfi=(277)
cfn=(4038)
calls=3 1258 
* 150
* 30
+6 6

fn=(2638)
4369 1020
+12 1657
+1 1572
cfi=(277)
cfn=(2602)
calls=524 1099 
* 5764
* 5642
+1 670
cfi=(277)
cfn=(2602)
calls=134 1099 
* 1474
* 536
-2 402
cfi=(277)
cfn=(2604)
calls=134 1109 
* 2010
* 1170
cfi=(277)
cfn=(2604)
calls=390 1109 
* 5850
* 4192
cfi=(277)
cfn=(2598)
calls=524 1241 
* 26200
* 425
cfi=(277)
cfn=(2598)
calls=85 1241 
* 4250
* 3045
+3 425

fn=(4030)
1131 27
fi=(346)
240 3
fe=(286)
1137 15
cfn=(4032)
calls=3 -35 
* 1188
* 9
+1 9

fl=(297)
fn=(3734) std::_Rb_tree<int, int, std::_Identity<int>, std::less<int>, std::allocator<int> >::erase(int const&)
2516 696
+3 290
cfn=(3736) std::_Rb_tree<int, int, std::_Identity<int>, std::less<int>, std::allocator<int> >::equal_range(int const&)
calls=58 2013 
* 37025
* 290
+1 174
cfn=(3744) std::_Rb_tree<int, int, std::_Identity<int>, std::less<int>, std::allocator<int> >::size() const
calls=58 1033 
* 638
* 232
+1 348
cfn=(3602)
calls=58 350 
* 870
* 464
cfn=(3602)
calls=58 350 
* 870
* 522
cfn=(3746) std::_Rb_tree<int, int, std::_Identity<int>, std::less<int>, std::allocator<int> >::_M_erase_aux(std::_Rb_tree_const_iterator<int>, std::_Rb_tree_const_iterator<int>)
calls=58 -18 
* 38638
* 174
+1 174
cfn=(3744)
calls=58 1033 
* 638
* 348
+1 290

fn=(3736)
2013 754
+3 174
cfn=(3544) std::_Rb_tree<int, int, std::_Identity<int>, std::less<int>, std::allocator<int> >::_M_begin()
calls=58 740 
* 1740
* 232
+1 174
cfn=(3548) std::_Rb_tree<int, int, std::_Identity<int>, std::less<int>, std::allocator<int> >::_M_end()
calls=58 751 
* 638
* 58
+1 289
+2 308
cfn=(3604) std::_Rb_tree<int, int, std::_Identity<int>, std::less<int>, std::allocator<int> >::_S_key(std::_Rb_tree_node<int> const*)
calls=77 759 
* 7161
* 693
cfi=(268)
cfn=(3612)
calls=77 407 
* 1309
* 190
+1 36
cfn=(3614) std::_Rb_tree<int, int, std::_Identity<int>, std::less<int>, std::allocator<int> >::_S_right(std::_Rb_tree_node_base*)
calls=12 789 
* 132
* 255
+1 260
cfn=(3604)
calls=65 759 
* 6045
* 520
cfi=(268)
cfn=(3612)
calls=65 407 
* 1105
* 151
+1 35
cfn=(3646) std::_Rb_tree<int, int, std::_Identity<int>, std::less<int>, std::allocator<int> >::_S_left(std::_Rb_tree_node_base*)
calls=7 781 
* 77
* 188
+3 116
+1 116
+1 290
cfn=(3646)
calls=58 781 
* 638
* 232
+1 174
cfn=(3614)
calls=58 789 
* 638
* 232
+3 348
cfn=(3738) std::_Rb_tree<int, int, std::_Identity<int>, std::less<int>, std::allocator<int> >::_M_upper_bound(std::_Rb_tree_node<int>*, std::_Rb_tree_node_base*, int const&)
calls=58 -53 
* 3662
* 232
-1 348
cfn=(3740) std::_Rb_tree<int, int, std::_Identity<int>, std::less<int>, std::allocator<int> >::_M_lower_bound(std::_Rb_tree_node<int>*, std::_Rb_tree_node_base*, int const&)
calls=58 -84 
* 3030
* 232
-1 348
cfi=(267)
cfn=(3742)
calls=58 687 
* 2958
+2 405
-14 154
+19 348

fn=(3738)
1979 870
+4 76
+1 24
cfn=(3604)
calls=6 759 
* 558
* 48
cfi=(268)
cfn=(3612)
calls=6 407 
* 102
* 30
+1 30
cfn=(3646)
calls=6 781 
* 66
* 30
+2 18
-4 128
+5 290
cfn=(3550) std::_Rb_tree_iterator<int>::_Rb_tree_iterator(std::_Rb_tree_node_base*)
calls=58 273 
* 812
* 232
+1 348

fn=(3740)
1947 870
+4 64
+1 8
cfn=(3604)
calls=2 759 
* 186
* 18
cfi=(268)
cfn=(3612)
calls=2 407 
* 34
* 6
+1 6
+2 6
cfn=(3614)
calls=2 789 
* 22
* 8
-4 120
+5 290
cfn=(3550)
calls=58 273 
* 812
* 232
+1 348

fn=(3770) std::_Rb_tree<int, int, std::_Identity<int>, std::less<int>, std::allocator<int> >::clear()
1253 248
+2 93
cfn=(3544)
calls=31 740 
* 930
* 248
cfn=(3772) std::_Rb_tree<int, int, std::_Identity<int>, std::less<int>, std::allocator<int> >::_M_erase(std::_Rb_tree_node<int>*)
calls=31 1930 
* 11646
* 93
+1 124
cfn=(3534) std::_Rb_tree_header::_M_reset()
calls=31 206 
* 620
* 93
+1 93

fn=(3530) std::_Rb_tree_key_compare<std::less<int> >::_Rb_tree_key_compare()
146 490
+4 210

fn=(3534)
206 1008
+2 288
+1 432
+1 432
+1 288
+1 432

fn=(3552) std::_Rb_tree<int, int, std::_Identity<int>, std::less<int>, std::allocator<int> >::begin()
997 1243
+1 678
cfn=(3550)
calls=113 273 
* 1582
* 1017

fn=(3554) std::operator==(std::_Rb_tree_iterator<int> const&, std::_Rb_tree_iterator<int> const&)
315 440
+1 440

fn=(3562) std::_Rb_tree<int, int, std::_Identity<int>, std::less<int>, std::allocator<int> >::_Alloc_node::_Alloc_node(std::_Rb_tree<int, int, std::_Identity<int>, std::less<int>, std::allocator<int> >&)
525 1024
+1 768

fn=(3796) std::_Rb_tree<int, int, std::_Identity<int>, std::less<int>, std::allocator<int> >::_Rb_tree(std::_Rb_tree<int, int, std::_Identity<int>, std::less<int>, std::allocator<int> >&&)
956 98
cfn=(3798) std::_Rb_tree<int, int, std::_Identity<int>, std::less<int>, std::allocator<int> >::_Rb_tree_impl<std::less<int>, true>::_Rb_tree_impl(std::_Rb_tree<int, int, std::_Identity<int>, std::less<int>, std::allocator<int> >::_Rb_tree_impl<std::less<int>, true>&&)
calls=7 687 
* 987
* 42

fn=(4190) std::_Rb_tree<std::pair<int, int>, std::pair<int, int>, std::_Identity<std::pair<int, int> >, std::less<std::pair<int, int> >, std::allocator<std::pair<int, int> > >::_M_begin()
740 40
+1 15
cfn=(4192) std::_Rb_tree<std::pair<int, int>, std::pair<int, int>, std::_Identity<std::pair<int, int> >, std::less<std::pair<int, int> >, std::allocator<std::pair<int, int> > >::_M_mbegin() const
calls=5 -5 
* 55
* 40

fn=(4200) std::operator==(std::_Rb_tree_iterator<std::pair<int, int> > const&, std::_Rb_tree_iterator<std::pair<int, int> > const&)
315 16
+1 16

fn=(4212) std::_Rb_tree_node<std::pair<int, int> >* std::_Rb_tree<std::pair<int, int>, std::pair<int, int>, std::_Identity<std::pair<int, int> >, std::less<std::pair<int, int> >, std::allocator<std::pair<int, int> > >::_M_create_node<std::pair<int, int> >(std::pair<int, int>&&)
611 18
+2 6
cfn=(4214) std::_Rb_tree<std::pair<int, int>, std::pair<int, int>, std::_Identity<std::pair<int, int> >, std::less<std::pair<int, int> >, std::allocator<std::pair<int, int> > >::_M_get_node()
calls=2 -51 
* 280
* 8
+1 6
cfi=(260)
cfn=(2754) std::pair<int, int>&& std::forward<std::pair<int, int> >(std::remove_reference<std::pair<int, int> >::type&)
calls=2 70 
* 20
* 18
cfn=(4222) void std::_Rb_tree<std::pair<int, int>, std::pair<int, int>, std::_Identity<std::pair<int, int> >, std::less<std::pair<int, int> >, std::allocator<std::pair<int, int> > >::_M_construct_node<std::pair<int, int> >(std::_Rb_tree_node<std::pair<int, int> >*, std::pair<int, int>&&)
calls=2 -22 
* 376
+1 10
+1 4

fn=(4222)
592 24
+4 8
cfi=(265)
cfn=(1808)
calls=2 175 
* 22
* 6
+1 6
cfi=(260)
cfn=(2754)
calls=2 70 
* 20
* 14
cfn=(4224) std::_Rb_tree_node<std::pair<int, int> >::_M_valptr()
calls=2 234 
* 98
* 14
cfn=(4216) std::_Rb_tree<std::pair<int, int>, std::pair<int, int>, std::_Identity<std::pair<int, int> >, std::less<std::pair<int, int> >, std::allocator<std::pair<int, int> > >::_M_get_Node_allocator()
calls=2 -48 
* 20
* 12
fi=(263)
-59 6
cfi=(260)
cfn=(2754)
calls=2 70 
* 20
* 16
fi=(238)
191 8
cfi=(265)
cfn=(1808)
calls=2 -16 
* 22
* 14
cfi=(260)
cfn=(2754)
calls=2 70 
* 20
* 6
fi=(263)
542 8
fe=(297)
+65 12

fn=(3526) std::_Rb_tree<int, int, std::_Identity<int>, std::less<int>, std::allocator<int> >::_Rb_tree()
930 770
cfn=(3528) std::_Rb_tree<int, int, std::_Identity<int>, std::less<int>, std::allocator<int> >::_Rb_tree_impl<std::less<int>, true>::_Rb_tree_impl()
calls=70 669 
* 5530
* 420

fn=(3528)
669 840
fi=(238)
88 70
fi=(239)
+75 70
fe=(297)
673 210
cfn=(3530)
calls=70 146 
* 700
* 490
cfn=(3532) std::_Rb_tree_header::_Rb_tree_header()
calls=70 173 
* 2730
* 210
+1 210

fn=(3532)
173 848
+2 212
+1 318
cfn=(3534)
calls=106 +30 
* 2120
* 318
+1 318

fn=(3568) std::_Rb_tree_node<int>* std::_Rb_tree<int, int, std::_Identity<int>, std::less<int>, std::allocator<int> >::_M_create_node<int const&>(int const&)
611 1359
+2 453
cfn=(3570) std::_Rb_tree<int, int, std::_Identity<int>, std::less<int>, std::allocator<int> >::_M_get_node()
calls=151 -51 
* 25322
* 604
+1 453
cfi=(260)
cfn=(2244)
calls=151 70 
* 1510
* 1359
cfn=(3578) void std::_Rb_tree<int, int, std::_Identity<int>, std::less<int>, std::allocator<int> >::_M_construct_node<int const&>(std::_Rb_tree_node<int>*, int const&)
calls=151 -22 
* 28388
+1 755
+1 302

fn=(3604)
759 3410
+18 930
cfn=(3606) std::_Rb_tree_node<int>::_M_valptr() const
calls=310 238 
* 15190
* 2480
cfi=(268)
cfn=(3540)
calls=310 1166 
* 3410
* 1860
+1 1550

fn=(3646)
781 1701
+1 972

fn=(3652) std::_Rb_tree<int, int, std::_Identity<int>, std::less<int>, std::allocator<int> >::_M_leftmost()
720 175
+1 100

fn=(3660) std::_Rb_tree<int, int, std::_Identity<int>, std::less<int>, std::allocator<int> >::_M_root()
712 175
+1 100

fn=(3664) std::_Rb_tree<int, int, std::_Identity<int>, std::less<int>, std::allocator<int> >::begin() const
1001 946
+1 516
cfn=(3666) std::_Rb_tree_const_iterator<int>::_Rb_tree_const_iterator(std::_Rb_tree_node_base const*)
calls=86 347 
* 1204
* 774

fn=(3674)
358 960
+1 480
cfn=(3606)
calls=120 238 
* 5880
* 960

fn=(3802) std::_Rb_tree_header::_Rb_tree_header(std::_Rb_tree_header&&)
180 63
+2 49
+1 35
cfn=(3804) std::_Rb_tree_header::_M_move_data(std::_Rb_tree_header&)
calls=7 +10 
* 434
* 21
+6 28

fn=(4138) std::_Rb_tree<std::pair<int, int>, std::pair<int, int>, std::_Identity<std::pair<int, int> >, std::less<std::pair<int, int> >, std::allocator<std::pair<int, int> > >::_Rb_tree()
930 33
cfn=(4140) std::_Rb_tree<std::pair<int, int>, std::pair<int, int>, std::_Identity<std::pair<int, int> >, std::less<std::pair<int, int> >, std::allocator<std::pair<int, int> > >::_Rb_tree_impl<std::less<std::pair<int, int> >, true>::_Rb_tree_impl()
calls=3 669 
* 237
* 18

fn=(4216)
549 56
+1 24

fn=(4242)
350 16
+1 14

fn=(4264) std::_Rb_tree<std::pair<int, int>, std::pair<int, int>, std::_Identity<std::pair<int, int> >, std::less<std::pair<int, int> >, std::allocator<std::pair<int, int> > >::_Rb_tree_impl<std::less<std::pair<int, int> >, true>::~_Rb_tree_impl()
662 30
fi=(239)
184 9
cfi=(238)
cfn=(4266) std::__new_allocator<std::_Rb_tree_node<std::pair<int, int> > >::~__new_allocator()
calls=3 -80 
* 30
* 12
fe=(297)
662 9

fn=(3744)
1033 973
+1 556

fn=(3758) std::_Rb_tree<int, int, std::_Identity<int>, std::less<int>, std::allocator<int> >::_M_drop_node(std::_Rb_tree_node<int>*)
631 1359
+2 755
cfn=(3760) std::_Rb_tree<int, int, std::_Identity<int>, std::less<int>, std::allocator<int> >::_M_destroy_node(std::_Rb_tree_node<int>*)
calls=151 -13 
* 14194
* 453
+1 755
cfn=(3762) std::_Rb_tree<int, int, std::_Identity<int>, std::less<int>, std::allocator<int> >::_M_put_node(std::_Rb_tree_node<int>*)
calls=151 -68 
* 25525
* 453
+1 453

fn=(3642) std::_Rb_tree_node<int>* std::_Rb_tree<int, int, std::_Identity<int>, std::less<int>, std::allocator<int> >::_M_copy<false, std::_Rb_tree<int, int, std::_Identity<int>, std::less<int>, std::allocator<int> >::_Alloc_node>(std::_Rb_tree_node<int>*, std::_Rb_tree_node_base*, std::_Rb_tree<int, int, std::_Identity<int>, std::less<int>, std::allocator<int> >::_Alloc_node&)
1892 300
+4 150
cfn=(3644) std::_Rb_tree_node<int>* std::_Rb_tree<int, int, std::_Identity<int>, std::less<int>, std::allocator<int> >::_M_clone_node<false, std::_Rb_tree<int, int, std::_Identity<int>, std::less<int>, std::allocator<int> >::_Alloc_node>(std::_Rb_tree_node<int>*, std::_Rb_tree<int, int, std::_Identity<int>, std::less<int>, std::allocator<int> >::_Alloc_node&)
calls=25 639 
* 13575
* 100
+1 75
+4 142
+2 42
cfn=(3614)
calls=14 789 
* 154
* 126
cfn=(3643) std::_Rb_tree_node<int>* std::_Rb_tree<int, int, std::_Identity<int>, std::less<int>, std::allocator<int> >::_M_copy<false, std::_Rb_tree<int, int, std::_Identity<int>, std::less<int>, std::allocator<int> >::_Alloc_node>(std::_Rb_tree_node<int>*, std::_Rb_tree_node_base*, std::_Rb_tree<int, int, std::_Identity<int>, std::less<int>, std::allocator<int> >::_Alloc_node&)'2
calls=14 -11 
* 11071
-1 70
+2 28
+1 42
cfn=(3646)
calls=14 781 
* 154
-1 22
+1 33
cfn=(3646)
calls=11 781 
* 121
* 25
+2 143
+2 36
cfn=(3644)
calls=6 639 
* 3374
* 24
+1 18
+1 18
+1 24
+3 12
+1 18
cfn=(3646)
calls=6 781 
* 66
* 6
-9 137
+17 50
+1 75

fn=(3643)
1892 204
+4 102
cfn=(3644)
calls=17 639 
* 9941
* 68
+1 51
+4 77
+2 9
cfn=(3614)
calls=3 789 
* 33
* 27
cfn=(3643)
calls=3 -11 
* 2348
-1 15
+2 6
+1 9
cfn=(3646)
calls=3 781 
* 33
-1 28
+1 42
cfn=(3646)
calls=14 781 
* 154
* 17
+2 170
+17 34
+1 51

fn=(3648) std::_Rb_tree<int, int, std::_Identity<int>, std::less<int>, std::allocator<int> >::_S_minimum(std::_Rb_tree_node_base*)
801 200
+1 75
cfn=(3650) std::_Rb_tree_node_base::_S_minimum(std::_Rb_tree_node_base*)
calls=25 112 
* 435
* 200

fn=(3672)
401 2080
+1 2080

fn=(3778) std::_Rb_tree<int, int, std::_Identity<int>, std::less<int>, std::allocator<int> >::_Rb_tree_impl<std::less<int>, true>::~_Rb_tree_impl()
662 1100
fi=(239)
184 330
cfi=(238)
cfn=(3630) std::__new_allocator<std::_Rb_tree_node<int> >::~__new_allocator()
calls=110 -80 
* 1100
* 440
fe=(297)
662 330

fn=(4196) std::_Rb_tree_iterator<std::pair<int, int> >::_Rb_tree_iterator(std::_Rb_tree_node_base*)
273 48
+1 36

fn=(3768) std::_Rb_tree<int, int, std::_Identity<int>, std::less<int>, std::allocator<int> >::end()
1005 484
+1 264
cfn=(3550)
calls=44 273 
* 616
* 396

fn=(3772)
1930 1269
+4 411
+2 270
cfn=(3614)
calls=90 789 
* 990
* 720
cfn=(3773) std::_Rb_tree<int, int, std::_Identity<int>, std::less<int>, std::allocator<int> >::_M_erase(std::_Rb_tree_node<int>*)'2
calls=90 -6 
* 14115
* 270
+1 270
cfn=(3646)
calls=90 781 
* 990
* 360
+1 450
cfn=(3758)
calls=90 631 
* 26226
+1 180
-5 885
+7 423

fn=(3773)
1930 1116
+4 226
+2 102
cfn=(3614)
calls=34 789 
* 374
* 272
cfn=(3773)
calls=34 -6 
* 2817
* 102
+1 102
cfn=(3646)
calls=34 781 
* 374
* 136
+1 170
cfn=(3758)
calls=34 631 
* 10013
+1 68
-5 688
+7 372

fn=(3602)
350 2568
+1 2247

fn=(3614)
789 1939
+1 1108

fn=(3622) std::_Rb_tree<int, int, std::_Identity<int>, std::less<int>, std::allocator<int> >::empty() const
1029 350
+1 300

fn=(3638) std::_Rb_tree<int, int, std::_Identity<int>, std::less<int>, std::allocator<int> >::_M_copy(std::_Rb_tree<int, int, std::_Identity<int>, std::less<int>, std::allocator<int> > const&)
900 300
+2 125
cfn=(3562)
calls=25 525 
* 350
* 75
+1 150
cfn=(3640) std::_Rb_tree_node<int>* std::_Rb_tree<int, int, std::_Identity<int>, std::less<int>, std::allocator<int> >::_M_copy<false, std::_Rb_tree<int, int, std::_Identity<int>, std::less<int>, std::allocator<int> >::_Alloc_node>(std::_Rb_tree<int, int, std::_Identity<int>, std::less<int>, std::allocator<int> > const&, std::_Rb_tree<int, int, std::_Identity<int>, std::less<int>, std::allocator<int> >::_Alloc_node&)
calls=25 -14 
* 35061
* 150
+1 125

fn=(3650)
112 175
+2 185
+1 25
+1 50

fn=(4142) std::_Rb_tree_key_compare<std::less<std::pair<int, int> > >::_Rb_tree_key_compare()
146 21
+4 9

fn=(4206) std::_Rb_tree<std::pair<int, int>, std::pair<int, int>, std::_Identity<std::pair<int, int> >, std::less<std::pair<int, int> >, std::allocator<std::pair<int, int> > >::_Alloc_node::_Alloc_node(std::_Rb_tree<std::pair<int, int>, std::pair<int, int>, std::_Identity<std::pair<int, int> >, std::less<std::pair<int, int> >, std::allocator<std::pair<int, int> > >&)
525 16
+1 12

fn=(4210) std::_Rb_tree_node<std::pair<int, int> >* std::_Rb_tree<std::pair<int, int>, std::pair<int, int>, std::_Identity<std::pair<int, int> >, std::less<std::pair<int, int> >, std::allocator<std::pair<int, int> > >::_Alloc_node::operator()<std::pair<int, int> >(std::pair<int, int>&&) const
530 20
+1 10
cfi=(260)
cfn=(2754)
calls=2 70 
* 20
* 12
cfn=(4212)
calls=2 +80 
* 746
* 18

fn=(3748) std::operator==(std::_Rb_tree_const_iterator<int> const&, std::_Rb_tree_const_iterator<int> const&)
396 816
+1 816

fn=(3760)
620 1510
+5 453
cfn=(3580) std::_Rb_tree_node<int>::_M_valptr()
calls=151 234 
* 7399
* 1057
cfn=(3572) std::_Rb_tree<int, int, std::_Identity<int>, std::less<int>, std::allocator<int> >::_M_get_Node_allocator()
calls=151 -76 
* 1510
* 906
fi=(238)
198 151
fi=(263)
562 604
fe=(297)
+66 604

fn=(3762)
566 1359
+1 453
cfn=(3572)
calls=151 -18 
* 1510
* 1057
fi=(263)
-50 906
cfi=(238)
cfn=(3764) std::__new_allocator<std::_Rb_tree_node<int> >::deallocate(std::_Rb_tree_node<int>*, unsigned long)
calls=151 156 
* 19183
* 604
fe=(297)
+50 453

fn=(3640)
889 275
+3 75
cfn=(3548)
calls=25 751 
* 275
* 175
cfn=(3546) std::_Rb_tree<int, int, std::_Identity<int>, std::less<int>, std::allocator<int> >::_M_mbegin() const
calls=25 736 
* 275
* 250
cfn=(3642)
calls=25 1892 
* 30231
* 100
+1 75
cfn=(3648)
calls=25 -92 
* 910
* 175
cfn=(3652)
calls=25 720 
* 275
* 100
+1 75
cfn=(3654) std::_Rb_tree<int, int, std::_Identity<int>, std::less<int>, std::allocator<int> >::_S_maximum(std::_Rb_tree_node_base*)
calls=25 -85 
* 1020
* 175
cfn=(3658) std::_Rb_tree<int, int, std::_Identity<int>, std::less<int>, std::allocator<int> >::_M_rightmost()
calls=25 728 
* 275
* 25
+1 100
+1 125
+1 75

fn=(3800) std::_Rb_tree_key_compare<std::less<int> >::_Rb_tree_key_compare(std::_Rb_tree_key_compare<std::less<int> >&&)
160 56
+3 21

fn=(4184) std::pair<std::_Rb_tree_iterator<std::pair<int, int> >, bool> std::_Rb_tree<std::pair<int, int>, std::pair<int, int>, std::_Identity<std::pair<int, int> >, std::less<std::pair<int, int> >, std::allocator<std::pair<int, int> > >::_M_insert_unique<std::pair<int, int> >(std::pair<int, int>&&)
2162 24
+9 10
cfi=(268)
cfn=(4186)
calls=2 1162 
* 22
* 16
cfn=(4188) std::_Rb_tree<std::pair<int, int>, std::pair<int, int>, std::_Identity<std::pair<int, int> >, std::less<std::pair<int, int> >, std::allocator<std::pair<int, int> > >::_M_get_insert_unique_pos(std::pair<int, int> const&)
calls=2 -63 
* 484
* 4
+2 12
+2 10
cfn=(4206)
calls=2 525 
* 28
* 6
+1 8
cfi=(260)
cfn=(2754)
calls=2 70 
* 20
* 22
cfn=(4208) std::_Rb_tree_iterator<std::pair<int, int> > std::_Rb_tree<std::pair<int, int>, std::pair<int, int>, std::_Identity<std::pair<int, int> >, std::less<std::pair<int, int> >, std::allocator<std::pair<int, int> > >::_M_insert_<std::pair<int, int>, std::_Rb_tree<std::pair<int, int>, std::pair<int, int>, std::_Identity<std::pair<int, int> >, std::less<std::pair<int, int> >, std::allocator<std::pair<int, int> > >::_Alloc_node>(std::_Rb_tree_node_base*, std::_Rb_tree_node_base*, std::pair<int, int>&&, std::_Rb_tree<std::pair<int, int>, std::pair<int, int>, std::_Identity<std::pair<int, int> >, std::less<std::pair<int, int> >, std::allocator<std::pair<int, int> > >::_Alloc_node&)
calls=2 1818 
* 1100
* 20
cfi=(267)
cfn=(4234)
calls=2 687 
* 102
* 6
+2 6
+4 10

fn=(4188)
2108 26
+4 6
cfn=(4190)
calls=2 740 
* 60
* 8
+1 6
cfn=(4194) std::_Rb_tree<std::pair<int, int>, std::pair<int, int>, std::_Identity<std::pair<int, int> >, std::less<std::pair<int, int> >, std::allocator<std::pair<int, int> > >::_M_end()
calls=2 751 
* 22
* 2
+1 2
+1 14
+6 10
cfn=(4196)
calls=2 273 
* 28
* 6
+1 10
+2 6
cfn=(4198) std::_Rb_tree<std::pair<int, int>, std::pair<int, int>, std::_Identity<std::pair<int, int> >, std::less<std::pair<int, int> >, std::allocator<std::pair<int, int> > >::begin()
calls=2 997 
* 80
* 18
cfn=(4200)
calls=2 315 
* 32
* 10
+1 12
cfi=(267)
cfn=(4202)
calls=2 687 
* 102
* 12
+7 12

fn=(4208)
1818 34
+10 10
-1 6
cfn=(4194)
calls=2 751 
* 22
* 10
+1 10
-1 2
+4 6
cfi=(260)
cfn=(2754)
calls=2 70 
* 20
* 16
cfn=(4210)
calls=2 530 
* 826
* 8
+3 4
-1 10
cob=(4)
cfi=(175)
cfn=(3590)
calls=2 0 
* 36
* 6
+2 10
+1 10
cfn=(4196)
calls=2 273 
* 28
* 10
+1 16

fn=(4250) std::_Rb_tree<std::pair<int, int>, std::pair<int, int>, std::_Identity<std::pair<int, int> >, std::less<std::pair<int, int> >, std::allocator<std::pair<int, int> > >::_S_right(std::_Rb_tree_node_base*)
789 14
+1 8

fn=(4256) std::_Rb_tree<std::pair<int, int>, std::pair<int, int>, std::_Identity<std::pair<int, int> >, std::less<std::pair<int, int> >, std::allocator<std::pair<int, int> > >::_M_destroy_node(std::_Rb_tree_node<std::pair<int, int> >*)
620 20
+5 6
cfn=(4224)
calls=2 234 
* 98
* 14
cfn=(4216)
calls=2 -76 
* 20
* 12
fi=(238)
198 2
fi=(263)
562 8
fe=(297)
+66 8

fn=(3548)
751 2023
+1 1156

fn=(3566) std::_Rb_tree_node<int>* std::_Rb_tree<int, int, std::_Identity<int>, std::less<int>, std::allocator<int> >::_Alloc_node::operator()<int const&>(int const&) const
530 1510
+1 755
cfi=(260)
cfn=(2244)
calls=151 70 
* 1510
* 906
cfn=(3568)
calls=151 +80 
* 60505
* 1359

fn=(3626) std::_Rb_tree<int, int, std::_Identity<int>, std::less<int>, std::allocator<int> >::_Rb_tree(std::_Rb_tree<int, int, std::_Identity<int>, std::less<int>, std::allocator<int> > const&)
937 330
+1 165
cfn=(3628) std::_Rb_tree<int, int, std::_Identity<int>, std::less<int>, std::allocator<int> >::_Rb_tree_impl<std::less<int>, true>::_Rb_tree_impl(std::_Rb_tree<int, int, std::_Identity<int>, std::less<int>, std::allocator<int> >::_Rb_tree_impl<std::less<int>, true> const&)
calls=33 676 
* 4092
* 99
+2 99
cfn=(3636) std::_Rb_tree<int, int, std::_Identity<int>, std::less<int>, std::allocator<int> >::_M_root() const
calls=33 716 
* 363
* 306
+1 125
cfn=(3638)
calls=25 -41 
* 36336
* 175
cfn=(3660)
calls=25 712 
* 275
* 100
+1 157

fn=(3644)
639 480
+8 144
cfn=(3580)
calls=48 234 
* 2352
* 240
cfi=(260)
cfn=(2244)
calls=48 70 
* 480
* 384
cfn=(3566)
calls=48 530 
* 22042
* 48
+1 192
+1 96
+1 96
+1 240
+1 96

fn=(3798)
687 119
fi=(238)
92 7
fi=(239)
+76 7
fe=(297)
687 35
cfn=(3800)
calls=7 160 
* 77
* 70
cfn=(3802)
calls=7 180 
* 630
* 42

fn=(4224)
234 32
+1 16
cfi=(266)
cfn=(4226)
calls=4 72 
* 116
* 32

fn=(4246) std::_Rb_tree<std::pair<int, int>, std::pair<int, int>, std::_Identity<std::pair<int, int> >, std::less<std::pair<int, int> >, std::allocator<std::pair<int, int> > >::~_Rb_tree()
985 24
+1 9
cfn=(4190)
calls=3 740 
* 90
* 24
cfn=(4248) std::_Rb_tree<std::pair<int, int>, std::pair<int, int>, std::_Identity<std::pair<int, int> >, std::less<std::pair<int, int> >, std::allocator<std::pair<int, int> > >::_M_erase(std::_Rb_tree_node<std::pair<int, int> >*)
calls=3 1930 
* 768
* 18
cfn=(4264)
calls=3 662 
* 90
* 18

fn=(4248)
1930 27
+4 9
+2 6
cfn=(4250)
calls=2 789 
* 22
* 16
cfn=(4249) std::_Rb_tree<std::pair<int, int>, std::pair<int, int>, std::_Identity<std::pair<int, int> >, std::less<std::pair<int, int> >, std::allocator<std::pair<int, int> > >::_M_erase(std::_Rb_tree_node<std::pair<int, int> >*)'2
calls=2 -6 
* 36
* 6
+1 6
cfn=(4252) std::_Rb_tree<std::pair<int, int>, std::pair<int, int>, std::_Identity<std::pair<int, int> >, std::less<std::pair<int, int> >, std::allocator<std::pair<int, int> > >::_S_left(std::_Rb_tree_node_base*)
calls=2 781 
* 22
* 8
+1 10
cfn=(4254) std::_Rb_tree<std::pair<int, int>, std::pair<int, int>, std::_Identity<std::pair<int, int> >, std::less<std::pair<int, int> >, std::allocator<std::pair<int, int> > >::_M_drop_node(std::_Rb_tree_node<std::pair<int, int> >*)
calls=2 631 
* 568
+1 4
-5 19
+7 9

fn=(4249)
1930 18
+4 12
+7 6

fn=(4254)
631 18
+2 10
cfn=(4256)
calls=2 -13 
* 188
* 6
+1 10
cfn=(4258) std::_Rb_tree<std::pair<int, int>, std::pair<int, int>, std::_Identity<std::pair<int, int> >, std::less<std::pair<int, int> >, std::allocator<std::pair<int, int> > >::_M_put_node(std::_Rb_tree_node<std::pair<int, int> >*)
calls=2 -68 
* 324
* 6
+1 6

fn=(4258)
566 18
+1 6
cfn=(4216)
calls=2 -18 
* 20
* 14
fi=(263)
-50 12
cfi=(238)
cfn=(4260) std::__new_allocator<std::_Rb_tree_node<std::pair<int, int> > >::deallocate(std::_Rb_tree_node<std::pair<int, int> >*, unsigned long)
calls=2 156 
* 240
* 8
fe=(297)
+50 6

fn=(3746)
2503 754
+3 174
cfn=(3552)
calls=58 997 
* 2320
* 522
cfn=(3602)
calls=58 350 
* 870
* 464
cfn=(3748)
calls=58 396 
* 928
* 554
cfn=(3768)
calls=44 1005 
* 1760
* 396
cfn=(3602)
calls=44 350 
* 660
* 352
cfn=(3748)
calls=44 396 
* 704
* 560
+1 93
cfn=(3770)
calls=31 1253 
* 14188
* 93
+4 112
-1 108
cfn=(3750) std::_Rb_tree_const_iterator<int>::operator++(int)
calls=27 373 
* 1136
* 216
cfn=(3752) std::_Rb_tree<int, int, std::_Identity<int>, std::less<int>, std::allocator<int> >::_M_erase_aux(std::_Rb_tree_const_iterator<int>)
calls=27 -21 
* 9841
* 81
-1 135
cfn=(3672)
calls=27 401 
* 432
* 135
cfn=(3672)
calls=27 401 
* 432
* 270
+2 348

fn=(3752)
2489 243
+6 54
-1 108
cob=(4)
cfi=(175)
cfn=(3754)
calls=27 0 
* 1188
* 108
+2 135
cfn=(3758)
calls=27 631 
* 7708
* 81
+1 135
+1 81

fn=(3564) std::_Rb_tree_iterator<int> std::_Rb_tree<int, int, std::_Identity<int>, std::less<int>, std::allocator<int> >::_M_insert_<int const&, std::_Rb_tree<int, int, std::_Identity<int>, std::less<int>, std::allocator<int> >::_Alloc_node>(std::_Rb_tree_node_base*, std::_Rb_tree_node_base*, int const&, std::_Rb_tree<int, int, std::_Identity<int>, std::less<int>, std::allocator<int> >::_Alloc_node&)
1818 1751
+10 515
-1 309
cfn=(3548)
calls=103 751 
* 1133
* 659
+1 192
cfn=(3616) std::_Rb_tree<int, int, std::_Identity<int>, std::less<int>, std::allocator<int> >::_S_key(std::_Rb_tree_node_base const*)
calls=48 797 
* 5376
* 432
cfi=(268)
cfn=(3540)
calls=48 1166 
* 528
* 336
cfi=(268)
cfn=(3612)
calls=48 407 
* 816
* 563
-1 48
+4 144
cfi=(260)
cfn=(2244)
calls=48 70 
* 480
-4 55
+4 165
cfi=(260)
cfn=(2244)
calls=55 70 
* 550
* 824
cfn=(3566)
calls=103 530 
* 44503
* 412
+3 206
-1 515
cob=(4)
cfi=(175)
cfn=(3590)
calls=103 0 
* 2596
* 309
+2 515
+1 515
cfn=(3550)
calls=103 273 
* 1442
* 515
+1 824

fn=(3636)
716 231
+1 132

fn=(3658)
728 175
+1 100

fn=(3776) std::_Rb_tree<int, int, std::_Identity<int>, std::less<int>, std::allocator<int> >::~_Rb_tree()
985 880
+1 330
cfn=(3544)
calls=110 740 
* 3300
* 880
cfn=(3772)
calls=110 1930 
* 36183
* 660
cfn=(3778)
calls=110 662 
* 3300
* 660

fn=(3804)
193 63
+2 28
+1 28
+1 28
+1 28
+1 28
+1 28
+2 21
cfn=(3534)
calls=7 +4 
* 140
* 21
+1 21

fn=(4192)
736 35
+1 20

fn=(4194)
751 28
+1 16

fn=(4252)
781 14
+1 8

fn=(3750)
373 324
+2 81
+1 108
cob=(4)
cfi=(175)
cfn=(3680)
calls=27 0 
* 407
* 54
+1 27
+1 135

fn=(3544)
740 2416
+1 906
cfn=(3546)
calls=302 -5 
* 3322
* 2416

fn=(3546)
736 2289
+1 1308

fn=(3616)
797 768
+1 288
cfn=(3604)
calls=96 -39 
* 8928
* 768

fn=(3634) std::_Rb_tree_key_compare<std::less<int> >::_Rb_tree_key_compare(std::less<int> const&)
152 264
+2 99

fn=(3654)
809 200
+1 75
cfn=(3656) std::_Rb_tree_node_base::_S_maximum(std::_Rb_tree_node_base*)
calls=25 126 
* 545
* 200

fn=(3666)
347 1376
+1 1032

fn=(3678)
366 960
+2 480
cob=(4)
cfi=(175)
cfn=(3680)
calls=120 0 
* 1892
* 240
+1 120
+1 240

fn=(4140)
669 36
fi=(238)
88 3
fi=(239)
+75 3
fe=(297)
673 9
cfn=(4142)
calls=3 146 
* 30
* 21
cfn=(3532)
calls=3 173 
* 117
* 9
+1 9

fn=(4198)
997 22
+1 12
cfn=(4196)
calls=2 273 
* 28
* 18

fn=(3538) std::pair<std::_Rb_tree_iterator<int>, bool> std::_Rb_tree<int, int, std::_Identity<int>, std::less<int>, std::allocator<int> >::_M_insert_unique<int const&>(int const&)
2162 1236
+9 515
cfi=(268)
cfn=(3540)
calls=103 1166 
* 1133
* 824
cfn=(3542) std::_Rb_tree<int, int, std::_Identity<int>, std::less<int>, std::allocator<int> >::_M_get_insert_unique_pos(int const&)
calls=103 -63 
* 38190
* 206
+2 618
+2 515
cfn=(3562)
calls=103 525 
* 1442
* 309
+1 412
cfi=(260)
cfn=(2244)
calls=103 70 
* 1030
* 1133
cfn=(3564)
calls=103 1818 
* 67228
* 1030
cfi=(267)
cfn=(3594)
calls=103 687 
* 5253
* 309
+2 309
+4 515

fn=(3542)
2108 1339
+4 309
cfn=(3544)
calls=103 740 
* 3090
* 412
+1 309
cfn=(3548)
calls=103 751 
* 1133
* 103
+1 103
+1 295
+2 128
+1 256
cfn=(3604)
calls=64 759 
* 5952
* 512
cfi=(268)
cfn=(3612)
calls=64 407 
* 1088
* 64
+1 512
cfn=(3614)
calls=64 789 
* 704
* 256
-4 810
+6 515
cfn=(3550)
calls=103 273 
* 1442
* 309
+1 371
+2 165
cfn=(3552)
calls=55 997 
* 2200
* 495
cfn=(3554)
calls=55 315 
* 880
* 275
+1 330
cfi=(267)
cfn=(3556)
calls=55 687 
* 2805
* 330
+4 192
cfn=(3616)
calls=48 797 
* 5376
* 432
cfi=(268)
cfn=(3612)
calls=48 407 
* 816
* 240
+1 288
cfi=(267)
cfn=(3556)
calls=48 687 
* 2448
* 288
+2 618

fn=(3550)
273 3832
+1 2874

fn=(3570)
562 1208
+1 453
cfn=(3572)
calls=151 -14 
* 1510
* 755
fi=(263)
-81 906
cfi=(238)
cfn=(3574) std::__new_allocator<std::_Rb_tree_node<int> >::allocate(unsigned long, void const*)
calls=151 126 
* 19282
* 755
fe=(297)
+81 453

fn=(3572)
549 4228
+1 1812

fn=(3578)
592 1812
+4 604
cfi=(265)
cfn=(1808)
calls=151 175 
* 1661
* 453
+1 453
cfi=(260)
cfn=(2244)
calls=151 70 
* 1510
* 1057
cfn=(3580)
calls=151 234 
* 7399
* 1057
cfn=(3572)
calls=151 -48 
* 1510
* 906
fi=(263)
-59 453
cfi=(260)
cfn=(2244)
calls=151 70 
* 1510
* 1208
fi=(238)
191 604
cfi=(265)
cfn=(1808)
calls=151 -16 
* 1661
* 1057
cfi=(260)
cfn=(2244)
calls=151 70 
* 1510
* 453
fi=(263)
542 604
fe=(297)
+65 906

fn=(3580)
234 2800
+1 1400
cfi=(266)
cfn=(3582)
calls=350 72 
* 10150
* 2800

fn=(3606)
238 3440
+1 1720
cfi=(266)
cfn=(3608)
calls=430 76 
* 12470
* 3440

fn=(3628)
676 792
fi=(238)
92 33
fi=(239)
+76 33
fi=(263)
588 33
fi=(348)
98 231
fi=(238)
-6 33
fi=(239)
+76 33
+16 99
cfi=(238)
cfn=(3630)
calls=33 -80 
* 330
* 132
fe=(297)
679 33
-1 33
+1 99
cfn=(3634)
calls=33 152 
* 363
* 231
cfn=(3532)
calls=33 173 
* 1287
* 99
+1 198

fn=(3656)
126 175
+2 295
+1 25
+1 50

fn=(3670) std::_Rb_tree<int, int, std::_Identity<int>, std::less<int>, std::allocator<int> >::end() const
1009 946
+1 516
cfn=(3666)
calls=86 347 
* 1204
* 774

fn=(4214)
562 16
+1 6
cfn=(4216)
calls=2 -14 
* 20
* 10
fi=(263)
-81 12
cfi=(238)
cfn=(4218) std::__new_allocator<std::_Rb_tree_node<std::pair<int, int> > >::allocate(unsigned long, void const*)
calls=2 126 
* 200
* 10
fe=(297)
+81 6

fl=(280)
fn=(2338)
1141 351
+6 81
cfi=(279)
cfn=(2340)
calls=27 316 
* 270
* 189
cfi=(279)
cfn=(2340)
calls=27 316 
* 270
* 189
cfi=(279)
cfn=(2340)
calls=27 316 
* 270
* 243
cfn=(2342) Node* std::__relocate_a_1<Node*, Node*, std::allocator<Node> >(Node*, Node*, Node*, std::allocator<Node>&)
calls=27 -56 
* 675
* 27
+2 135
+1 135

fn=(2750) void std::__relocate_object_a<std::pair<int, int>, std::pair<int, int>, std::allocator<std::pair<int, int> > >(std::pair<int, int>*, std::pair<int, int>*, std::allocator<std::pair<int, int> >&)
1069 440
+8 120
cfi=(260)
cfn=(2752) std::remove_reference<std::pair<int, int>&>::type&& std::move<std::pair<int, int>&>(std::pair<int, int>&)
calls=40 97 
* 400
* 320
fi=(263)
538 120
cfi=(260)
cfn=(2754)
calls=40 70 
* 400
* 320
fi=(238)
191 160
cfi=(265)
cfn=(1808)
calls=40 -16 
* 440
* 280
cfi=(260)
cfn=(2754)
calls=40 70 
* 400
* 120
fi=(263)
542 160
fe=(280)
1078 120
cfi=(260)
cfn=(2748) std::pair<int, int>* std::__addressof<std::pair<int, int> >(std::pair<int, int>&)
calls=40 51 
* 400
* 400
fi=(238)
198 40
fi=(263)
562 40
fe=(280)
1079 160

fn=(2970)
1141 1066
+6 246
cfi=(279)
cfn=(2972)
calls=82 316 
* 820
* 574
cfi=(279)
cfn=(2972)
calls=82 316 
* 820
* 574
cfi=(279)
cfn=(2972)
calls=82 316 
* 820
* 738
cfn=(2974) std::enable_if<std::__is_bitwise_relocatable<int, void>::value, int*>::type std::__relocate_a_1<int, int>(int*, int*, int*, std::allocator<int>&)
calls=82 -33 
* 2200
* 82
+2 410
+1 410

fn=(3026) std::pair<int, int>* std::uninitialized_copy<__gnu_cxx::__normal_iterator<std::pair<int, int> const*, std::vector<std::pair<int, int>, std::allocator<std::pair<int, int> > > >, std::pair<int, int>*>(__gnu_cxx::__normal_iterator<std::pair<int, int> const*, std::vector<std::pair<int, int>, std::allocator<std::pair<int, int> > > >, __gnu_cxx::__normal_iterator<std::pair<int, int> const*, std::vector<std::pair<int, int>, std::allocator<std::pair<int, int> > > >, std::pair<int, int>*)
163 520
+11 52
+7 52
+4 312
cfn=(3028) std::pair<int, int>* std::__uninitialized_copy<false>::__uninit_copy<__gnu_cxx::__normal_iterator<std::pair<int, int> const*, std::vector<std::pair<int, int>, std::allocator<std::pair<int, int> > > >, std::pair<int, int>*>(__gnu_cxx::__normal_iterator<std::pair<int, int> const*, std::vector<std::pair<int, int>, std::allocator<std::pair<int, int> > > >, __gnu_cxx::__normal_iterator<std::pair<int, int> const*, std::vector<std::pair<int, int>, std::allocator<std::pair<int, int> > > >, std::pair<int, int>*)
calls=52 -50 
* 20511
* 260
+1 104

fn=(3104) int* std::uninitialized_fill_n<int*, unsigned long, int>(int*, unsigned long, int const&)
312 130
+7 13
+8 78
cfn=(3106) int* std::__uninitialized_fill_n<true>::__uninit_fill_n<int*, unsigned long, int>(int*, unsigned long, int const&)
calls=13 -35 
* 2228
* 65
+1 26

fn=(3728) std::set<int, std::less<int>, std::allocator<int> >* std::__relocate_a_1<std::set<int, std::less<int>, std::allocator<int> >*, std::set<int, std::less<int>, std::allocator<int> >*, std::allocator<std::set<int, std::less<int>, std::allocator<int> > > >(std::set<int, std::less<int>, std::allocator<int> >*, std::set<int, std::less<int>, std::allocator<int> >*, std::set<int, std::less<int>, std::allocator<int> >*, std::allocator<std::set<int, std::less<int>, std::allocator<int> > >&)
1091 216
+12 36
+1 39
+1 21
cfi=(260)
cfn=(3782) std::set<int, std::less<int>, std::allocator<int> >* std::__addressof<std::set<int, std::less<int>, std::allocator<int> > >(std::set<int, std::less<int>, std::allocator<int> >&)
calls=7 51 
* 70
* 49
cfi=(260)
cfn=(3782)
calls=7 51 
* 70
* 63
cfn=(3784) void std::__relocate_object_a<std::set<int, std::less<int>, std::allocator<int> >, std::set<int, std::less<int>, std::allocator<int> >, std::allocator<std::set<int, std::less<int>, std::allocator<int> > > >(std::set<int, std::less<int>, std::allocator<int> >*, std::set<int, std::less<int>, std::allocator<int> >*, std::allocator<std::set<int, std::less<int>, std::allocator<int> > >&)
calls=7 -36 
* 3066
-1 143
+3 18
+1 54

fn=(3784)
1069 77
+8 21
cfi=(260)
cfn=(3786) std::remove_reference<std::set<int, std::less<int>, std::allocator<int> >&>::type&& std::move<std::set<int, std::less<int>, std::allocator<int> >&>(std::set<int, std::less<int>, std::allocator<int> >&)
calls=7 97 
* 70
* 56
fi=(263)
538 21
cfi=(260)
cfn=(3788) std::set<int, std::less<int>, std::allocator<int> >&& std::forward<std::set<int, std::less<int>, std::allocator<int> > >(std::remove_reference<std::set<int, std::less<int>, std::allocator<int> > >::type&)
calls=7 70 
* 70
* 56
fi=(238)
191 28
cfi=(265)
cfn=(1808)
calls=7 -16 
* 77
* 49
cfi=(260)
cfn=(3788)
calls=7 70 
* 70
* 42
cfi=(296)
cfn=(3794) std::set<int, std::less<int>, std::allocator<int> >::set(std::set<int, std::less<int>, std::allocator<int> >&&)
calls=7 +42 
* 1267
* 7
fi=(263)
542 28
fe=(280)
1078 21
cfi=(260)
cfn=(3782)
calls=7 51 
* 70
* 70
fi=(238)
198 21
cfi=(296)
cfn=(3774)
calls=7 +85 
* 882
* 7
fi=(263)
562 28
fe=(280)
1079 28

fn=(2732) std::pair<int, int>* std::__relocate_a_1<std::pair<int, int>*, std::pair<int, int>*, std::allocator<std::pair<int, int> > >(std::pair<int, int>*, std::pair<int, int>*, std::pair<int, int>*, std::allocator<std::pair<int, int> >&)
1091 3000
+12 500
+1 370
+1 120
cfi=(260)
cfn=(2748)
calls=40 51 
* 400
* 280
cfi=(260)
cfn=(2748)
calls=40 51 
* 400
* 360
cfn=(2750)
calls=40 -36 
* 4840
-1 1700
+3 250
+1 750

fn=(3102)
465 143
+7 78
cfn=(3104)
calls=13 312 
* 2540
* 65
+1 26

fn=(3024)
366 572
+7 312
cfn=(3026)
calls=52 163 
* 21811
* 260
+1 104

fn=(4080) int* std::uninitialized_copy<__gnu_cxx::__normal_iterator<int const*, std::vector<int, std::allocator<int> > >, int*>(__gnu_cxx::__normal_iterator<int const*, std::vector<int, std::allocator<int> > >, __gnu_cxx::__normal_iterator<int const*, std::vector<int, std::allocator<int> > >, int*)
163 140
+11 14
+7 14
+4 84
cfn=(4082) int* std::__uninitialized_copy<true>::__uninit_copy<__gnu_cxx::__normal_iterator<int const*, std::vector<int, std::allocator<int> > >, int*>(__gnu_cxx::__normal_iterator<int const*, std::vector<int, std::allocator<int> > >, __gnu_cxx::__normal_iterator<int const*, std::vector<int, std::allocator<int> > >, int*)
calls=14 -40 
* 4208
* 70
+1 28

fn=(5118) Node* std::uninitialized_copy<__gnu_cxx::__normal_iterator<Node const*, std::vector<Node, std::allocator<Node> > >, Node*>(__gnu_cxx::__normal_iterator<Node const*, std::vector<Node, std::allocator<Node> > >, __gnu_cxx::__normal_iterator<Node const*, std::vector<Node, std::allocator<Node> > >, Node*)
163 10
+11 1
+7 1
+4 6
cfn=(5120) Node* std::__uninitialized_copy<false>::__uninit_copy<__gnu_cxx::__normal_iterator<Node const*, std::vector<Node, std::allocator<Node> > >, Node*>(__gnu_cxx::__normal_iterator<Node const*, std::vector<Node, std::allocator<Node> > >, __gnu_cxx::__normal_iterator<Node const*, std::vector<Node, std::allocator<Node> > >, Node*)
calls=1 -50 
* 3103
* 5
+1 2

fn=(2082) void std::__relocate_object_a<std::__cxx11::basic_string<char, std::char_traits<char>, std::allocator<char> >, std::__cxx11::basic_string<char, std::char_traits<char>, std::allocator<char> >, std::allocator<std::__cxx11::basic_string<char, std::char_traits<char>, std::allocator<char> > > >(std::__cxx11::basic_string<char, std::char_traits<char>, std::allocator<char> >*, std::__cxx11::basic_string<char, std::char_traits<char>, std::allocator<char> >*, std::allocator<std::__cxx11::basic_string<char, std::char_traits<char>, std::allocator<char> > >&)
1069 1078
+8 294
cfi=(260)
cfn=(2084) std::remove_reference<std::__cxx11::basic_string<char, std::char_traits<char>, std::allocator<char> >&>::type&& std::move<std::__cxx11::basic_string<char, std::char_traits<char>, std::allocator<char> >&>(std::__cxx11::basic_string<char, std::char_traits<char>, std::allocator<char> >&)
calls=98 97 
* 980
* 784
fi=(263)
538 294
cfi=(260)
cfn=(1788)
calls=98 70 
* 980
* 784
fi=(238)
191 392
cfi=(265)
cfn=(1808)
calls=98 -16 
* 1078
* 686
cfi=(260)
cfn=(1788)
calls=98 70 
* 980
* 588
cob=(4)
cfi=(175)
cfn=(1818)
calls=98 0 
* 3144
* 98
fi=(263)
542 392
fe=(280)
1078 294
cfi=(260)
cfn=(2080) std::__cxx11::basic_string<char, std::char_traits<char>, std::allocator<char> >* std::__addressof<std::__cxx11::basic_string<char, std::char_traits<char>, std::allocator<char> > >(std::__cxx11::basic_string<char, std::char_traits<char>, std::allocator<char> >&)
calls=98 51 
* 980
* 980
fi=(238)
198 294
cob=(4)
cfi=(175)
cfn=(1426)
calls=98 0 
* 784
* 98
fi=(263)
562 392
fe=(280)
1079 392

fn=(3968)
777 60
+2 30
cfn=(3970) std::vector<int, std::allocator<int> >* std::__uninitialized_default_n<std::vector<int, std::allocator<int> >*, unsigned long>(std::vector<int, std::allocator<int> >*, unsigned long)
calls=6 -83 
* 2682
* 42

fn=(3970)
696 54
+11 6
+5 30
cfn=(3972) std::vector<int, std::allocator<int> >* std::__uninitialized_default_n_1<false>::__uninit_default_n<std::vector<int, std::allocator<int> >*, unsigned long>(std::vector<int, std::allocator<int> >*, unsigned long)
calls=6 -75 
* 2550
* 30
+1 12

fn=(4108) std::vector<int, std::allocator<int> >* std::__relocate_a_1<std::vector<int, std::allocator<int> >*, std::vector<int, std::allocator<int> >*, std::allocator<std::vector<int, std::allocator<int> > > >(std::vector<int, std::allocator<int> >*, std::vector<int, std::allocator<int> >*, std::vector<int, std::allocator<int> >*, std::allocator<std::vector<int, std::allocator<int> > >&)
1091 168
+12 28
+1 32
+1 18
cfi=(260)
cfn=(3974) std::vector<int, std::allocator<int> >* std::__addressof<std::vector<int, std::allocator<int> > >(std::vector<int, std::allocator<int> >&)
calls=6 51 
* 60
* 42
cfi=(260)
cfn=(3974)
calls=6 51 
* 60
* 54
cfn=(4112) void std::__relocate_object_a<std::vector<int, std::allocator<int> >, std::vector<int, std::allocator<int> >, std::allocator<std::vector<int, std::allocator<int> > > >(std::vector<int, std::allocator<int> >*, std::vector<int, std::allocator<int> >*, std::allocator<std::vector<int, std::allocator<int> > >&)
calls=6 -36 
* 2562
-1 114
+3 14
+1 42

fn=(4112)
1069 66
+8 18
cfi=(260)
cfn=(4114) std::remove_reference<std::vector<int, std::allocator<int> >&>::type&& std::move<std::vector<int, std::allocator<int> >&>(std::vector<int, std::allocator<int> >&)
calls=6 97 
* 60
* 48
fi=(263)
538 18
cfi=(260)
cfn=(4116) std::vector<int, std::allocator<int> >&& std::forward<std::vector<int, std::allocator<int> > >(std::remove_reference<std::vector<int, std::allocator<int> > >::type&)
calls=6 70 
* 60
* 48
fi=(238)
191 24
cfi=(265)
cfn=(1808)
calls=6 -16 
* 66
* 42
cfi=(260)
cfn=(4116)
calls=6 70 
* 60
* 36
cfi=(276)
cfn=(4122)
calls=6 620 
* 822
* 6
fi=(263)
542 24
fe=(280)
1078 18
cfi=(260)
cfn=(3974)
calls=6 51 
* 60
* 60
fi=(238)
198 18
cfi=(276)
cfn=(3216)
calls=6 733 
* 954
* 6
fi=(263)
562 24
fe=(280)
1079 24

fn=(2076) std::__cxx11::basic_string<char, std::char_traits<char>, std::allocator<char> >* std::__relocate_a_1<std::__cxx11::basic_string<char, std::char_traits<char>, std::allocator<char> >*, std::__cxx11::basic_string<char, std::char_traits<char>, std::allocator<char> >*, std::allocator<std::__cxx11::basic_string<char, std::char_traits<char>, std::allocator<char> > > >(std::__cxx11::basic_string<char, std::char_traits<char>, std::allocator<char> >*, std::__cxx11::basic_string<char, std::char_traits<char>, std::allocator<char> >*, std::__cxx11::basic_string<char, std::char_traits<char>, std::allocator<char> >*, std::allocator<std::__cxx11::basic_string<char, std::char_traits<char>, std::allocator<char> > >&)
1091 3936
+12 656
+1 622
+1 294
cfi=(260)
cfn=(2080)
calls=98 51 
* 980
* 686
cfi=(260)
cfn=(2080)
calls=98 51 
* 980
* 882
cfn=(2082)
calls=98 -36 
* 16766
-1 2458
+3 328
+1 984

fn=(2974)
1114 902
+4 328
+1 200
+12 84
cob=(4)
cfi=(175)
cfn=(4012)
calls=12 0 
* 194
+2 328
+1 164

fn=(3030) std::pair<int, int>* std::__do_uninit_copy<__gnu_cxx::__normal_iterator<std::pair<int, int> const*, std::vector<std::pair<int, int>, std::allocator<std::pair<int, int> > > >, std::pair<int, int>*>(__gnu_cxx::__normal_iterator<std::pair<int, int> const*, std::vector<std::pair<int, int>, std::allocator<std::pair<int, int> > > >, __gnu_cxx::__normal_iterator<std::pair<int, int> const*, std::vector<std::pair<int, int>, std::allocator<std::pair<int, int> > > >, std::pair<int, int>*)
113 572
+3 104
+3 52
+1 261
cfi=(277)
cfn=(2742)
calls=87 1099 
* 957
* 609
cfi=(260)
cfn=(2748)
calls=87 -69 
* 870
* 522
cfi=(285)
cfn=(3032) void std::_Construct<std::pair<int, int>, std::pair<int, int> const&>(std::pair<int, int>*, std::pair<int, int> const&)
calls=87 -11 
* 4437
* 261
-1 261
cfi=(277)
cfn=(2744)
calls=87 1109 
* 1305
* 783
cfi=(277)
cfn=(2668)
calls=87 1241 
* 4350
* 260
cfi=(277)
cfn=(2668)
calls=52 1241 
* 2600
* 695
+2 260
+7 156

fn=(4104)
1141 182
+6 42
cfi=(279)
cfn=(4106)
calls=14 316 
* 140
* 98
cfi=(279)
cfn=(4106)
calls=14 316 
* 140
* 98
cfi=(279)
cfn=(4106)
calls=14 316 
* 140
* 126
cfn=(4108)
calls=14 -56 
* 3194
* 14
+2 70
+1 70

fn=(4156) std::vector<int, std::allocator<int> >* std::uninitialized_fill_n<std::vector<int, std::allocator<int> >*, unsigned long, std::vector<int, std::allocator<int> > >(std::vector<int, std::allocator<int> >*, unsigned long, std::vector<int, std::allocator<int> > const&)
312 30
+7 3
+8 18
cfn=(4158) std::vector<int, std::allocator<int> >* std::__uninitialized_fill_n<false>::__uninit_fill_n<std::vector<int, std::allocator<int> >*, unsigned long, std::vector<int, std::allocator<int> > >(std::vector<int, std::allocator<int> >*, unsigned long, std::vector<int, std::allocator<int> > const&)
calls=3 -45 
* 5606
* 15
+1 6

fn=(5122) Node* std::__do_uninit_copy<__gnu_cxx::__normal_iterator<Node const*, std::vector<Node, std::allocator<Node> > >, Node*>(__gnu_cxx::__normal_iterator<Node const*, std::vector<Node, std::allocator<Node> > >, __gnu_cxx::__normal_iterator<Node const*, std::vector<Node, std::allocator<Node> > >, Node*)
113 11
+3 2
+3 1
+1 9
cfi=(277)
cfn=(2656)
calls=3 1099 
* 33
* 21
cfi=(260)
cfn=(3180) Node* std::__addressof<Node>(Node&)
calls=3 -69 
* 30
* 18
cfi=(285)
cfn=(5124) void std::_Construct<Node, Node const&>(Node*, Node const&)
calls=3 -11 
* 2631
* 9
-1 9
cfi=(277)
cfn=(2672)
calls=3 1109 
* 45
* 27
cfi=(277)
cfn=(2652)
calls=3 1241 
* 150
* 5
cfi=(277)
cfn=(2652)
calls=1 1241 
* 50
* 20
+2 6
+7 3

fn=(2728)
1141 3250
+6 750
cfi=(279)
cfn=(2730)
calls=250 316 
* 2500
* 1750
cfi=(279)
cfn=(2730)
calls=250 316 
* 2500
* 1750
cfi=(279)
cfn=(2730)
calls=250 316 
* 2500
* 2250
cfn=(2732)
calls=250 -56 
* 12970
* 250
+2 1250
+1 1250

fn=(3106)
292 130
+2 78
cfi=(279)
cfn=(3088)
calls=13 1152 
* 1929
* 91

fn=(4082)
145 140
+2 84
cfi=(279)
cfn=(4084)
calls=14 624 
* 3886
* 98

fn=(5120)
135 10
+2 6
cfn=(5122)
calls=1 -24 
* 3080
* 7

fn=(2072)
1141 4264
+6 984
cfi=(279)
cfn=(2074)
calls=328 316 
* 3280
* 2296
cfi=(279)
cfn=(2074)
calls=328 316 
* 3280
* 2296
cfi=(279)
cfn=(2074)
calls=328 316 
* 3280
* 2952
cfn=(2076)
calls=328 -56 
* 29572
* 328
+2 1640
+1 1640

fn=(2342)
1091 324
+12 54
+1 189
+3 27
+1 81

fn=(3028)
135 520
+2 312
cfn=(3030)
calls=52 -24 
* 19315
* 364

fn=(3724)
1141 234
+6 54
cfi=(279)
cfn=(3726)
calls=18 316 
* 180
* 126
cfi=(279)
cfn=(3726)
calls=18 316 
* 180
* 126
cfi=(279)
cfn=(3726)
calls=18 316 
* 180
* 162
cfn=(3728)
calls=18 -56 
* 3845
* 18
+2 90
+1 90

fn=(4078)
366 154
+7 84
cfn=(4080)
calls=14 163 
* 4558
* 70
+1 28

fn=(5116)
366 11
+7 6
cfn=(5118)
calls=1 163 
* 3128
* 5
+1 2

fn=(3078)
777 50
+2 25
cfn=(3080) int* std::__uninitialized_default_n<int*, unsigned long>(int*, unsigned long)
calls=5 -83 
* 1230
* 35

fn=(3080)
696 45
+11 5
+5 25
cfn=(3082) int* std::__uninitialized_default_n_1<true>::__uninit_default_n<int*, unsigned long>(int*, unsigned long)
calls=5 -52 
* 1120
* 25
+1 10

fn=(3082)
660 45
+2 25
+3 15
cfi=(260)
cfn=(3084) int* std::__addressof<int>(int&)
calls=5 51 
* 50
* 20
+1 15
cfi=(285)
cfn=(3086) void std::_Construct<int>(int*)
calls=5 109 
* 150
* 15
+1 5
+1 35
cfi=(279)
cfn=(3088)
calls=5 1152 
* 705
* 5
+2 25
+1 10

fn=(3972)
637 54
+2 12
+3 60
+1 54
cfi=(260)
cfn=(3974)
calls=18 51 
* 180
* 90
cfi=(285)
cfn=(3976) void std::_Construct<std::vector<int, std::allocator<int> >>(std::vector<int, std::allocator<int> >*)
calls=18 109 
* 1980
-1 102
+2 6
+7 12

fn=(4154)
465 33
+7 18
cfn=(4156)
calls=3 312 
* 5678
* 15
+1 6

fn=(4158)
282 30
+2 18
cfn=(4160) std::vector<int, std::allocator<int> >* std::__do_uninit_fill_n<std::vector<int, std::allocator<int> >*, unsigned long, std::vector<int, std::allocator<int> > >(std::vector<int, std::allocator<int> >*, unsigned long, std::vector<int, std::allocator<int> > const&)
calls=3 -23 
* 5537
* 21

fn=(4160)
261 33
+2 6
+3 24
+1 21
cfi=(260)
cfn=(3974)
calls=7 51 
* 70
* 56
cfi=(285)
cfn=(4162) void std::_Construct<std::vector<int, std::allocator<int> >, std::vector<int, std::allocator<int> > const&>(std::vector<int, std::allocator<int> >*, std::vector<int, std::allocator<int> > const&)
calls=7 109 
* 5257
-1 55
+2 6
+7 9

fl=(284) /usr/include/c++/13/bits/charconv.h
fn=(2520) void std::__detail::__to_chars_10_impl<unsigned int>(char*, unsigned int, unsigned int)
81 650
+6 2600
+6 150
+1 150
+8 100
+7 250
+1 300

fn=(3830) void std::__detail::__to_chars_10_impl<unsigned long>(char*, unsigned int, unsigned long)
81 52
+6 208
+6 12
+1 12
+8 8
+7 20
+1 24

fn=(2506) unsigned int std::__detail::__to_chars_len<unsigned int>(unsigned int, int)
55 400
+6 50
+1 150
+1 200
+1 200
+3 400
+7 100

fn=(3826) unsigned int std::__detail::__to_chars_len<unsigned long>(unsigned long, int)
55 32
+6 4
+1 12
+1 16
+1 16
+3 36
+7 8

fl=(287)
fn=(3262)
5 66
cfn=(3263) MST_algo::~MST_algo()'2
calls=6 * 
* 198
* 42
cob=(4)
cfi=(175)
cfn=(2092)
calls=6 -5 
* 696
* 30

fn=(3263)
5 84
cfi=(288)
cfn=(3264)
calls=6 +12 
* 78
* 36

fn=(2784)
5 66
cfi=(288)
cfn=(2786)
calls=6 * 
* 78
* 54

fl=(215)
fn=(5436)
114 4
cfi=(211)
cfn=(5302)
calls=1 0 
* 24
* 2

fn=(1320)
114 6
cfi=(211)
cfn=(1316)
calls=1 0 
* 23
* 2

fl=(229) /usr/include/c++/13/bits/char_traits.h
fn=(1372) std::char_traits<char>::length(char const*)
393 4936
+3 617
cfi=(230)
cfn=(1374)
calls=617 541 
* 5553
* 3085
+3 1851
cob=(4)
cfi=(175)
cfn=(1376)
calls=617 0 
* 10263
* 2468
+1 1234

fn=(1904) std::char_traits<char>::compare(char const*, char const*, unsigned long)
374 1650
+2 330
+3 165
cfi=(230)
cfn=(1374)
calls=165 541 
* 1485
* 825
+10 990
cob=(4)
cfi=(175)
cfn=(1906)
calls=165 0 
* 3602
* 165
+1 330

fl=(238)
fn=(3206)
156 250
+16 150
cob=(4)
cfi=(175)
cfn=(2092)
calls=25 0 
* 2501
* 75
+1 50

fn=(4260)
156 20
+16 20
cob=(4)
cfi=(175)
cfn=(2092)
calls=2 0 
* 190
* 6
+1 4

fn=(5090)
156 60
+16 42
cob=(4)
cfi=(175)
cfn=(2092)
calls=6 0 
* 696
* 18
+1 12

fn=(5260)
104 10

fn=(2896)
126 300
233 25
-99 175
+17 100
cob=(4)
cfi=(175)
cfn=(1802)
calls=25 0 
* 2070
* 125
+1 75

fn=(3020)
104 1990

fn=(3368)
104 120

fn=(3630)
104 1430

fn=(3806)
156 90
+16 90
cob=(4)
cfi=(175)
cfn=(2092)
calls=9 0 
* 855
* 27
+1 18

fn=(3764)
156 1510
+16 1510
cob=(4)
cfi=(175)
cfn=(2092)
calls=151 0 
* 15408
* 453
+1 302

fn=(1430)
104 3700

fn=(1800)
126 60
233 5
-99 35
+17 35
cob=(4)
cfi=(175)
cfn=(1802)
calls=5 0 
* 1050
* 25
+1 15

fn=(2760)
156 1770
+16 1062
cob=(4)
cfi=(175)
cfn=(2092)
calls=177 0 
* 17592
* 531
+1 354

fn=(3190)
156 280
+16 196
cob=(4)
cfi=(175)
cfn=(2092)
calls=28 0 
* 2660
* 84
+1 56

fn=(3432)
156 60
+16 36
cob=(4)
cfi=(175)
cfn=(2092)
calls=6 0 
* 570
* 18
+1 12

fn=(3574)
126 1812
233 151
-99 1057
+17 1057
cob=(4)
cfi=(175)
cfn=(1802)
calls=151 0 
* 13997
* 755
+1 453

fn=(2090)
156 1640
+16 1148
cob=(4)
cfi=(175)
cfn=(2092)
calls=164 0 
* 17098
* 492
+1 328

fn=(3066)
104 1320

fn=(5208)
156 50
+16 30
cob=(4)
cfi=(175)
cfn=(2092)
calls=5 0 
* 494
* 15
+1 10

fn=(3226)
156 720
+16 432
cob=(4)
cfi=(175)
cfn=(2092)
calls=72 0 
* 7231
* 216
+1 144

fn=(3710)
126 108
233 9
-99 63
+17 63
cob=(4)
cfi=(175)
cfn=(1802)
calls=9 0 
* 1017
* 45
+1 27

fn=(4266)
104 30

fn=(1850)
104 100

fn=(2050)
126 1968
233 164
-99 1148
+17 656
cob=(4)
cfi=(175)
cfn=(1802)
calls=164 0 
* 10947
* 820
+1 492

fn=(2886)
104 500

fn=(1908)
104 1160

fn=(4132)
156 160
+16 160
cob=(4)
cfi=(175)
cfn=(2092)
calls=16 0 
* 1560
* 48
+1 32

fn=(4218)
126 24
233 2
-99 14
+17 14
cob=(4)
cfi=(175)
cfn=(1802)
calls=2 0 
* 130
* 10
+1 6

fn=(5072)
156 20
+16 20
cob=(4)
cfi=(175)
cfn=(2092)
calls=2 0 
* 211
* 6
+1 4

fn=(5238)
104 30

fn=(2214)
126 72
233 6
-99 42
+17 24
cob=(4)
cfi=(175)
cfn=(1802)
calls=6 0 
* 825
* 30
+1 18

fn=(2422)
126 24
233 2
-99 14
+17 14
cob=(4)
cfi=(175)
cfn=(1802)
calls=2 0 
* 275
* 10
+1 6

fn=(2714)
126 2124
233 177
-99 1239
+17 708
cob=(4)
cfi=(175)
cfn=(1802)
calls=177 0 
* 13324
* 885
+1 531

fn=(2958)
126 864
233 72
-99 504
+17 288
cob=(4)
cfi=(175)
cfn=(1802)
calls=72 0 
* 6059
* 360
+1 216

fn=(3196)
104 290

fn=(3364)
126 72
233 6
-99 42
+17 24
cob=(4)
cfi=(175)
cfn=(1802)
calls=6 0 
* 390
* 30
+1 18

fn=(3854)
104 40

fn=(3960)
126 192
233 16
-99 112
+17 112
cob=(4)
cfi=(175)
cfn=(1802)
calls=16 0 
* 1620
* 80
+1 48

fn=(1708)
104 20

fn=(1844)
126 60
233 5
-99 35
+17 20
cob=(4)
cfi=(175)
cfn=(1802)
calls=5 0 
* 1050
* 25
+1 15

fn=(2330)
126 336
233 28
-99 196
+17 112
cob=(4)
cfi=(175)
cfn=(1802)
calls=28 0 
* 1962
* 140
+1 84

fn=(2916)
104 250

fn=(3946)
104 300

fn=(5196)
156 50
+16 50
cob=(4)
cfi=(175)
cfn=(2092)
calls=5 0 
* 475
* 15
+1 10

fl=(292)
fn=(3268)
7 77
cfi=(288)
cfn=(2786)
calls=7 -2 
* 91
* 63

fn=(3446)
7 77
cfn=(3447) EulerCircuit_algo::~EulerCircuit_algo()'2
calls=7 * 
* 231
* 49
cob=(4)
cfi=(175)
cfn=(2092)
calls=7 -7 
* 686
* 35

fn=(3447)
7 98
cfi=(288)
cfn=(3264)
calls=7 +10 
* 91
* 42

fl=(296)
fn=(3536)
511 1236
+3 515
cfi=(297)
cfn=(3538)
calls=103 2162 
* 122207
* 515
+1 721
cfi=(267)
cfn=(3598)
calls=103 687 
* 7416
* 515
+1 515

fn=(3668)
355 688
+1 258
cfi=(297)
cfn=(3670)
calls=86 1009 
* 3440
* 688

fn=(3794)
233 98
cfi=(297)
cfn=(3796)
calls=7 956 
* 1127
* 42

fn=(3524)
169 770
cfi=(297)
cfn=(3526)
calls=70 930 
* 6720
* 420

fn=(3620)
416 400
+1 150
cfi=(297)
cfn=(3622)
calls=50 1029 
* 650
* 400

fn=(3732)
686 522
+1 290
cfi=(297)
cfn=(3734)
calls=58 2516 
* 82681
* 406

fn=(3662)
346 688
+1 258
cfi=(297)
cfn=(3664)
calls=86 1001 
* 3440
* 688

fn=(3774)
283 1210
cfi=(297)
cfn=(3776)
calls=110 985 
* 46193
* 660

fn=(4136)
169 33
cfi=(297)
cfn=(4138)
calls=3 930 
* 288
* 18

fn=(4182)
520 26
+3 8
cfi=(260)
cfn=(2752)
calls=2 97 
* 20
* 12
cfi=(297)
cfn=(4184)
calls=2 2162 
* 1910
* 10
+1 14
cfi=(267)
cfn=(4238)
calls=2 687 
* 144
* 10
+1 12

fn=(3624)
225 462
cfi=(297)
cfn=(3626)
calls=33 937 
* 42622
* 198

fn=(3812)
421 184
+1 69
cfi=(297)
cfn=(3744)
calls=23 1033 
* 253
* 184

fn=(4244)
283 33
cfi=(297)
cfn=(4246)
calls=3 985 
* 1041
* 18

fl=(221)
fn=(2780)
10 350
+2 75
cob=(4)
cfi=(175)
cfn=(2586)
calls=25 -12 
* 150
* 125
+6 125
cfi=(228)
cfn=(1972)
calls=25 3727 
* 2794
* 146
+2 21
cfi=(282)
cfn=(3266)
calls=7 1069 
* 2713
* 56
cfi=(282)
cfn=(3296)
calls=7 380 
* 4718
* 42
cfi=(282)
cfn=(3330)
calls=7 398 
* 784
* 21
+27 7
-24 90
cfi=(228)
cfn=(1972)
calls=18 3727 
* 2100
* 108
+2 18
cfi=(282)
cfn=(2782)
calls=6 1069 
* 2302
* 48
cfi=(282)
cfn=(2814)
calls=6 380 
* 4044
* 36
cfi=(282)
cfn=(2852)
calls=6 398 
* 672
* 18
+22 6
-19 60
cfi=(228)
cfn=(1972)
calls=12 3727 
* 1778
* 69
+2 9
cfi=(282)
cfn=(3872)
calls=3 1069 
* 1080
* 24
cfi=(282)
cfn=(3902)
calls=3 380 
* 2022
* 18
cfi=(282)
cfn=(3936)
calls=3 398 
* 336
* 9
+17 3
-14 45
cfi=(228)
cfn=(1972)
calls=9 3727 
* 1234
* 60
+2 15
cfi=(282)
cfn=(4292)
calls=5 1069 
* 1800
* 40
cfi=(282)
cfn=(4322)
calls=5 380 
* 3370
* 30
cfi=(282)
cfn=(4356)
calls=5 398 
* 560
* 15
+12 5
-9 20
cfi=(228)
cfn=(1972)
calls=4 3727 
* 712
* 32
+2 12
cfi=(282)
cfn=(3448)
calls=4 1069 
* 1440
* 32
cfi=(282)
cfn=(3478)
calls=4 380 
* 2696
* 24
cfi=(282)
cfn=(3512)
calls=4 398 
* 448
* 12
+7 229

fn=(1332)
47 6
cfi=(211)
cfn=(1316)
calls=1 -47 
* 23
* 2

fn=(5300)
47 4
cfi=(211)
cfn=(5302)
calls=1 -47 
* 4397892
* 2

fl=(283)
fn=(2688)
42 1250
+3 875
cfi=(278)
cfn=(2690) std::pair<int, int>& std::vector<std::pair<int, int>, std::allocator<std::pair<int, int> > >::emplace_back<int&, int&>(int&, int&)
calls=125 +66 
* 197920
* 375
+1 375

fn=(2684)
17 621
+2 138
+2 192
cfi=(276)
cfn=(2746)
calls=32 1145 
* 480
* 256
-2 160
cfi=(276)
cfn=(2686)
calls=32 992 
* 512
* 276
cfi=(276)
cfn=(2686)
calls=69 992 
* 1104
* 707
+7 276
+1 207

fn=(5140)
36 21
+2 6
+1 6

fn=(2352) Node::Node(int)
14 1520
cfi=(276)
cfn=(2354)
calls=95 531 
* 6935
* 570

fn=(2658)
49 9786
+2 2796
+1 2796

fn=(2660)
30 2555
+2 730
+1 730

fl=(277)
fn=(2368)
1157 1140
+1 1140
cfn=(2366)
calls=95 -82 
* 1425
* 855

fn=(2648)
1076 5360
+1 4690

fn=(2656)
1099 6783
+1 3876

fn=(2670) __gnu_cxx::__normal_iterator<std::pair<int, int> const*, std::vector<std::pair<int, int>, std::allocator<std::pair<int, int> > > >::base() const
1162 8890
+1 3810

fn=(2738)
1157 1500
+1 1500
cfn=(2694)
calls=125 -82 
* 1875
* 1125

fn=(3036)
1241 1230
+3 369
cfn=(2710) __gnu_cxx::__normal_iterator<std::pair<int, int>*, std::vector<std::pair<int, int>, std::allocator<std::pair<int, int> > > >::base() const
calls=123 -82 
* 1230
* 861
cfn=(2710)
calls=123 -82 
* 1230
* 1230

fn=(4010)
1099 140
+1 80

fn=(4014)
1109 140
+2 100
+1 20
+1 40

fn=(4064) __gnu_cxx::__normal_iterator<std::vector<int, std::allocator<int> >*, std::vector<std::vector<int, std::allocator<int> >, std::allocator<std::vector<int, std::allocator<int> > > > >::difference_type __gnu_cxx::operator-<std::vector<int, std::allocator<int> >*, std::vector<std::vector<int, std::allocator<int> >, std::allocator<std::vector<int, std::allocator<int> > > > >(__gnu_cxx::__normal_iterator<std::vector<int, std::allocator<int> >*, std::vector<std::vector<int, std::allocator<int> >, std::allocator<std::vector<int, std::allocator<int> > > > > const&, __gnu_cxx::__normal_iterator<std::vector<int, std::allocator<int> >*, std::vector<std::vector<int, std::allocator<int> >, std::allocator<std::vector<int, std::allocator<int> > > > > const&)
1334 70
+3 21
cfn=(4066) __gnu_cxx::__normal_iterator<std::vector<int, std::allocator<int> >*, std::vector<std::vector<int, std::allocator<int> >, std::allocator<std::vector<int, std::allocator<int> > > > >::base() const
calls=7 1162 
* 70
* 49
cfn=(4066)
calls=7 1162 
* 70
* 98

fn=(5168) std::reverse_iterator<__gnu_cxx::__normal_iterator<int*, std::vector<int, std::allocator<int> > > >::base() const
248 70
+2 40

fn=(2044) __gnu_cxx::__normal_iterator<std::__cxx11::basic_string<char, std::char_traits<char>, std::allocator<char> >*, std::vector<std::__cxx11::basic_string<char, std::char_traits<char>, std::allocator<char> >, std::allocator<std::__cxx11::basic_string<char, std::char_traits<char>, std::allocator<char> > > > >::difference_type __gnu_cxx::operator-<std::__cxx11::basic_string<char, std::char_traits<char>, std::allocator<char> >*, std::vector<std::__cxx11::basic_string<char, std::char_traits<char>, std::allocator<char> >, std::allocator<std::__cxx11::basic_string<char, std::char_traits<char>, std::allocator<char> > > > >(__gnu_cxx::__normal_iterator<std::__cxx11::basic_string<char, std::char_traits<char>, std::allocator<char> >*, std::vector<std::__cxx11::basic_string<char, std::char_traits<char>, std::allocator<char> >, std::allocator<std::__cxx11::basic_string<char, std::char_traits<char>, std::allocator<char> > > > > const&, __gnu_cxx::__normal_iterator<std::__cxx11::basic_string<char, std::char_traits<char>, std::allocator<char> >*, std::vector<std::__cxx11::basic_string<char, std::char_traits<char>, std::allocator<char> >, std::allocator<std::__cxx11::basic_string<char, std::char_traits<char>, std::allocator<char> > > > > const&)
1334 1640
+3 492
cfn=(2046) __gnu_cxx::__normal_iterator<std::__cxx11::basic_string<char, std::char_traits<char>, std::allocator<char> >*, std::vector<std::__cxx11::basic_string<char, std::char_traits<char>, std::allocator<char> >, std::allocator<std::__cxx11::basic_string<char, std::char_traits<char>, std::allocator<char> > > > >::base() const
calls=164 1162 
* 1640
* 1148
cfn=(2046)
calls=164 1162 
* 1640
* 2132

fn=(2744)
1109 2128
+2 1520
+1 304
+1 608

fn=(2980)
1157 336
+1 336
cfn=(2936)
calls=28 -82 
* 420
* 252

fn=(3004)
1225 280
+3 84
cfn=(3006) __gnu_cxx::__normal_iterator<int const*, std::vector<int, std::allocator<int> > >::base() const
calls=28 -66 
* 280
* 196
cfn=(3006)
calls=28 -66 
* 280
* 280

fn=(4052)
1076 112
+1 98

fn=(5142)
1104 21
+1 12

fn=(5152)
1147 72
+1 66
cfn=(2694)
calls=6 -72 
* 90
* 54

fn=(4044)
1109 210
+2 150
+1 30
+1 60

fn=(4046)
1241 440
+3 132
cfn=(2954) __gnu_cxx::__normal_iterator<int*, std::vector<int, std::allocator<int> > >::base() const
calls=44 -82 
* 440
* 308
cfn=(2954)
calls=44 -82 
* 440
* 440

fn=(4066)
1162 196
+1 84

fn=(5172) std::reverse_iterator<__gnu_cxx::__normal_iterator<int*, std::vector<int, std::allocator<int> > > >::operator++(int)
308 40
+2 20
cfn=(5174) std::reverse_iterator<__gnu_cxx::__normal_iterator<int*, std::vector<int, std::allocator<int> > > >::reverse_iterator(std::reverse_iterator<__gnu_cxx::__normal_iterator<int*, std::vector<int, std::allocator<int> > > > const&)
calls=4 204 
* 60
* 12
+1 12
cfn=(4036)
calls=4 1123 
* 60
+1 16
+1 12

fn=(2126) __gnu_cxx::__normal_iterator<std::__cxx11::basic_string<char, std::char_traits<char>, std::allocator<char> > const*, std::vector<std::__cxx11::basic_string<char, std::char_traits<char>, std::allocator<char> >, std::allocator<std::__cxx11::basic_string<char, std::char_traits<char>, std::allocator<char> > > > >::base() const
1162 1610
+1 690

fn=(2366)
1076 2720
+1 2380

fn=(2598)
1241 6510
+3 1953
cfn=(2600) __gnu_cxx::__normal_iterator<char*, std::__cxx11::basic_string<char, std::char_traits<char>, std::allocator<char> > >::base() const
calls=651 -82 
* 6510
* 4557
cfn=(2600)
calls=651 -82 
* 6510
* 6510

fn=(2672)
1109 5691
+2 4065
+1 813
+1 1626

fn=(2694)
1076 4928
+1 4312

fn=(2710)
1162 5243
+1 2247

fn=(2952) __gnu_cxx::__normal_iterator<int*, std::vector<int, std::allocator<int> > >::difference_type __gnu_cxx::operator-<int*, std::vector<int, std::allocator<int> > >(__gnu_cxx::__normal_iterator<int*, std::vector<int, std::allocator<int> > > const&, __gnu_cxx::__normal_iterator<int*, std::vector<int, std::allocator<int> > > const&)
1334 410
+3 123
cfn=(2954)
calls=41 1162 
* 410
* 287
cfn=(2954)
calls=41 1162 
* 410
* 533

fn=(3000)
1076 1248
+1 1092

fn=(4034)
1225 80
+3 24
cfn=(2954)
calls=8 -66 
* 80
* 56
cfn=(2954)
calls=8 -66 
* 80
* 80

fn=(2600)
1162 9114
+1 3906

fn=(2652)
1241 11480
+3 3444
cfn=(2654) __gnu_cxx::__normal_iterator<Node const*, std::vector<Node, std::allocator<Node> > >::base() const
calls=1148 -82 
* 11480
* 8036
cfn=(2654)
calls=1148 -82 
* 11480
* 11480

fn=(2664)
1076 5296
+1 4634

fn=(2678)
1241 3350
+3 1005
cfn=(2680) __gnu_cxx::__normal_iterator<Node*, std::vector<Node, std::allocator<Node> > >::base() const
calls=335 -82 
* 3350
* 2345
cfn=(2680)
calls=335 -82 
* 3350
* 3350

fn=(2680)
1162 4690
+1 2010

fn=(2936)
1076 1480
+1 1295

fn=(3704) __gnu_cxx::__normal_iterator<std::set<int, std::less<int>, std::allocator<int> >*, std::vector<std::set<int, std::less<int>, std::allocator<int> >, std::allocator<std::set<int, std::less<int>, std::allocator<int> > > > >::difference_type __gnu_cxx::operator-<std::set<int, std::less<int>, std::allocator<int> >*, std::vector<std::set<int, std::less<int>, std::allocator<int> >, std::allocator<std::set<int, std::less<int>, std::allocator<int> > > > >(__gnu_cxx::__normal_iterator<std::set<int, std::less<int>, std::allocator<int> >*, std::vector<std::set<int, std::less<int>, std::allocator<int> >, std::allocator<std::set<int, std::less<int>, std::allocator<int> > > > > const&, __gnu_cxx::__normal_iterator<std::set<int, std::less<int>, std::allocator<int> >*, std::vector<std::set<int, std::less<int>, std::allocator<int> >, std::allocator<std::set<int, std::less<int>, std::allocator<int> > > > > const&)
1334 90
+3 27
cfn=(3706) __gnu_cxx::__normal_iterator<std::set<int, std::less<int>, std::allocator<int> >*, std::vector<std::set<int, std::less<int>, std::allocator<int> >, std::allocator<std::set<int, std::less<int>, std::allocator<int> > > > >::base() const
calls=9 1162 
* 90
* 63
cfn=(3706)
calls=9 1162 
* 90
* 126

fn=(5144)
1083 27
+11 9
cfn=(2710)
calls=3 +68 
* 30
* 27

fn=(5150)
1334 30
+3 9
cfn=(2670)
calls=3 1162 
* 30
* 21
cfn=(2670)
calls=3 1162 
* 30
* 39

fn=(2120)
1076 1840
+1 1610

fn=(2370)
1099 2527
+1 1444

fn=(2668)
1241 6290
+3 1887
cfn=(2670)
calls=629 -82 
* 6290
* 4403
cfn=(2670)
calls=629 -82 
* 6290
* 6290

fn=(2742)
1099 2639
+1 1508

fn=(2954)
1162 1960
+1 840

fn=(3006)
1162 1372
+1 588

fn=(3688)
1076 144
+1 126

fn=(5134)
1225 30
+3 9
cfn=(2670)
calls=3 -66 
* 30
* 21
cfn=(2670)
calls=3 -66 
* 30
* 30

fn=(5160)
195 48
+2 18
+1 18

fn=(2046)
1162 4592
+1 1968

fn=(2602)
1099 4760
+1 2720

fn=(2604)
1109 3808
+2 2720
+1 544
+1 1088

fn=(2982)
1099 462
+1 264

fn=(3046)
1109 476
+2 340
+1 68
+1 136

fn=(3706)
1162 252
+1 108

fn=(4008)
1241 560
+3 168
cfn=(3006)
calls=56 -82 
* 560
* 392
cfn=(3006)
calls=56 -82 
* 560
* 560

fn=(5170) std::reverse_iterator<__gnu_cxx::__normal_iterator<int*, std::vector<int, std::allocator<int> > > >::operator*() const
264 44
+2 12
+1 12
cfn=(4036)
calls=4 1123 
* 60
* 20
cfn=(2982)
calls=4 1099 
* 44
* 24
+1 20

fn=(2024)
1076 2624
+1 2296

fn=(2124)
1225 1150
+3 345
cfn=(2126)
calls=115 -66 
* 1150
* 805
cfn=(2126)
calls=115 -66 
* 1150
* 1150

fn=(2682)
1109 1820
+2 1300
+1 260
+1 520

fn=(2708) __gnu_cxx::__normal_iterator<std::pair<int, int>*, std::vector<std::pair<int, int>, std::allocator<std::pair<int, int> > > >::difference_type __gnu_cxx::operator-<std::pair<int, int>*, std::vector<std::pair<int, int>, std::allocator<std::pair<int, int> > > >(__gnu_cxx::__normal_iterator<std::pair<int, int>*, std::vector<std::pair<int, int>, std::allocator<std::pair<int, int> > > > const&, __gnu_cxx::__normal_iterator<std::pair<int, int>*, std::vector<std::pair<int, int>, std::allocator<std::pair<int, int> > > > const&)
1334 1250
+3 375
cfn=(2710)
calls=125 1162 
* 1250
* 875
cfn=(2710)
calls=125 1162 
* 1250
* 1625

fn=(4036)
1123 98
+2 70
+1 14
+1 28

fn=(4090)
1357 224
+2 84
cfn=(3006)
calls=28 1162 
* 280
* 168

fn=(5166) bool std::operator==<__gnu_cxx::__normal_iterator<int*, std::vector<int, std::allocator<int> > > >(std::reverse_iterator<__gnu_cxx::__normal_iterator<int*, std::vector<int, std::allocator<int> > > > const&, std::reverse_iterator<__gnu_cxx::__normal_iterator<int*, std::vector<int, std::allocator<int> > > > const&)
448 60
+2 15
cfn=(5168)
calls=5 248 
* 55
* 35
cfn=(5168)
calls=5 248 
* 55
* 45
cfn=(4034)
calls=5 1225 
* 250
* 55

fn=(5174)
204 32
+2 16
+1 12

fn=(2654)
1162 16072
+1 6888

fn=(2740)
1099 1449
+1 828

fn=(4038)
1258 60
+3 18
cfn=(2954)
calls=6 -99 
* 60
* 42
cfn=(2954)
calls=6 -99 
* 60
* 60

fn=(5164) bool std::operator!=<__gnu_cxx::__normal_iterator<int*, std::vector<int, std::allocator<int> > > >(std::reverse_iterator<__gnu_cxx::__normal_iterator<int*, std::vector<int, std::allocator<int> > > > const&, std::reverse_iterator<__gnu_cxx::__normal_iterator<int*, std::vector<int, std::allocator<int> > > > const&)
462 45
+2 25
cfn=(5166)
calls=5 -16 
* 570
* 30

fl=(228)
fn=(1972)
3727 3010
+3 903
cob=(4)
cfi=(175)
cfn=(1890)
calls=301 0 
* 1505
* 2107
cfi=(229)
cfn=(1372)
calls=301 393 
* 14448
* 903
+1 1310
cob=(4)
cfi=(175)
cfn=(1890)
calls=118 0 
* 590
* 826
cob=(4)
cfi=(175)
cfn=(1772)
calls=118 0 
* 590
* 1062
cfi=(229)
cfn=(1904)
calls=118 374 
* 6815
* 1741
+1 630
-1 91
+1 273

fn=(2522)
3688 1000
+2 500
cob=(4)
cfi=(175)
cfn=(2524)
calls=100 0 
* 20267
* 500
cfi=(260)
cfn=(2084)
calls=100 97 
* 1000
* 800
cob=(4)
cfi=(175)
cfn=(1818)
calls=100 0 
* 2134
* 600

fn=(3832)
3674 40
+2 20
cob=(4)
cfi=(175)
cfn=(3834)
calls=4 0 
* 1044
* 20
cfi=(260)
cfn=(2084)
calls=4 97 
* 40
* 32
cob=(4)
cfi=(175)
cfn=(1818)
calls=4 0 
* 76
* 24

fn=(3860)
3644 30
+2 15
cob=(4)
cfi=(175)
cfn=(3862)
calls=3 0 
* 1011
* 15
cfi=(260)
cfn=(2084)
calls=3 97 
* 30
* 24
cob=(4)
cfi=(175)
cfn=(1818)
calls=3 0 
* 57
* 18

fn=(1404)
4121 273
cob=(4)
cfi=(175)
cfn=(1406)
calls=21 0 
* 105
* 273
cfi=(234)
cfn=(1410)
calls=21 56 
* 5730
* 21
+1 147

fn=(2508) std::__cxx11::basic_string<char, std::char_traits<char>, std::allocator<char> >::basic_string<std::allocator<char> >(unsigned long, char, std::allocator<char> const&)
664 702
+1 216
cob=(4)
cfi=(175)
cfn=(1364)
calls=54 0 
* 270
* 486
cob=(4)
cfi=(175)
cfn=(1368)
calls=54 0 
* 270
* 162
+1 324
cob=(4)
cfi=(175)
cfn=(2510)
calls=54 0 
* 1620
* 378

fn=(1888)
3710 1848
+4 504
cob=(4)
cfi=(175)
cfn=(1890)
calls=168 0 
* 840
* 1176
cob=(4)
cfi=(175)
cfn=(1890)
calls=168 0 
* 840
* 504
+1 618
cob=(4)
cfi=(175)
cfn=(1890)
calls=47 0 
* 235
* 329
cob=(4)
cfi=(175)
cfn=(1772)
calls=47 0 
* 235
* 329
cob=(4)
cfi=(175)
cfn=(1772)
calls=47 0 
* 235
* 329
cfi=(229)
cfn=(1904)
calls=47 374 
* 2727
* 934
+1 685
-1 31
+1 155

fn=(1766)
4407 50
+1 15
cob=(4)
cfi=(175)
cfn=(1768)
calls=5 0 
* 25
* 35
cob=(4)
cfi=(175)
cfn=(1772)
calls=5 0 
* 25
* 45
cfi=(262)
cfn=(1776) std::_Hash_impl::hash(void const*, unsigned long, unsigned long)
calls=5 204 
* 401
* 45

fn=(2538)
3651 242
+5 22
+2 22
+3 110
+3 66
cob=(4)
cfi=(175)
cfn=(1890)
calls=22 0 
* 110
* 154
cob=(4)
cfi=(175)
cfn=(1890)
calls=22 0 
* 110
* 110
+1 66
cob=(4)
cfi=(175)
cfn=(2540)
calls=22 0 
* 176
* 80
cob=(4)
cfi=(175)
cfn=(2540)
calls=6 0 
* 48
* 162
+3 110
cob=(4)
cfi=(175)
cfn=(2544)
calls=22 0 
* 2528
* 110
cfi=(260)
cfn=(2084)
calls=22 97 
* 220
* 176
cob=(4)
cfi=(175)
cfn=(1818)
calls=22 0 
* 418
* 66
+1 88

fn=(3838)
3637 40
+2 20
cob=(4)
cfi=(175)
cfn=(2544)
calls=4 0 
* 232
* 20
cfi=(260)
cfn=(2084)
calls=4 97 
* 40
* 32
cob=(4)
cfi=(175)
cfn=(1818)
calls=4 0 
* 76
* 24

fn=(3824)
4208 60
fi=(238)
88 4
fi=(239)
+75 4
fe=(228)
4209 16
cfi=(284)
cfn=(3826)
calls=4 55 
* 124
* 44
cfn=(2508)
calls=4 664 
* 328
* 12
fi=(239)
184 12
cfi=(238)
cfn=(1430)
calls=4 -80 
* 40
* 16
fe=(228)
4210 12
cob=(4)
cfi=(175)
cfn=(1890)
calls=4 0 
* 20
* 36
cob=(4)
cfi=(175)
cfn=(2516)
calls=4 0 
* 24
* 36
cfi=(284)
cfn=(3830)
calls=4 81 
* 336
+1 16
+1 28

fn=(1362)
641 3476
+1 1264
cob=(4)
cfi=(175)
cfn=(1364)
calls=316 0 
* 1580
* 2844
cob=(4)
cfi=(175)
cfn=(1368)
calls=316 0 
* 1580
+3 632
+1 948
+2 948
cfi=(229)
cfn=(1372)
calls=316 393 
* 15559
* 1896
+1 1896
cfi=(231)
cfn=(1378)
calls=316 221 
* 53009
* 1264
+1 1264

fn=(2504)
4166 600
+1 150
+1 200
+1 200
cfi=(284)
cfn=(2506)
calls=50 55 
* 1500
* 300
fi=(238)
88 50
fi=(239)
+75 50
fe=(228)
4170 500
cfn=(2508)
calls=50 664 
* 4100
* 150
fi=(239)
184 150
cfi=(238)
cfn=(1430)
calls=50 -80 
* 500
* 200
fe=(228)
4171 250
cob=(4)
cfi=(175)
cfn=(2516)
calls=50 0 
* 300
* 450
cfi=(284)
cfn=(2520)
calls=50 81 
* 4200
+1 200
+1 300

fl=(298)
fn=(4290)
9 33
cfn=(4291) SCC_algo::~SCC_algo()'2
calls=3 * 
* 99
* 21
cob=(4)
cfi=(175)
cfn=(2092)
calls=3 -9 
* 348
* 15

fn=(4291)
9 42
cfi=(288)
cfn=(3264)
calls=3 +8 
* 39
* 18

fn=(4004)
14 180
+5 72
cfi=(289)
cfn=(2984)
calls=12 1086 
* 3636
* 108
cfi=(289)
cfn=(2994)
calls=12 +85 
* 324
* 36
+2 72
cfi=(276)
cfn=(4006)
calls=12 1145 
* 216
* 84
cfi=(276)
cfn=(3002)
calls=12 883 
* 480
* 84
cfi=(276)
cfn=(2998)
calls=12 903 
* 492
* 96
cfi=(277)
cfn=(4010)
calls=6 1099 
* 66
* 30
+2 36
cfi=(289)
cfn=(2984)
calls=6 1086 
* 1818
* 48
cfi=(289)
cfn=(3038)
calls=6 +76 
* 102
* 48
+2 32
cfn=(4005) SCC_algo::dfs(int, std::vector<std::vector<int, std::allocator<int> >, std::allocator<std::vector<int, std::allocator<int> > > > const&, std::vector<bool, std::allocator<bool> >&, std::vector<int, std::allocator<int> >&) const'2
calls=4 -11 
* 12860
* 12
-4 12
cfi=(277)
cfn=(4014)
calls=4 1109 
* 60
* 6
cfi=(277)
cfn=(4014)
calls=2 1109 
* 30
* 48
cfi=(277)
cfn=(4008)
calls=6 1241 
* 300
* 60
cfi=(277)
cfn=(4008)
calls=12 1241 
* 600
* 90
+8 60
cfi=(276)
cfn=(3040)
calls=12 1281 
* 15118
* 36
+1 72

fn=(4005)
14 90
+5 36
cfi=(289)
cfn=(2984)
calls=6 1086 
* 1818
* 54
cfi=(289)
cfn=(2994)
calls=6 +85 
* 162
* 18
+2 36
cfi=(276)
cfn=(4006)
calls=6 1145 
* 108
* 42
cfi=(276)
cfn=(3002)
calls=6 883 
* 240
* 42
cfi=(276)
cfn=(2998)
calls=6 903 
* 246
* 54
cfi=(277)
cfn=(4010)
calls=4 1099 
* 44
* 20
+2 24
cfi=(289)
cfn=(2984)
calls=4 1086 
* 1212
* 32
cfi=(289)
cfn=(3038)
calls=4 +76 
* 68
* 30
+2 16
cfn=(4005)
calls=2 -11 
* 4362
* 6
-4 6
cfi=(277)
cfn=(4014)
calls=2 1109 
* 30
* 6
cfi=(277)
cfn=(4014)
calls=2 1109 
* 30
* 32
cfi=(277)
cfn=(4008)
calls=4 1241 
* 200
* 30
cfi=(277)
cfn=(4008)
calls=6 1241 
* 300
* 50
+8 30
cfi=(276)
cfn=(3040)
calls=6 1281 
* 7694
* 18
+1 36

fn=(3874)
9 33
cfi=(288)
cfn=(2786)
calls=3 -4 
* 39
* 27

fl=(262)
fn=(1776)
204 50
+2 30
cob=(4)
cfi=(175)
cfn=(1778)
calls=5 0 
* 286
* 35

fn=(2184)
154 6996

fl=(216)
fn=(5102) EulerCircuit_algo::euler(Graph const&, int) const
9 15
+2 5
cfi=(290)
cfn=(5104)
calls=1 -5 
* 3646
* 3
+2 3
cfi=(293)
cfn=(3342)
calls=1 162 
* 831
* 3
+2 3
cfi=(276)
cfn=(2918)
calls=1 531 
* 73
* 3
+3 5
cfi=(293)
cfn=(3382)
calls=1 260 
* 117
* 3
+2 1
+2 21
cfi=(293)
cfn=(3396)
calls=7 232 
* 973
* 35
+4 35
cfi=(214)
cfn=(3338)
calls=7 182 
* 2586
* 40
+2 20
cfi=(276)
cfn=(3040)
calls=4 1281 
* 4180
* 12
+1 12
cfi=(293)
cfn=(3408)
calls=4 293 
* 280
* 13
+6 15
cfi=(214)
cfn=(5130)
calls=3 214 
* 1950
* 12
+2 18
cfi=(214)
cfn=(5138)
calls=3 +49 
* 3147
* 12
+1 15
cfi=(293)
cfn=(3382)
calls=3 260 
* 351
* 18
-18 9
cfi=(293)
cfn=(3390)
calls=3 217 
* 174
+18 12
-18 12
cfi=(293)
cfn=(3390)
calls=4 217 
* 232
* 3
cfi=(293)
cfn=(3390)
calls=1 217 
* 58
* 48
+22 4
+1 3
cfi=(293)
cfn=(3414)
calls=1 +56 
* 689
* 6
cfi=(290)
cfn=(3172)
calls=1 -37 
* 1446
* 3
-1 1
+1 7

fn=(3332)
46 98
+1 35
cfn=(3334) EulerCircuit_algo::has_euler_circle(Graph const&) const
calls=7 260 
* 104058
* 72
fi=(238)
+41 6
fi=(239)
+75 6
fe=(216)
49 36
cfi=(228)
cfn=(1362)
calls=6 641 
* 2178
* 18
fi=(239)
184 18
cfi=(238)
cfn=(1430)
calls=6 -80 
* 60
* 30
fe=(216)
52 1
+1 5
+2 5
cfi=(214)
cfn=(3338)
calls=1 182 
* 264
* 15
+2 2
+1 1
-5 3
cfi=(214)
cfn=(2636)
calls=1 -32 
* 11
* 7
+9 2
+5 6
cfn=(5102)
calls=1 -58 
* 21163
* 4
+2 3
cfi=(276)
cfn=(2996)
calls=1 1088 
* 172
* 5
+5 3
cfi=(276)
cfn=(5156)
calls=1 1209 
* 83
* 7
cfi=(276)
cfn=(2978)
calls=1 1233 
* 140
* 5
fi=(239)
184 3
fe=(216)
79 3
cob=(4)
cfi=(175)
cfn=(1916)
calls=1 -79 
* 8
* 3
+1 5
cfi=(276)
cfn=(5158)
calls=1 913 
* 81
* 16
+2 12
cfi=(277)
cfn=(5170)
calls=4 264 
* 236
* 32
cfi=(228)
cfn=(2504)
calls=4 4166 
* 1148
* 36
cfi=(228)
cfn=(2522)
calls=4 3688 
* 596
* 32
cob=(4)
cfi=(175)
cfn=(3816)
calls=4 -82 
* 256
* 24
cob=(4)
cfi=(175)
cfn=(1426)
calls=4 -82 
* 32
* 24
cob=(4)
cfi=(175)
cfn=(1426)
calls=4 -82 
* 32
* 12
-2 24
cfi=(277)
cfn=(5172)
calls=4 308 
* 232
* 32
cfi=(276)
cfn=(5162)
calls=4 933 
* 320
* 5
cfi=(276)
cfn=(5162)
calls=1 933 
* 80
* 40
cfi=(277)
cfn=(5164)
calls=5 462 
* 670
* 13
+5 5
cob=(4)
cfi=(175)
cfn=(1818)
calls=1 -85 
* 34
* 3
+1 3
cob=(4)
cfi=(175)
cfn=(1426)
calls=1 -86 
* 8
* 6
cfi=(276)
cfn=(3216)
calls=1 733 
* 315
* 70

fn=(3334)
260 63
+1 21
cfi=(290)
cfn=(3134)
calls=7 31 
* 77
* 44
+2 15
cfn=(3868) EulerCircuit_algo::has_euler_circle_directed(Graph const&) const
calls=3 -89 
* 32795
* 12
+4 20
cfn=(3336) EulerCircuit_algo::check_connectivity(Graph const&) const
calls=4 112 
* 70261
* 30
cfn=(3442) EulerCircuit_algo::check_even_degree(Graph const&) const
calls=2 92 
* 676
* 30
+2 14

fn=(3336)
112 52
+1 12
cfi=(214)
cfn=(2636)
calls=4 -92 
* 44
* 16
+1 8
+6 4
+1 20
+2 20
cfi=(214)
cfn=(3338)
calls=4 +59 
* 1056
* 44
+2 8
+1 4
-5 12
+10 12
+2 8
fi=(238)
-45 4
fi=(239)
+75 4
fe=(216)
-26 32
cfi=(289)
cfn=(2874)
calls=4 795 
* 2880
* 12
fi=(239)
+47 12
cfi=(238)
cfn=(2916)
calls=4 -80 
* 40
* 16
fe=(216)
-46 12
cfi=(293)
cfn=(3342)
calls=4 +24 
* 3324
* 12
+2 24
cfi=(289)
cfn=(2984)
calls=4 1086 
* 1212
* 36
cfi=(289)
cfn=(2994)
calls=4 -36 
* 108
* 12
+1 20
cfi=(293)
cfn=(3382)
calls=4 260 
* 468
* 12
+2 4
+2 33
cfi=(293)
cfn=(3396)
calls=11 +87 
* 1529
* 55
+1 33
cfi=(293)
cfn=(3408)
calls=11 293 
* 770
+2 145
+2 246
cfi=(214)
cfn=(2644)
calls=41 266 
* 33433
* 331
cfi=(289)
cfn=(2984)
calls=14 1086 
* 4242
* 112
cfi=(289)
cfn=(3038)
calls=14 -51 
* 238
* 256
+2 42
cfi=(289)
cfn=(2984)
calls=7 1086 
* 2121
* 63
cfi=(289)
cfn=(2994)
calls=7 -48 
* 189
* 21
+1 35
cfi=(293)
cfn=(3382)
calls=7 260 
* 819
-5 435
-5 33
cfi=(293)
cfn=(3390)
calls=11 +74 
* 638
* 12
cfi=(293)
cfn=(3390)
calls=4 +74 
* 232
* 90
+16 59
+2 65
cfi=(214)
cfn=(3338)
calls=13 +21 
* 5277
* 182
cfi=(289)
cfn=(2984)
calls=13 1086 
* 3939
* 104
cfi=(289)
cfn=(3038)
calls=13 -62 
* 221
* 131
+2 4
-4 56
+8 2
+1 6
cfi=(293)
cfn=(3414)
calls=2 -69 
* 1378
* 6
cfi=(293)
cfn=(3414)
calls=2 -69 
* 1378
* 24
cfi=(289)
cfn=(3200)
calls=4 890 
* 1672
* 40

fn=(3868)
174 39
+2 24
+2 30
cfi=(214)
cfn=(3870)
calls=6 +19 
* 7775
* 54
cfi=(214)
cfn=(3338)
calls=6 +4 
* 2076
* 50
+2 4
-4 16
cfi=(214)
cfn=(2636)
calls=4 21 
* 44
* 9
cfi=(214)
cfn=(2636)
calls=3 21 
* 33
* 50
+9 3
cfi=(214)
cfn=(2636)
calls=1 21 
* 11
* 4
+2 1
+2 5
+2 5
cfi=(214)
cfn=(3338)
calls=1 -9 
* 264
* 12
+2 2
+1 1
-5 3
+8 3
+2 2
fi=(238)
88 1
fi=(239)
+75 1
fe=(216)
+40 8
cfi=(289)
cfn=(2874)
calls=1 795 
* 720
* 3
fi=(239)
-19 3
cfi=(238)
cfn=(2916)
calls=1 -80 
* 10
* 4
fe=(216)
+20 3
cfi=(293)
cfn=(3342)
calls=1 -42 
* 831
* 3
+2 5
cfi=(293)
cfn=(3382)
calls=1 +54 
* 117
* 3
+2 6
cfi=(289)
cfn=(2984)
calls=1 1086 
* 303
* 9
cfi=(289)
cfn=(2994)
calls=1 104 
* 27
* 3
+2 1
+2 9
cfi=(293)
cfn=(3396)
calls=3 +20 
* 417
* 15
+1 9
cfi=(293)
cfn=(3408)
calls=3 +80 
* 210
+1 33
+2 54
cfi=(289)
cfn=(2984)
calls=9 1086 
* 2727
* 72
cfi=(289)
cfn=(3038)
calls=9 99 
* 153
* 72
cfi=(214)
cfn=(2644)
calls=3 +50 
* 1787
* 77
+2 12
cfi=(289)
cfn=(2984)
calls=2 1086 
* 606
* 18
cfi=(289)
cfn=(2994)
calls=2 104 
* 54
* 6
+1 10
cfi=(293)
cfn=(3382)
calls=2 +41 
* 234
-5 99
-4 9
cfi=(293)
cfn=(3390)
calls=3 +7 
* 174
* 3
cfi=(293)
cfn=(3390)
calls=1 +7 
* 58
* 26
fi=(238)
88 4
fi=(239)
+75 1
fe=(216)
+63 8
cfi=(289)
cfn=(2874)
calls=1 795 
* 720
* 3
fi=(239)
-42 3
cfi=(238)
cfn=(2916)
calls=1 -80 
* 10
* 4
fe=(216)
+43 5
cfi=(293)
cfn=(3382)
calls=1 +33 
* 117
* 3
+2 6
cfi=(289)
cfn=(2984)
calls=1 1086 
* 303
* 9
cfi=(289)
cfn=(2994)
calls=1 104 
* 27
* 3
+2 1
+2 9
cfi=(293)
cfn=(3396)
calls=3 -1 
* 417
* 15
+1 9
cfi=(293)
cfn=(3408)
calls=3 +59 
* 210
+1 33
+2 54
cfi=(289)
cfn=(2984)
calls=9 1086 
* 2727
* 72
cfi=(289)
cfn=(3038)
calls=9 99 
* 153
* 72
cfi=(214)
cfn=(2644)
calls=3 +29 
* 2027
* 77
+2 12
cfi=(289)
cfn=(2984)
calls=2 1086 
* 606
* 18
cfi=(289)
cfn=(2994)
calls=2 104 
* 54
* 6
+1 10
cfi=(293)
cfn=(3382)
calls=2 +20 
* 234
-5 99
-4 9
cfi=(293)
cfn=(3390)
calls=3 -14 
* 174
* 3
cfi=(293)
cfn=(3390)
calls=1 -14 
* 58
* 24
+15 14
+2 15
cfi=(214)
cfn=(3338)
calls=3 -66 
* 1161
* 33
cfi=(289)
cfn=(2984)
calls=3 1086 
* 909
* 24
cfi=(289)
cfn=(3038)
calls=3 99 
* 51
* 48
cfi=(289)
cfn=(2984)
calls=3 1086 
* 909
* 24
cfi=(289)
cfn=(3038)
calls=3 99 
* 51
* 36
-2 15
+7 1
+1 3
cfi=(289)
cfn=(3200)
calls=1 890 
* 418
* 6
cfi=(293)
cfn=(3414)
calls=1 99 
* 689
* 6
cfi=(289)
cfn=(3200)
calls=1 890 
* 418
* 30

fn=(1322)
269 6
cfi=(211)
cfn=(1316)
calls=1 0 
* 23
* 2

fn=(3442)
92 18
+1 6
cfi=(214)
cfn=(2636)
calls=2 -72 
* 22
* 14
+5 4
+2 10
cfi=(214)
cfn=(3338)
calls=2 +82 
* 528
* 16
+2 10
-4 6
cfi=(214)
cfn=(2636)
calls=2 -77 
* 22
* 14
+8 6

fn=(5434)
269 4
cfi=(211)
cfn=(5302)
calls=1 0 
* 24
* 2

fl=(256)
fn=(2174)
986 2448
+1 1360
cfi=(258)
cfn=(2176)
calls=272 807 
* 152641
* 1904

fn=(2398)
986 2682
+1 1490
cfi=(258)
cfn=(2400)
calls=298 807 
* 161047
* 2086

fn=(4384)
769 54
+1 30
cfi=(257)
cfn=(4386)
calls=6 983 
* 4814
* 42

fn=(1648)
148 11
cfi=(257)
cfn=(1650)
calls=1 530 
* 170
* 6

fn=(4372)
769 27
+1 15
cfi=(257)
cfn=(4374)
calls=3 983 
* 5709
* 21

fn=(1668)
148 33
cfi=(257)
cfn=(1670)
calls=3 530 
* 510
* 18

fn=(5220)
109 33
cfi=(257)
cfn=(5222)
calls=3 1595 
* 2260
* 18

fn=(5242)
109 11
cfi=(257)
cfn=(5244)
calls=1 1595 
* 513
* 6

fl=(285)
fn=(3050)
182 1323
+14 735
cfn=(3052) void std::_Destroy_aux<true>::__destroy<std::pair<int, int>*>(std::pair<int, int>*, std::pair<int, int>*)
calls=147 -24 
* 1617
* 441
+1 441

fn=(3052)
172 1617

fn=(4172) void std::_Destroy_aux<false>::__destroy<std::vector<int, std::allocator<int> >*>(std::vector<int, std::allocator<int> >*, std::vector<int, std::allocator<int> >*)
160 135
+2 111
+1 96
cfi=(260)
cfn=(3974)
calls=32 51 
* 320
* 160
cfn=(4270) void std::_Destroy<std::vector<int, std::allocator<int> > >(std::vector<int, std::allocator<int> >*)
calls=32 -17 
* 8424
-1 218
+2 45

fn=(3182) void std::_Destroy<Node>(Node*)
146 784
+5 294
cfi=(291)
cfn=(3184)
calls=98 4 
* 29919
* 294
+2 294

fn=(4170)
182 135
+14 75
cfn=(4172)
calls=15 -36 
* 9509
* 45
+1 45

fn=(3218)
182 684
+14 380
cfn=(3220) void std::_Destroy_aux<true>::__destroy<int*>(int*, int*)
calls=76 -24 
* 836
* 228
+1 228

fn=(2574) void std::_Destroy_aux<false>::__destroy<std::__cxx11::basic_string<char, std::char_traits<char>, std::allocator<char> >*>(std::__cxx11::basic_string<char, std::char_traits<char>, std::allocator<char> >*, std::__cxx11::basic_string<char, std::char_traits<char>, std::allocator<char> >*)
160 1035
+2 607
+1 492
cfi=(260)
cfn=(2080)
calls=164 51 
* 1640
* 820
cfn=(2576) void std::_Destroy<std::__cxx11::basic_string<char, std::char_traits<char>, std::allocator<char> > >(std::__cxx11::basic_string<char, std::char_traits<char>, std::allocator<char> >*)
calls=164 -17 
* 4100
-1 1346
+2 345

fn=(3976)
109 144
+10 72
cfi=(265)
cfn=(1808)
calls=18 +56 
* 198
* 144
cfi=(276)
cfn=(2918)
calls=18 531 
* 1314
* 54
+1 54

fn=(5124)
109 39
+10 12
cfi=(265)
cfn=(1808)
calls=3 +56 
* 33
* 24
cfi=(260)
cfn=(5126) Node const& std::forward<Node const&>(std::remove_reference<Node const&>::type&)
calls=3 -49 
* 30
* 18
cfi=(291)
cfn=(5128)
calls=3 4 
* 2442
* 9
+1 24

fn=(2576)
146 1312
+5 492
cob=(4)
cfi=(175)
cfn=(1426)
calls=164 0 
* 1312
* 492
+2 492

fn=(3176)
182 252
+14 140
cfn=(3178) void std::_Destroy_aux<false>::__destroy<Node*>(Node*, Node*)
calls=28 -36 
* 34567
* 84
+1 84

fn=(4270)
146 256
+5 96
cfi=(276)
cfn=(3216)
calls=32 733 
* 7880
* 96
+2 96

fn=(3178)
160 252
+2 322
+1 294
cfi=(260)
cfn=(3180)
calls=98 51 
* 980
* 490
cfn=(3182)
calls=98 -17 
* 31585
-1 560
+2 84

fn=(3842)
182 36
+14 20
cfn=(3844) void std::_Destroy_aux<false>::__destroy<std::set<int, std::less<int>, std::allocator<int> >*>(std::set<int, std::less<int>, std::allocator<int> >*, std::set<int, std::less<int>, std::allocator<int> >*)
calls=4 -36 
* 8770
* 12
+1 12

fn=(3086)
109 40
+10 20
cfi=(265)
cfn=(1808)
calls=5 +56 
* 55
* 20
+1 15

fn=(3846) void std::_Destroy<std::set<int, std::less<int>, std::allocator<int> > >(std::set<int, std::less<int>, std::allocator<int> >*)
146 72
+5 27
cfi=(296)
cfn=(3774)
calls=9 283 
* 8316
* 27
+2 27

fn=(4162)
109 91
+10 28
cfi=(265)
cfn=(1808)
calls=7 +56 
* 77
* 56
cfi=(260)
cfn=(4068) std::vector<int, std::allocator<int> > const& std::forward<std::vector<int, std::allocator<int> > const&>(std::remove_reference<std::vector<int, std::allocator<int> > const&>::type&)
calls=7 -49 
* 70
* 42
cfi=(276)
cfn=(4074)
calls=7 601 
* 4816
* 21
+1 56

fn=(2572)
182 1035
+14 575
cfn=(2574)
calls=115 -36 
* 10385
* 345
+1 345

fn=(3032)
109 870
+10 348
cfi=(265)
cfn=(1808)
calls=87 +56 
* 957
* 609
cfi=(260)
cfn=(3034) std::pair<int, int> const& std::forward<std::pair<int, int> const&>(std::remove_reference<std::pair<int, int> const&>::type&)
calls=87 -49 
* 870
* 435
+1 348

fn=(3220)
172 836

fn=(3844)
160 36
+2 31
+1 27
cfi=(260)
cfn=(3782)
calls=9 51 
* 90
* 45
cfn=(3846)
calls=9 -17 
* 8469
-1 60
+2 12

fl=(260)
fn=(1884)
70 4620
+1 1980

fn=(2244)
70 8344
+1 3576

fn=(2304)
70 10927
+1 4683

fn=(2840)
70 525
+1 225

fn=(2928)
97 105
+1 45

fn=(3596)
70 1533
+1 657

fn=(3714) std::set<int, std::less<int>, std::allocator<int> > const& std::forward<std::set<int, std::less<int>, std::allocator<int> > const&>(std::remove_reference<std::set<int, std::less<int>, std::allocator<int> > const&>::type&)
70 189
+1 81

fn=(4336)
70 210
+1 90

fn=(5088) std::__detail::_Hash_node<std::pair<int const, bool>, false>* std::__addressof<std::__detail::_Hash_node<std::pair<int const, bool>, false> >(std::__detail::_Hash_node<std::pair<int const, bool>, false>&)
51 42
+1 18

fn=(5204)
138 40
+1 15
cfn=(5206) std::__detail::_Hash_node_base** std::__addressof<std::__detail::_Hash_node_base*>(std::__detail::_Hash_node_base*&)
calls=5 -88 
* 50
* 40

fn=(1700)
70 7
+1 3

fn=(2206)
70 224
+1 96

fn=(2748)
51 1449
+1 621

fn=(3034)
70 609
+1 261

fn=(3916)
70 126
+1 54

fn=(3974)
51 525
+1 225

fn=(5192)
138 40
+1 15
cfn=(5194) std::__detail::_Hash_node<std::__cxx11::basic_string<char, std::char_traits<char>, std::allocator<char> >, true>* std::__addressof<std::__detail::_Hash_node<std::__cxx11::basic_string<char, std::char_traits<char>, std::allocator<char> >, true> >(std::__detail::_Hash_node<std::__cxx11::basic_string<char, std::char_traits<char>, std::allocator<char> >, true>&)
calls=5 -88 
* 50
* 40

fn=(1868)
70 770
+1 330

fn=(2302)
70 889
+1 381

fn=(2900)
51 546
+1 234

fn=(4240)
70 14
+1 6

fn=(5194)
51 35
+1 15

fn=(2500)
70 154
+1 66

fn=(2754)
70 658
+1 282

fn=(3310)
70 294
+1 126

fn=(3788)
70 98
+1 42

fn=(4042)
189 36
+8 9
cfn=(2928)
calls=3 97 
* 30
* 15
+1 9
cfn=(2928)
calls=3 97 
* 30
* 18
+1 9
cfn=(2928)
calls=3 97 
* 30
* 18
+1 18

fn=(4128)
97 84
+1 36

fn=(5086)
138 48
+1 18
cfn=(5088)
calls=6 -88 
* 60
* 48

fn=(2204)
70 224
+1 96

fn=(2296)
70 1911
+1 819

fn=(2752)
97 294
+1 126

fn=(3180)
51 707
+1 303

fn=(3492)
70 168
+1 72

fn=(3782)
51 210
+1 90

fn=(5070) std::__detail::_Hash_node<std::pair<int const, std::unique_ptr<Graph, std::default_delete<Graph> > >, false>* std::__addressof<std::__detail::_Hash_node<std::pair<int const, std::unique_ptr<Graph, std::default_delete<Graph> > >, false> >(std::__detail::_Hash_node<std::pair<int const, std::unique_ptr<Graph, std::default_delete<Graph> > >, false>&)
51 14
+1 6

fn=(5206)
51 35
+1 15

fn=(1704)
70 14
+1 6

fn=(2080)
51 3206
+1 1374

fn=(2084)
97 1617
+1 693

fn=(3258)
97 175
+1 75

fn=(4116)
70 84
+1 36

fn=(1788)
70 1582
+1 678

fn=(2202)
70 224
+1 96

fn=(4204)
70 14
+1 6

fn=(5060)
97 14
+1 6

fn=(5126)
70 21
+1 9

fn=(1866)
70 35
+1 15

fn=(2828)
70 252
+1 108

fn=(3600)
70 721
+1 309

fn=(3786)
97 49
+1 21

fn=(4068)
70 196
+1 84

fn=(4236)
70 14
+1 6

fn=(5068)
138 16
+1 6
cfn=(5070)
calls=2 -88 
* 20
* 16

fn=(1696)
70 7
+1 3

fn=(1728)
70 245
+1 105

fn=(2620)
70 2093
+1 897

fn=(2932) int&& std::forward<int>(std::remove_reference<int>::type&)
70 168
+1 72

fn=(3084)
51 35
+1 15

fn=(3558)
70 721
+1 309

fn=(3560)
70 735
+1 315

fn=(4114)
97 42
+1 18

fl=(288)
fn=(2786)
5 325

fn=(3264)
17 325

fl=(278)
fn=(2026)
445 2788
+10 820
cfi=(276)
cfn=(2028)
calls=164 1896 
* 57600
* 656
+1 492
+1 492
+1 492
cfi=(276)
cfn=(2042)
calls=164 873 
* 6560
* 1476
cfi=(277)
cfn=(2044)
calls=164 1334 
* 8692
* 656
+1 820
cfi=(276)
cfn=(2048)
calls=164 -81 
* 21279
* 656
+1 328
+8 492
cfi=(260)
cfn=(1884)
calls=164 70 
* 1640
* 492
+1 492
-1 984
fi=(263)
+70 492
cfi=(260)
cfn=(1884)
calls=164 70 
* 1640
* 1312
fi=(238)
191 656
cfi=(265)
cfn=(1808)
calls=164 -16 
* 1804
* 1312
cfi=(260)
cfn=(1884)
calls=164 70 
* 1640
* 984
cob=(4)
cfi=(175)
cfn=(2058)
calls=164 0 
* 10749
* 656
fi=(263)
542 164
fe=(278)
-67 164
+6 492
cfi=(276)
cfn=(2068)
calls=164 301 
* 1640
* 656
-1 492
cfi=(277)
cfn=(2046)
calls=164 1162 
* 1640
* 1476
cfi=(276)
cfn=(2070)
calls=164 +24 
* 42692
* 656
+3 164
+3 492
cfi=(276)
cfn=(2068)
calls=164 301 
* 1640
* 656
-1 492
cfi=(277)
cfn=(2046)
calls=164 1162 
* 1640
* 1476
cfi=(276)
cfn=(2070)
calls=164 +19 
* 21320
* 656
+34 164
+1 656
-1 656
cfi=(276)
cfn=(2078)
calls=164 386 
* 13822
* 492
+2 492
+1 492
+1 1148
+1 1804

fn=(3982)
445 490
+10 175
cfi=(276)
cfn=(2940)
calls=35 1896 
* 12307
* 140
+1 105
+1 105
+1 105
cfi=(276)
cfn=(2950)
calls=35 873 
* 1400
* 315
cfi=(277)
cfn=(2952)
calls=35 1334 
* 1855
* 140
+1 175
cfi=(276)
cfn=(2956)
calls=35 -81 
* 5220
* 140
+1 70
+8 105
cfi=(260)
cfn=(2244)
calls=35 70 
* 350
* 105
+1 70
-1 210
fi=(263)
+70 105
cfi=(260)
cfn=(2244)
calls=35 70 
* 350
* 280
fi=(238)
191 140
cfi=(265)
cfn=(1808)
calls=35 -16 
* 385
* 245
cfi=(260)
cfn=(2244)
calls=35 70 
* 350
* 105
fi=(263)
542 140
fe=(278)
-67 35
+6 105
cfi=(276)
cfn=(2966)
calls=35 301 
* 350
* 140
-1 105
cfi=(277)
cfn=(2954)
calls=35 1162 
* 350
* 315
cfi=(276)
cfn=(2968)
calls=35 +24 
* 4794
* 140
+3 35
+3 105
cfi=(276)
cfn=(2966)
calls=35 301 
* 350
* 140
-1 105
cfi=(277)
cfn=(2954)
calls=35 1162 
* 350
* 315
cfi=(276)
cfn=(2968)
calls=35 +19 
* 4480
* 140
+34 35
+1 140
-1 140
cfi=(276)
cfn=(2976)
calls=35 386 
* 2166
* 105
+2 105
+1 105
+1 210
+1 245

fn=(2316)
67 243
+3 81
cfi=(276)
cfn=(2318)
calls=27 998 
* 2376
* 189
+2 81
cfi=(276)
cfn=(2324)
calls=27 1078 
* 432
* 270
+2 81
cfi=(276)
cfn=(2326)
calls=27 992 
* 432
* 108
+5 135
cfi=(276)
cfn=(2328)
calls=27 378 
* 3598
* 108
+2 81
cfi=(276)
cfn=(2334)
calls=27 301 
* 270
* 108
-1 189
cfi=(276)
cfn=(2336)
calls=27 504 
* 3510
* 81
+13 27
+1 54
+1 135
-2 189
cfi=(276)
cfn=(2344)
calls=27 386 
* 405
+3 81
+1 189
+1 270
+2 81

fn=(2930)
111 60
+3 36
+9 18
cfi=(260)
cfn=(2932)
calls=6 -53 
* 60
* 42
cfi=(276)
cfn=(2934)
calls=6 893 
* 246
* 54
cfn=(2938) void std::vector<int, std::allocator<int> >::_M_realloc_insert<int>(__gnu_cxx::__normal_iterator<int*, std::vector<int, std::allocator<int> > >, int&&)
calls=6 445 
* 6748
* 18
+2 18
cfi=(276)
cfn=(2978)
calls=6 1233 
* 840
* 36
+2 18

fn=(3690)
445 153
+10 45
cfi=(276)
cfn=(3692)
calls=9 1896 
* 3193
* 36
+1 27
+1 27
+1 27
cfi=(276)
cfn=(3702)
calls=9 873 
* 360
* 81
cfi=(277)
cfn=(3704)
calls=9 1334 
* 486
* 36
+1 45
cfi=(276)
cfn=(3708)
calls=9 -81 
* 1611
* 36
+1 18
+8 27
cfi=(260)
cfn=(3714)
calls=9 70 
* 90
* 36
+1 54
-1 54
fi=(263)
+70 27
cfi=(260)
cfn=(3714)
calls=9 70 
* 90
* 72
fi=(238)
191 36
cfi=(265)
cfn=(1808)
calls=9 -16 
* 99
* 72
cfi=(260)
cfn=(3714)
calls=9 70 
* 90
* 54
cfi=(296)
cfn=(3624)
calls=9 +34 
* 16327
* 36
fi=(263)
542 9
fe=(278)
-67 9
+6 27
cfi=(276)
cfn=(3720)
calls=9 301 
* 90
* 36
-1 27
cfi=(277)
cfn=(3706)
calls=9 1162 
* 90
* 81
cfi=(276)
cfn=(3722)
calls=9 +24 
* 4565
* 36
+3 9
+3 27
cfi=(276)
cfn=(3720)
calls=9 301 
* 90
* 36
-1 27
cfi=(277)
cfn=(3706)
calls=9 1162 
* 90
* 81
cfi=(276)
cfn=(3722)
calls=9 +19 
* 1170
* 36
+34 9
+1 63
-1 36
cfi=(276)
cfn=(3730)
calls=9 386 
* 830
* 27
+2 27
+1 27
+1 90
+1 99

fn=(4054)
445 119
+10 35
cfi=(276)
cfn=(4056)
calls=7 1896 
* 2483
* 28
+1 21
+1 21
+1 21
cfi=(276)
cfn=(4062)
calls=7 873 
* 280
* 63
cfi=(277)
cfn=(4064)
calls=7 1334 
* 378
* 28
+1 35
cfi=(276)
cfn=(3958)
calls=7 -81 
* 1207
* 28
+1 14
+8 21
cfi=(260)
cfn=(4068)
calls=7 70 
* 70
* 28
+1 42
-1 42
fi=(263)
+70 21
cfi=(260)
cfn=(4068)
calls=7 70 
* 70
* 56
fi=(238)
191 28
cfi=(265)
cfn=(1808)
calls=7 -16 
* 77
* 56
cfi=(260)
cfn=(4068)
calls=7 70 
* 70
* 42
cfi=(276)
cfn=(4074)
calls=7 601 
* 6146
* 28
fi=(263)
542 7
fe=(278)
-67 7
+6 21
cfi=(276)
cfn=(3966)
calls=7 301 
* 70
* 28
-1 21
cfi=(277)
cfn=(4066)
calls=7 1162 
* 70
* 63
cfi=(276)
cfn=(4102)
calls=7 +24 
* 3754
* 28
+3 7
+3 21
cfi=(276)
cfn=(3966)
calls=7 301 
* 70
* 28
-1 21
cfi=(277)
cfn=(4066)
calls=7 1162 
* 70
* 63
cfi=(276)
cfn=(4102)
calls=7 +19 
* 910
* 28
+34 7
+1 49
-1 28
cfi=(276)
cfn=(4110)
calls=7 386 
* 661
* 21
+2 21
+1 21
+1 70
+1 77

fn=(2690)
111 1500
+3 750
+9 375
cfi=(260)
cfn=(2304)
calls=125 -53 
* 1250
* 875
cfi=(260)
cfn=(2304)
calls=125 -53 
* 1250
* 875
cfi=(276)
cfn=(2692)
calls=125 893 
* 5125
* 1125
cfn=(2696) void std::vector<std::pair<int, int>, std::allocator<std::pair<int, int> > >::_M_realloc_insert<int&, int&>(__gnu_cxx::__normal_iterator<std::pair<int, int>*, std::vector<std::pair<int, int>, std::allocator<std::pair<int, int> > > >, int&, int&)
calls=125 445 
* 165170
* 375
+2 375
cfi=(276)
cfn=(2736)
calls=125 1233 
* 17500
* 750
+2 625

fn=(2696)
445 2000
+10 625
cfi=(276)
cfn=(2698)
calls=125 1896 
* 43965
* 500
+1 375
+1 375
+1 375
cfi=(276)
cfn=(2706)
calls=125 873 
* 5000
* 1125
cfi=(277)
cfn=(2708)
calls=125 1334 
* 6625
* 500
+1 625
cfi=(276)
cfn=(2712)
calls=125 -81 
* 16585
* 500
+1 250
+8 375
cfi=(260)
cfn=(2304)
calls=125 70 
* 1250
* 875
cfi=(260)
cfn=(2304)
calls=125 70 
* 1250
* 375
+1 250
-1 875
fi=(263)
+70 375
cfi=(260)
cfn=(2304)
calls=125 70 
* 1250
* 875
cfi=(260)
cfn=(2304)
calls=125 70 
* 1250
* 1125
fi=(238)
191 500
cfi=(265)
cfn=(1808)
calls=125 -16 
* 1375
* 875
cfi=(260)
cfn=(2304)
calls=125 70 
* 1250
* 875
cfi=(260)
cfn=(2304)
calls=125 70 
* 1250
* 875
cfi=(267)
cfn=(2722)
calls=125 687 
* 6375
* 125
fi=(263)
542 500
fe=(278)
-67 125
+6 375
cfi=(276)
cfn=(2724)
calls=125 301 
* 1250
* 500
-1 375
cfi=(277)
cfn=(2710)
calls=125 1162 
* 1250
* 1125
cfi=(276)
cfn=(2726)
calls=125 +24 
* 22970
* 500
+3 125
+3 375
cfi=(276)
cfn=(2724)
calls=125 301 
* 1250
* 500
-1 375
cfi=(277)
cfn=(2710)
calls=125 1162 
* 1250
* 1125
cfi=(276)
cfn=(2726)
calls=125 +19 
* 16250
* 500
+34 125
+1 500
-1 500
cfi=(276)
cfn=(2734)
calls=125 386 
* 7275
* 375
+2 375
+1 375
+1 750
+1 1125

fn=(2938)
445 84
+10 30
cfi=(276)
cfn=(2940)
calls=6 1896 
* 2118
* 24
+1 18
+1 18
+1 18
cfi=(276)
cfn=(2950)
calls=6 873 
* 240
* 54
cfi=(277)
cfn=(2952)
calls=6 1334 
* 318
* 24
+1 30
cfi=(276)
cfn=(2956)
calls=6 -81 
* 892
* 24
+1 12
+8 18
cfi=(260)
cfn=(2932)
calls=6 70 
* 60
* 18
+1 12
-1 36
fi=(263)
+70 18
cfi=(260)
cfn=(2932)
calls=6 70 
* 60
* 48
fi=(238)
191 24
cfi=(265)
cfn=(1808)
calls=6 -16 
* 66
* 42
cfi=(260)
cfn=(2932)
calls=6 70 
* 60
* 18
fi=(263)
542 24
fe=(278)
-67 6
+6 18
cfi=(276)
cfn=(2966)
calls=6 301 
* 60
* 24
-1 18
cfi=(277)
cfn=(2954)
calls=6 1162 
* 60
* 54
cfi=(276)
cfn=(2968)
calls=6 +24 
* 768
* 24
+3 6
+3 18
cfi=(276)
cfn=(2966)
calls=6 301 
* 60
* 24
-1 18
cfi=(277)
cfn=(2954)
calls=6 1162 
* 60
* 54
cfi=(276)
cfn=(2968)
calls=6 +19 
* 768
* 24
+34 6
+1 24
-1 24
cfi=(276)
cfn=(2976)
calls=6 386 
* 90
* 18
+2 18
+1 18
+1 36
+1 42

fn=(4146)
270 42
+3 9
cfi=(276)
cfn=(4148)
calls=3 1078 
* 51
* 30
+2 9
cfi=(276)
cfn=(3966)
calls=3 +26 
* 30
* 27
cfi=(276)
cfn=(4150)
calls=3 569 
* 7200
* 9
+1 15
cfi=(276)
cfn=(4164)
calls=3 122 
* 399
* 9
+1 9
cfi=(276)
cfn=(4168)
calls=3 733 
* 504
* 9
+13 21

fn=(2346)
111 950
+3 855
+3 285
cfi=(260)
cfn=(2304)
calls=95 -47 
* 950
* 855
fi=(263)
538 285
cfi=(260)
cfn=(2304)
calls=95 70 
* 950
* 760
fi=(238)
191 380
cfi=(265)
cfn=(1808)
calls=95 -16 
* 1045
* 665
cfi=(260)
cfn=(2304)
calls=95 70 
* 950
* 665
cfi=(283)
cfn=(2352)
calls=95 14 
* 9025
* 95
fi=(263)
542 380
fe=(278)
119 570
+6 285
cfi=(276)
cfn=(2362)
calls=95 1233 
* 13300
* 570
+2 285

fn=(5154)
181 39
+3 9
cfi=(276)
cfn=(2692)
calls=3 893 
* 123
* 24
cfi=(277)
cfn=(5152)
calls=3 1147 
* 141
* 27
cfi=(277)
cfn=(3036)
calls=3 1241 
* 150
* 15
+2 15
+1 27
fi=(238)
+11 12
fi=(263)
562 3
fe=(278)
189 3
+1 18

ob=(7)
fl=(185)
fn=(4872)
0 110
cob=(4)
cfi=(175)
cfn=(4858)
calls=4 0 
0 132
0 58

fn=(812)
0 88
cob=(4)
cfi=(175)
cfn=(814)
calls=1 0 
0 505
0 24
cob=(4)
cfi=(175)
cfn=(814)
calls=1 0 
0 395
0 3
cob=(4)
cfi=(175)
cfn=(814)
calls=1 0 
0 560
0 9
cob=(4)
cfi=(175)
cfn=(814)
calls=1 0 
0 205
0 3
cob=(4)
cfi=(175)
cfn=(814)
calls=1 0 
0 150
0 3
cob=(4)
cfi=(175)
cfn=(814)
calls=1 0 
0 847
0 3
cob=(4)
cfi=(175)
cfn=(814)
calls=1 0 
0 260
0 7
cob=(4)
cfi=(175)
cfn=(814)
calls=1 0 
0 340
0 3
cob=(4)
cfi=(175)
cfn=(814)
calls=1 0 
0 195
0 3
cob=(4)
cfi=(175)
cfn=(814)
calls=1 0 
0 615

fn=(1090)
0 10
cob=(4)
cfi=(175)
cfn=(1092)
calls=1 0 
0 756
0 7
cob=(4)
cfi=(175)
cfn=(1076)
calls=1 0 
0 78
0 3
cob=(4)
cfi=(175)
cfn=(1092)
calls=1 0 
0 7
0 9
cob=(4)
cfi=(175)
cfn=(1076)
calls=1 0 
0 78

fn=(1504) __gnu_cxx::stdio_sync_filebuf<char, std::char_traits<char> >::xsputn(char const*, long)
0 84
cob=(4)
cfi=(175)
cfn=(1506)
calls=14 0 
0 6691

fn=(1540)
0 1445
cob=(4)
cfi=(175)
cfn=(1498)
calls=85 0 
0 2040
0 1719
cfn=(1552) std::num_put<char, std::ostreambuf_iterator<char, std::char_traits<char> > >::do_put(std::ostreambuf_iterator<char, std::char_traits<char> >, std::ios_base&, char, long) const
calls=79 0 
0 16933
0 60
cfn=(1552)
calls=6 0 
0 2641
0 1790
cob=(4)
cfi=(175)
cfn=(1542)
calls=1 0 
0 2373
0 7

fn=(1546)
0 741
cob=(4)
cfi=(175)
cfn=(1548)
calls=1 0 
0 812
0 13

fn=(1552)
0 255
cob=(4)
cfi=(175)
cfn=(1554)
calls=85 0 
0 19319

fn=(1928)
0 38
cob=(4)
cfi=(175)
cfn=(1930)
calls=2 0 
0 1060
0 263
cfn=(1936) __gnu_cxx::stdio_sync_filebuf<char, std::char_traits<char> >::underflow()
calls=5 0 
0 400
0 40
cfn=(1966) __gnu_cxx::stdio_sync_filebuf<char, std::char_traits<char> >::uflow()
calls=5 0 
0 170
0 16
cfn=(1936)
calls=2 0 
0 2410
0 8
cfn=(1966)
calls=2 0 
0 68
0 21

fn=(1970)
0 1124

fn=(1988)
0 4250
cob=(4)
cfi=(175)
cfn=(1026)
calls=250 0 
0 23500
0 3500
cob=(4)
cfi=(175)
cfn=(1032)
calls=250 0 
0 46250
0 5500
cob=(4)
cfi=(175)
cfn=(650)
calls=250 0 
0 8000
0 7158
cob=(4)
cfi=(175)
cfn=(1990)
calls=250 0 
0 9756
0 750
cob=(4)
cfi=(175)
cfn=(1032)
calls=250 0 
0 46250
0 3776
cob=(4)
cfi=(175)
cfn=(1390)
calls=171 0 
0 2799
0 513

fn=(2006)
0 4743
cob=(4)
cfi=(175)
cfn=(1930)
calls=279 0 
0 20318
0 1248
cob=(4)
cfi=(175)
cfn=(2110)
calls=115 0 
0 1035
0 5644
cob=(4)
cfi=(175)
cfn=(2008)
calls=164 0 
0 2167
0 328
cob=(4)
cfi=(175)
cfn=(726)
calls=164 0 
0 1312
0 1476
cob=(4)
cfi=(175)
cfn=(1050)
calls=164 0 
0 2296
0 10526
cob=(4)
cfi=(175)
cfn=(2014)
calls=164 0 
0 8221
0 2952

fn=(2012)
0 1148

fn=(2140)
0 5451
cfn=(1560) 0x0000000000142070
calls=237 0 
0 7110
0 3555
cfn=(2142) 0x0000000000147b90
calls=237 0 
0 8532
0 2133
cfn=(2152) 0x00000000001164e0
calls=237 0 
0 4503
0 2380
cfn=(2640) 0x000000000013e850
calls=2 0 
0 12
0 8
cfn=(2142)
calls=2 0 
0 72
0 18
cfn=(2152)
calls=2 0 
0 38
0 19475
cfn=(2640)
calls=38 0 
0 228
0 342
cfn=(2142)
calls=38 0 
0 1387
0 339
cfn=(2152)
calls=37 0 
0 703
0 3021
cfn=(2160) 0x000000000013eae0
calls=24 0 
0 312
0 1065
cfn=(2160)
calls=213 0 
0 2769
0 6137
cfn=(2108) std::__cxx11::basic_stringbuf<char, std::char_traits<char>, std::allocator<char> >::underflow()
calls=23 0 
0 276
0 556

fn=(2640)
0 240

fn=(3156)
0 714
cob=(4)
cfi=(175)
cfn=(1390)
calls=8 0 
0 120
0 322
cob=(4)
cfi=(175)
cfn=(2528)
calls=15 0 
0 3206
0 39

fn=(3818)
0 224
cob=(4)
cfi=(175)
cfn=(2014)
calls=28 0 
0 1322

fn=(4282) std::num_put<char, std::ostreambuf_iterator<char, std::char_traits<char> > >::do_put(std::ostreambuf_iterator<char, std::char_traits<char> >, std::ios_base&, char, unsigned long) const
0 30
cob=(4)
cfi=(175)
cfn=(4284)
calls=10 0 
0 3248

fn=(4446)
0 20
cob=(4)
cfi=(175)
cfn=(4448)
calls=2 0 
0 763
0 4
cob=(4)
cfi=(175)
cfn=(4454)
calls=2 0 
0 723
0 18

fn=(5014) 0x00000000000bb290
0 30
cfn=(5022) std::invalid_argument::~invalid_argument()
calls=2 0 
0 2454
0 8
cob=(4)
cfi=(175)
cfn=(5044)
calls=2 0 
0 897

fn=(5028)
0 44
cob=(4)
cfi=(175)
cfn=(5036)
calls=2 0 
0 707
0 20
cob=(4)
cfi=(175)
cfn=(5030)
calls=2 0 
0 944
0 2

fn=(5040)
0 4

fn=(5480)
0 2

fn=(5518)
0 48
cob=(4)
cfi=(175)
cfn=(5509)
calls=1 0 
0 138
0 27

fn=(5519)
0 22

fn=(3756)
0 1134

fn=(748)
0 114

fn=(1036)
0 4160
cob=(4)
cfi=(175)
cfn=(1038)
calls=520 0 
0 54657
0 1560
cob=(4)
cfi=(175)
cfn=(1056)
calls=520 0 
0 31150
0 6760

fn=(1104)
0 3

fn=(1172)
0 78

fn=(1302)
0 5
cob=(4)
cfi=(175)
cfn=(1076)
calls=1 0 
0 78

fn=(1384)
0 948

fn=(1388)
0 2125
cob=(4)
cfi=(175)
cfn=(1390)
calls=287 0 
0 5562
0 87

fn=(1408)
0 435

fn=(1502)
0 4262
cob=(4)
cfi=(175)
cfn=(1607)
calls=1 0 
0 138
0 2435

fn=(1503)
0 22

fn=(1566) 0x0000000000146900
0 2607

fn=(1580)
0 14
cfn=(1582) std::basic_ostream<char, std::char_traits<char> >& std::endl<char, std::char_traits<char> >(std::basic_ostream<char, std::char_traits<char> >&)
calls=7 0 
0 5828

fn=(1590) __gnu_cxx::stdio_sync_filebuf<char, std::char_traits<char> >::overflow(int)
0 49
cob=(4)
cfi=(175)
cfn=(1592)
calls=7 0 
0 2105

fn=(1994)
0 7966
cob=(4)
cfi=(175)
cfn=(3140)
calls=8 0 
0 128
0 564

fn=(2066)
0 9786
cob=(4)
cfi=(175)
cfn=(1390)
calls=184 0 
0 3102
0 552

fn=(2152)
0 5244

fn=(2160)
0 3081

fn=(2550)
0 5750
cob=(4)
cfi=(175)
cfn=(1050)
calls=250 0 
0 3500
0 2500
cob=(4)
cfi=(175)
cfn=(2552)
calls=250 0 
0 21195

fn=(688)
0 112
cob=(4)
cfi=(175)
cfn=(690)
calls=14 0 
0 3002
0 98

fn=(3130)
0 176
cob=(4)
cfi=(175)
cfn=(1026)
calls=8 0 
0 752
0 96
cob=(4)
cfi=(175)
cfn=(1032)
calls=8 0 
0 1480
0 88
cob=(4)
cfi=(175)
cfn=(650)
calls=8 0 
0 256
0 88
cob=(4)
cfi=(175)
cfn=(1032)
calls=8 0 
0 1480
0 64

fn=(3138) std::__cxx11::basic_stringbuf<char, std::char_traits<char>, std::allocator<char> >::overflow(int)
0 728
cob=(4)
cfi=(175)
cfn=(3140)
calls=8 0 
0 1134
0 208
cob=(4)
cfi=(175)
cfn=(3146)
calls=8 0 
0 2074
0 72
cob=(4)
cfi=(175)
cfn=(3152)
calls=8 0 
0 1590
0 120
cob=(4)
cfi=(175)
cfn=(3158)
calls=8 0 
0 1410
0 56
cob=(4)
cfi=(175)
cfn=(1990)
calls=8 0 
0 424
0 24

fn=(4274)
0 20
cob=(4)
cfi=(175)
cfn=(4276)
calls=10 0 
0 4902

fn=(4288)
0 190
cfn=(1560)
calls=10 0 
0 300
0 270
cfn=(1566)
calls=10 0 
0 270
0 240
cfn=(3136) std::basic_streambuf<char, std::char_traits<char> >::xsputn(char const*, long)
calls=10 0 
0 600
0 160

fn=(4418)
0 38
cob=(4)
cfi=(175)
cfn=(1488)
calls=2 0 
0 48
0 14
cob=(4)
cfi=(175)
cfn=(4420)
calls=2 0 
0 936
0 16
cob=(4)
cfi=(175)
cfn=(1390)
calls=2 0 
0 28
0 36

fn=(4826) 0x00000000000ba1a0
0 21010

fn=(5022)
0 10
cob=(4)
cfi=(175)
cfn=(5024)
calls=2 0 
0 2444

fn=(5476)
0 2

fn=(5496)
0 4

fn=(5524) 0x00000000000b7a30
0 5

fn=(730)
0 13212

fn=(832)
0 14
cob=(4)
cfi=(175)
cfn=(684)
calls=1 0 
0 25
0 5

fn=(1084)
0 12

fn=(1116)
0 23
cob=(4)
cfi=(175)
cfn=(1118)
calls=1 0 
0 1385
0 27
cob=(4)
cfi=(175)
cfn=(1136)
calls=1 0 
0 2720
0 8

fn=(1428)
0 5276
cob=(4)
cfi=(175)
cfn=(2096)
calls=98 0 
0 8918
0 918

fn=(1636)
0 9394
cob=(4)
cfi=(175)
cfn=(1136)
calls=854 0 
0 52404
0 4270

fn=(1922)
0 50
cob=(4)
cfi=(175)
cfn=(1924)
calls=2 0 
0 5725

fn=(2114)
0 2170

fn=(2132)
0 3920
cob=(4)
cfi=(175)
cfn=(1930)
calls=280 0 
0 15866
0 6011
cfn=(2134) std::num_get<char, std::istreambuf_iterator<char, std::char_traits<char> > >::do_get(std::istreambuf_iterator<char, std::char_traits<char> >, std::istreambuf_iterator<char, std::char_traits<char> >, std::ios_base&, std::_Ios_Iostate&, long&) const
calls=237 0 
0 72676
0 1607
cob=(4)
cfi=(175)
cfn=(2110)
calls=37 0 
0 333
0 3742

fn=(2142)
0 9973
cfn=(2108)
calls=1 0 
0 12
0 6

fn=(682)
0 18
cob=(4)
cfi=(175)
cfn=(684)
calls=1 0 
0 3746
0 103

fn=(3682)
0 2005

fn=(3822)
0 126
cob=(4)
cfi=(175)
cfn=(1488)
calls=14 0 
0 224
0 154
cob=(4)
cfi=(175)
cfn=(2014)
calls=14 0 
0 604

fn=(4996)
0 6

fn=(5006)
0 10
cob=(4)
cfi=(175)
cfn=(4436)
calls=2 0 
0 28
0 6

fn=(5048)
0 16
cob=(4)
cfi=(175)
cfn=(2102)
calls=2 0 
0 174

fn=(5512)
0 51
cob=(4)
cfi=(175)
cfn=(5514)
calls=3 0 
0 1141
0 21
cfn=(5520) __gnu_cxx::stdio_sync_filebuf<wchar_t, std::char_traits<wchar_t> >::sync()
calls=3 0 
0 213
0 52
cob=(4)
cfi=(175)
cfn=(5502)
calls=1 0 
0 35
0 7
cfn=(5520)
calls=1 0 
0 71
0 2

fn=(5513)
0 17
cob=(4)
cfi=(175)
cfn=(5515)
calls=1 0 
0 24
0 7
cfn=(5520)
calls=1 0 
0 71
0 17

fn=(5520)
0 15
cob=(4)
cfi=(175)
cfn=(1614)
calls=5 0 
0 340

fn=(4866) __cxxabiv1::__si_class_type_info::__do_upcast(__cxxabiv1::__class_type_info const*, void const*, __cxxabiv1::__class_type_info::__upcast_result&) const
0 24
cob=(4)
cfi=(175)
cfn=(4868)
calls=2 0 
0 1185
0 28
cfn=(4867) __cxxabiv1::__si_class_type_info::__do_upcast(__cxxabiv1::__class_type_info const*, void const*, __cxxabiv1::__class_type_info::__upcast_result&) const'2
calls=2 0 
0 230

fn=(4867)
0 24
cob=(4)
cfi=(175)
cfn=(4868)
calls=2 0 
0 130
0 28
cfn=(4872)
calls=2 0 
0 48

fn=(724)
0 480
cob=(4)
cfi=(175)
cfn=(726)
calls=32 0 
0 1263
0 11712

fn=(766)
0 13
cob=(4)
cfi=(175)
cfn=(684)
calls=1 0 
0 25
0 119

fn=(772)
0 14
cob=(4)
cfi=(175)
cfn=(684)
calls=1 0 
0 25
0 2
cob=(4)
cfi=(175)
cfn=(672)
calls=1 0 
0 5
0 5

fn=(784)
0 11
cob=(4)
cfi=(175)
cfn=(786)
calls=1 0 
0 800
0 770
cob=(4)
cfi=(175)
cfn=(792)
calls=128 0 
0 4320
0 262
cob=(4)
cfi=(175)
cfn=(798)
calls=1 0 
0 769
0 510
cob=(4)
cfi=(175)
cfn=(798)
calls=255 0 
0 11618
0 1086
cob=(4)
cfi=(175)
cfn=(808)
calls=8 0 
0 3316
0 72
cob=(4)
cfi=(175)
cfn=(808)
calls=4 0 
0 1745
0 23
cob=(4)
cfi=(175)
cfn=(786)
calls=1 0 
0 24
0 2

fn=(856)
0 16
cob=(4)
cfi=(175)
cfn=(672)
calls=1 0 
0 5
0 4
cob=(4)
cfi=(175)
cfn=(858)
calls=1 0 
0 1147
0 4

fn=(868)
0 14
cob=(4)
cfi=(175)
cfn=(684)
calls=1 0 
0 25
0 2
cob=(4)
cfi=(175)
cfn=(672)
calls=1 0 
0 5
0 5

fn=(906)
0 115

fn=(960)
0 109

fn=(1042)
0 7860
cob=(4)
cfi=(175)
cfn=(650)
calls=524 0 
0 16768
0 1572
cob=(4)
cfi=(175)
cfn=(1044)
calls=524 0 
0 13799
0 1048
cob=(4)
cfi=(175)
cfn=(1050)
calls=524 0 
0 8047
0 4192

fn=(1096)
0 10

fn=(1198)
0 48

fn=(1400)
0 1580

fn=(1588)
0 105
cob=(4)
cfi=(175)
cfn=(1498)
calls=7 0 
0 168
0 189
cfn=(1590)
calls=7 0 
0 2154
0 14

fn=(1780)
0 276

fn=(1936)
0 56
cob=(4)
cfi=(175)
cfn=(1938)
calls=7 0 
0 1644
0 35
cob=(4)
cfi=(175)
cfn=(1958)
calls=7 0 
0 1075

fn=(2108)
0 1752

fn=(2168)
0 536

fn=(2546)
0 208
cob=(4)
cfi=(175)
cfn=(2014)
calls=26 0 
0 2500

fn=(676)
0 21

fn=(2562)
0 4128

fn=(2568)
0 4644

fn=(3170)
0 168
cob=(4)
cfi=(175)
cfn=(2096)
calls=8 0 
0 728
0 40
cob=(4)
cfi=(175)
cfn=(1050)
calls=8 0 
0 112
0 72
cob=(4)
cfi=(175)
cfn=(2552)
calls=8 0 
0 600

fn=(4412)
0 14
cob=(4)
cfi=(175)
cfn=(4414)
calls=2 0 
0 1839
0 12

fn=(5000)
0 8
cob=(4)
cfi=(175)
cfn=(5002)
calls=2 0 
0 755
0 34
cob=(4)
cfi=(175)
cfn=(5008)
calls=2 0 
0 4299

fn=(5486)
0 2

fn=(5498)
0 4
cob=(4)
cfi=(175)
cfn=(5492)
calls=1 0 
0 4

fn=(5506)
0 8
cob=(4)
cfi=(175)
cfn=(4430)
calls=2 0 
0 48
0 10

fn=(4864) __cxxabiv1::__class_type_info::__do_upcast(__cxxabiv1::__class_type_info const*, void**) const
0 32
cfn=(4866)
calls=2 0 
0 1467
0 30

fn=(736)
0 14
cob=(4)
cfi=(175)
cfn=(684)
calls=1 0 
0 25
0 5

fn=(754)
0 115

fn=(930)
0 14
cob=(4)
cfi=(175)
cfn=(684)
calls=1 0 
0 25
0 2
cob=(4)
cfi=(175)
cfn=(672)
calls=1 0 
0 5
0 5

fn=(1030)
0 15960
cob=(4)
cfi=(175)
cfn=(650)
calls=266 0 
0 8512

fn=(1202)
0 5
cob=(4)
cfi=(175)
cfn=(1076)
calls=1 0 
0 78

fn=(1486)
0 2090
cob=(4)
cfi=(175)
cfn=(1488)
calls=190 0 
0 3863
0 760
cob=(4)
cfi=(175)
cfn=(1492)
calls=190 0 
0 43085
0 950

fn=(1640)
0 186

fn=(1770)
0 15

fn=(1830)
0 368
cob=(4)
cfi=(175)
cfn=(1832)
calls=5 0 
0 1087
0 40

fn=(2018)
0 6760
cob=(4)
cfi=(175)
cfn=(1390)
calls=148 0 
0 2511
0 2732
cob=(4)
cfi=(175)
cfn=(2528)
calls=52 0 
0 14281
0 1128

fn=(2134)
0 474
cob=(4)
cfi=(175)
cfn=(2136)
calls=237 0 
0 72202

fn=(2532)
0 2000
cob=(4)
cfi=(175)
cfn=(2534)
calls=31 0 
0 2573
0 108
cob=(4)
cfi=(175)
cfn=(2534)
calls=36 0 
0 4366
0 513
cob=(4)
cfi=(175)
cfn=(1390)
calls=52 0 
0 726
0 646
cob=(4)
cfi=(175)
cfn=(1390)
calls=59 0 
0 950
0 304
cob=(4)
cfi=(175)
cfn=(1390)
calls=3 0 
0 42
0 232
cob=(4)
cfi=(175)
cfn=(2096)
calls=31 0 
0 2821
0 1054

fn=(2542)
0 168

fn=(2556)
0 2838
cob=(4)
cfi=(175)
cfn=(2558)
calls=258 0 
0 5573
0 516
cob=(4)
cfi=(175)
cfn=(2564)
calls=258 0 
0 5985
0 2064
cob=(4)
cfi=(175)
cfn=(1050)
calls=258 0 
0 3612

fn=(4434)
0 30
cob=(4)
cfi=(175)
cfn=(4436)
calls=6 0 
0 1000
0 18

fn=(4784) 0x00000000000ba4a0
0 26
cob=(4)
cfi=(175)
cfn=(4788)
calls=2 0 
0 895
0 138

fn=(4808) 0x00000000000ba310
0 5208

fn=(5482)
0 2

fn=(760)
0 16
cob=(4)
cfi=(175)
cfn=(672)
calls=1 0 
0 5
0 4
cob=(4)
cfi=(175)
cfn=(762)
calls=1 0 
0 1126
0 4

fn=(942)
0 353

fn=(1022)
0 3

fn=(1072)
0 36
cob=(4)
cfi=(175)
cfn=(726)
calls=4 0 
0 32
0 28
cob=(4)
cfi=(175)
cfn=(726)
calls=4 0 
0 32
0 28
cob=(4)
cfi=(175)
cfn=(726)
calls=4 0 
0 32
0 36

fn=(1200)
0 5
cob=(4)
cfi=(175)
cfn=(1076)
calls=1 0 
0 78

fn=(1496)
0 3610
cob=(4)
cfi=(175)
cfn=(1498)
calls=190 0 
0 5274
0 6270
cfn=(3136)
calls=177 0 
0 18942
cfn=(1504)
calls=13 0 
0 6605
0 950

fn=(1534)
0 935
cob=(4)
cfi=(175)
cfn=(1536)
calls=85 0 
0 29896

fn=(1934)
0 11560
cob=(4)
cfi=(175)
cfn=(1606)
calls=2 0 
0 276
0 2397
cob=(4)
cfi=(175)
cfn=(2110)
calls=158 0 
0 2360
0 18193
cfn=(2108)
calls=122 0 
0 1464
0 366

fn=(2094)
0 1430
cob=(4)
cfi=(175)
cfn=(2096)
calls=715 0 
0 69377

fn=(2100)
0 1708
cob=(4)
cfi=(175)
cfn=(2102)
calls=854 0 
0 77999

fn=(2526)
0 900
cob=(4)
cfi=(175)
cfn=(1488)
calls=100 0 
0 1616
0 1100
cob=(4)
cfi=(175)
cfn=(2014)
calls=100 0 
0 16451

fn=(656) 0x00000000000e98b0
0 12
cob=(4)
cfi=(175)
cfn=(666)
calls=1 0 
0 72647
0 9
cob=(4)
cfi=(175)
cfn=(1018)
calls=1 0 
0 744
0 8432

fn=(700)
0 7
cob=(4)
cfi=(175)
cfn=(704)
calls=1 0 
0 1809

fn=(3136)
0 8298
cob=(4)
cfi=(175)
cfn=(1390)
calls=279 0 
0 4968
0 3396
cfn=(3138)
calls=16 0 
0 7840
0 80

fn=(3144)
0 224

fn=(3162)
0 408

fn=(3864)
0 27
cob=(4)
cfi=(175)
cfn=(3152)
calls=3 0 
0 978

fn=(4408)
0 16
cob=(4)
cfi=(175)
cfn=(1136)
calls=2 0 
0 236
0 62

fn=(4428)
0 24
cob=(4)
cfi=(175)
cfn=(4430)
calls=2 0 
0 1659
0 10
cob=(4)
cfi=(175)
cfn=(4442)
calls=2 0 
0 2291
0 8
cob=(4)
cfi=(175)
cfn=(4460)
calls=2 0 
0 62664

fn=(4776) __gxx_personality_v0
0 152
cob=(4)
cfi=(175)
cfn=(4928)
calls=2 0 
0 847
0 8
cob=(4)
cfi=(175)
cfn=(4928)
calls=2 0 
0 34
0 6
cob=(4)
cfi=(175)
cfn=(4934)
calls=2 0 
0 821
0 54
cob=(4)
cfi=(175)
cfn=(4778)
calls=2 0 
0 951
0 24
cfn=(4784)
calls=2 0 
0 1059
0 22
cfn=(4808)
calls=2 0 
0 24
0 10
cob=(4)
cfi=(175)
cfn=(4820)
calls=2 0 
0 834
0 40
cfn=(4808)
calls=2 0 
0 24
0 426
cfn=(4808)
calls=142 0 
0 1704
0 720
cfn=(4826)
calls=144 0 
0 7182
0 576
cfn=(4808)
calls=144 0 
0 1728
0 720
cfn=(4826)
calls=144 0 
0 5904
0 576
cfn=(4808)
calls=144 0 
0 1728
0 720
cfn=(4826)
calls=144 0 
0 7866
0 3660
cfn=(4826)
calls=2 0 
0 58
0 16
cfn=(4848) 0x00000000000ba100
calls=2 0 
0 2561
0 30

fn=(4994)
0 14
cob=(4)
cfi=(175)
cfn=(4430)
calls=2 0 
0 48
0 48

fn=(5464)
0 9
cob=(4)
cfi=(175)
cfn=(5470)
calls=1 0 
0 5095
0 1
cfn=(5524)
calls=1 0 
0 5
0 3

fn=(5472)
0 5

fn=(5478)
0 2

fn=(5490)
0 4
cob=(4)
cfi=(175)
cfn=(5492)
calls=1 0 
0 769

fn=(4850) std::type_info::__is_pointer_p() const
0 6

fn=(742)
0 417

fn=(778)
0 14
cob=(4)
cfi=(175)
cfn=(684)
calls=1 0 
0 25
0 7
cob=(4)
cfi=(175)
cfn=(780)
calls=1 0 
0 26129

fn=(862)
0 12
cob=(4)
cfi=(175)
cfn=(684)
calls=1 0 
0 25
0 117

fn=(876)
0 417

fn=(894)
0 114

fn=(972)
0 109

fn=(996)
0 14
cob=(4)
cfi=(175)
cfn=(684)
calls=1 0 
0 25
0 2
cob=(4)
cfi=(175)
cfn=(672)
calls=1 0 
0 5
0 5

fn=(1048)
0 12052

fn=(1060)
0 4680
cob=(4)
cfi=(175)
cfn=(726)
calls=520 0 
0 4160
0 3640
cob=(4)
cfi=(175)
cfn=(726)
calls=520 0 
0 4160
0 3640
cob=(4)
cfi=(175)
cfn=(726)
calls=520 0 
0 4160
0 4680

fn=(1066)
0 32
cob=(4)
cfi=(175)
cfn=(1038)
calls=4 0 
0 404
0 12
cob=(4)
cfi=(175)
cfn=(1068)
calls=4 0 
0 1222
0 52

fn=(1244)
0 50

fn=(1558)
0 1615
cfn=(1560)
calls=85 0 
0 2550
0 1939
cfn=(1566)
calls=14 0 
0 378
0 568
cfn=(1566)
calls=71 0 
0 1959
0 2380
cfn=(3136)
calls=84 0 
0 5040
cfn=(1504)
calls=1 0 
0 170
0 1360

fn=(1612) __gnu_cxx::stdio_sync_filebuf<char, std::char_traits<char> >::sync()
0 42
cob=(4)
cfi=(175)
cfn=(1614)
calls=14 0 
0 1687

fn=(1630)
0 1701
cob=(4)
cfi=(175)
cfn=(1632)
calls=80 0 
0 6440
0 171
cob=(4)
cfi=(175)
cfn=(1632)
calls=57 0 
0 3850

fn=(1644)
0 186

fn=(1716)
0 198

fn=(2172)
0 336
cob=(4)
cfi=(175)
cfn=(1930)
calls=24 0 
0 1248
0 528

fn=(2512)
0 1512

fn=(670)
0 142
cob=(4)
cfi=(175)
cfn=(672)
calls=1 0 
0 822
0 7
cob=(4)
cfi=(175)
cfn=(678)
calls=1 0 
0 4644
0 4
cob=(4)
cfi=(175)
cfn=(720)
calls=1 0 
0 2066
0 4
cob=(4)
cfi=(175)
cfn=(732)
calls=1 0 
0 833
0 4
cob=(4)
cfi=(175)
cfn=(720)
calls=1 0 
0 400
0 24
cob=(4)
cfi=(175)
cfn=(738)
calls=1 0 
0 1426
0 4
cob=(4)
cfi=(175)
cfn=(720)
calls=1 0 
0 400
0 8
cob=(4)
cfi=(175)
cfn=(720)
calls=1 0 
0 400
0 8
cob=(4)
cfi=(175)
cfn=(720)
calls=1 0 
0 400
0 5
cob=(4)
cfi=(175)
cfn=(684)
calls=1 0 
0 25
0 5
cob=(4)
cfi=(175)
cfn=(720)
calls=1 0 
0 400
0 29
cob=(4)
cfi=(175)
cfn=(744)
calls=1 0 
0 1187
0 4
cob=(4)
cfi=(175)
cfn=(720)
calls=1 0 
0 400
0 29
cob=(4)
cfi=(175)
cfn=(750)
calls=1 0 
0 1188
0 4
cob=(4)
cfi=(175)
cfn=(720)
calls=1 0 
0 400
0 8
cob=(4)
cfi=(175)
cfn=(720)
calls=1 0 
0 400
0 8
cob=(4)
cfi=(175)
cfn=(720)
calls=1 0 
0 400
0 35
cob=(4)
cfi=(175)
cfn=(756)
calls=1 0 
0 2107
0 4
cob=(4)
cfi=(175)
cfn=(720)
calls=1 0 
0 400
0 8
cob=(4)
cfi=(175)
cfn=(720)
calls=1 0 
0 400
0 8
cob=(4)
cfi=(175)
cfn=(720)
calls=1 0 
0 400
0 4
cob=(4)
cfi=(175)
cfn=(768)
calls=1 0 
0 803
0 4
cob=(4)
cfi=(175)
cfn=(720)
calls=1 0 
0 400
0 4
cob=(4)
cfi=(175)
cfn=(774)
calls=1 0 
0 26868
0 4
cob=(4)
cfi=(175)
cfn=(720)
calls=1 0 
0 400
0 4
cob=(4)
cfi=(175)
cfn=(828)
calls=1 0 
0 833
0 4
cob=(4)
cfi=(175)
cfn=(720)
calls=1 0 
0 400
0 23
cob=(4)
cfi=(175)
cfn=(834)
calls=1 0 
0 1338
0 4
cob=(4)
cfi=(175)
cfn=(720)
calls=1 0 
0 400
0 8
cob=(4)
cfi=(175)
cfn=(720)
calls=1 0 
0 400
0 8
cob=(4)
cfi=(175)
cfn=(720)
calls=1 0 
0 400
0 5
cob=(4)
cfi=(175)
cfn=(684)
calls=1 0 
0 25
0 18
cob=(4)
cfi=(175)
cfn=(720)
calls=1 0 
0 400
0 28
cob=(4)
cfi=(175)
cfn=(840)
calls=1 0 
0 1198
0 4
cob=(4)
cfi=(175)
cfn=(720)
calls=1 0 
0 400
0 27
cob=(4)
cfi=(175)
cfn=(846)
calls=1 0 
0 1166
0 4
cob=(4)
cfi=(175)
cfn=(720)
calls=1 0 
0 400
0 8
cob=(4)
cfi=(175)
cfn=(720)
calls=1 0 
0 400
0 8
cob=(4)
cfi=(175)
cfn=(720)
calls=1 0 
0 400
0 35
cob=(4)
cfi=(175)
cfn=(852)
calls=1 0 
0 2068
0 4
cob=(4)
cfi=(175)
cfn=(720)
calls=1 0 
0 400
0 8
cob=(4)
cfi=(175)
cfn=(720)
calls=1 0 
0 400
0 8
cob=(4)
cfi=(175)
cfn=(720)
calls=1 0 
0 400
0 4
cob=(4)
cfi=(175)
cfn=(864)
calls=1 0 
0 803
0 4
cob=(4)
cfi=(175)
cfn=(720)
calls=1 0 
0 400
0 8
cob=(4)
cfi=(175)
cfn=(720)
calls=1 0 
0 400
0 8
cob=(4)
cfi=(175)
cfn=(720)
calls=1 0 
0 400
0 8
cob=(4)
cfi=(175)
cfn=(720)
calls=1 0 
0 400
0 8
cob=(4)
cfi=(175)
cfn=(720)
calls=1 0 
0 400
0 9
cfn=(870) 0x00000000000ed260
calls=1 0 
0 9401
0 3
cob=(4)
cfi=(175)
cfn=(726)
calls=1 0 
0 8
0 5
cob=(4)
cfi=(175)
cfn=(726)
calls=1 0 
0 8
0 4
cob=(4)
cfi=(175)
cfn=(726)
calls=1 0 
0 8
0 5
cob=(4)
cfi=(175)
cfn=(726)
calls=1 0 
0 8
0 5
cob=(4)
cfi=(175)
cfn=(726)
calls=1 0 
0 8
0 4
cob=(4)
cfi=(175)
cfn=(726)
calls=1 0 
0 8
0 5
cob=(4)
cfi=(175)
cfn=(726)
calls=1 0 
0 8
0 4
cob=(4)
cfi=(175)
cfn=(726)
calls=1 0 
0 8
0 13

fn=(2592)
0 321

fn=(4424)
0 38
cob=(4)
cfi=(175)
cfn=(1632)
calls=2 0 
0 130
0 10

fn=(5500)
0 14
cob=(4)
cfi=(175)
cfn=(1606)
calls=1 0 
0 138
0 2
cob=(4)
cfi=(175)
cfn=(1606)
calls=1 0 
0 1128
0 2
cob=(4)
cfi=(175)
cfn=(1606)
calls=1 0 
0 138
0 2
cob=(4)
cfi=(175)
cfn=(5508)
calls=1 0 
0 1938
0 2
cob=(4)
cfi=(175)
cfn=(5508)
calls=1 0 
0 401
0 2
cob=(4)
cfi=(175)
cfn=(5508)
calls=1 0 
0 138
0 2

fn=(4848)
0 32
cfn=(4850)
calls=2 0 
0 6
0 16
cfn=(4856) __cxxabiv1::__class_type_info::__do_catch(std::type_info const*, void**, unsigned int) const
calls=2 0 
0 2481
0 26

fn=(4856)
0 44
cob=(4)
cfi=(175)
cfn=(4858)
calls=2 0 
0 878
0 30
cfn=(4864)
calls=2 0 
0 1529

fn=(844)
0 109

fn=(1054)
0 14448

fn=(1226)
0 34

fn=(1270)
0 50

fn=(1366)
0 1110

fn=(1560)
0 2988
cob=(4)
cfi=(175)
cfn=(726)
calls=332 0 
0 2656
0 4316

fn=(1582)
0 112
cob=(4)
cfi=(175)
cfn=(1584)
calls=7 0 
0 3294
0 35
cob=(4)
cfi=(175)
cfn=(1606)
calls=7 0 
0 2387

fn=(1610)
0 204
cob=(4)
cfi=(175)
cfn=(1498)
calls=12 0 
0 435
0 84
cfn=(1612)
calls=12 0 
0 1587
0 205
cob=(4)
cfi=(175)
cfn=(5502)
calls=1 0 
0 762
0 7
cfn=(1612)
calls=1 0 
0 71
0 2

fn=(1611)
0 17
cob=(4)
cfi=(175)
cfn=(1499)
calls=1 0 
0 24
0 7
cfn=(1612)
calls=1 0 
0 71
0 17

fn=(1774)
0 651

fn=(1820)
0 5701

fn=(1892)
0 2922

fn=(1918)
0 726

fn=(2060)
0 2216
cob=(4)
cfi=(175)
cfn=(2062)
calls=277 0 
0 15188

fn=(2518)
0 216

fn=(648)
0 40
cob=(4)
cfi=(175)
cfn=(650)
calls=1 0 
0 74123
0 16
cob=(4)
cfi=(175)
cfn=(650)
calls=1 0 
0 32
0 14
cob=(4)
cfi=(175)
cfn=(650)
calls=1 0 
0 32
0 7
cob=(4)
cfi=(175)
cfn=(1026)
calls=1 0 
0 777
0 11
cob=(4)
cfi=(175)
cfn=(1032)
calls=1 0 
0 4342
0 4
cob=(4)
cfi=(175)
cfn=(1026)
calls=1 0 
0 94
0 15
cob=(4)
cfi=(175)
cfn=(1032)
calls=1 0 
0 185
0 4
cob=(4)
cfi=(175)
cfn=(1026)
calls=1 0 
0 94
0 11
cob=(4)
cfi=(175)
cfn=(1032)
calls=1 0 
0 185
0 4
cob=(4)
cfi=(175)
cfn=(1026)
calls=1 0 
0 94
0 11
cob=(4)
cfi=(175)
cfn=(1032)
calls=1 0 
0 185
0 23
cob=(4)
cfi=(175)
cfn=(650)
calls=1 0 
0 32
0 16
cob=(4)
cfi=(175)
cfn=(650)
calls=1 0 
0 32
0 14
cob=(4)
cfi=(175)
cfn=(650)
calls=1 0 
0 32
0 7
cob=(4)
cfi=(175)
cfn=(1026)
calls=1 0 
0 94
0 11
cob=(4)
cfi=(175)
cfn=(1062)
calls=1 0 
0 2165
0 4
cob=(4)
cfi=(175)
cfn=(1026)
calls=1 0 
0 94
0 15
cob=(4)
cfi=(175)
cfn=(1062)
calls=1 0 
0 185
0 4
cob=(4)
cfi=(175)
cfn=(1026)
calls=1 0 
0 94
0 11
cob=(4)
cfi=(175)
cfn=(1062)
calls=1 0 
0 185
0 4
cob=(4)
cfi=(175)
cfn=(1026)
calls=1 0 
0 94
0 11
cob=(4)
cfi=(175)
cfn=(1062)
calls=1 0 
0 185
0 15

fn=(654)
0 10540
cfn=(656)
calls=1054 0 
0 81844
0 12648

fn=(708)
0 8
cob=(4)
cfi=(175)
cfn=(710)
calls=1 0 
0 818
0 6

fn=(3150)
0 136
cob=(4)
cfi=(175)
cfn=(2534)
calls=8 0 
0 768
0 192

fn=(3836)
0 48
cob=(4)
cfi=(175)
cfn=(1488)
calls=4 0 
0 64
0 56
cob=(4)
cfi=(175)
cfn=(3152)
calls=4 0 
0 868

fn=(5034)
0 4
cob=(4)
cfi=(175)
cfn=(2096)
calls=2 0 
0 182

fn=(5488)
0 2

fn=(634)
0 8
cob=(4)
cfi=(175)
cfn=(636)
calls=1 0 
0 84332
0 7
cob=(4)
cfi=(175)
cfn=(1076)
calls=1 0 
0 981

fn=(838)
0 353

fn=(850)
0 109

fn=(870)
0 25
cob=(4)
cfi=(175)
cfn=(872)
calls=1 0 
0 1354
0 8
cob=(4)
cfi=(175)
cfn=(726)
calls=1 0 
0 17
0 7
cob=(4)
cfi=(175)
cfn=(684)
calls=1 0 
0 25
0 7
cob=(4)
cfi=(175)
cfn=(726)
calls=1 0 
0 17
0 13
cob=(4)
cfi=(175)
cfn=(890)
calls=1 0 
0 1123
0 7
cob=(4)
cfi=(175)
cfn=(726)
calls=1 0 
0 17
0 13
cob=(4)
cfi=(175)
cfn=(902)
calls=1 0 
0 1140
0 7
cob=(4)
cfi=(175)
cfn=(726)
calls=1 0 
0 17
0 12
cob=(4)
cfi=(175)
cfn=(726)
calls=1 0 
0 17
0 12
cob=(4)
cfi=(175)
cfn=(726)
calls=1 0 
0 17
0 12
cob=(4)
cfi=(175)
cfn=(726)
calls=1 0 
0 17
0 6
cob=(4)
cfi=(175)
cfn=(926)
calls=1 0 
0 771
0 7
cob=(4)
cfi=(175)
cfn=(726)
calls=1 0 
0 17
0 16
cob=(4)
cfi=(175)
cfn=(938)
calls=1 0 
0 1298
0 7
cob=(4)
cfi=(175)
cfn=(726)
calls=1 0 
0 17
0 7
cob=(4)
cfi=(175)
cfn=(684)
calls=1 0 
0 25
0 7
cob=(4)
cfi=(175)
cfn=(726)
calls=1 0 
0 17
0 13
cob=(4)
cfi=(175)
cfn=(956)
calls=1 0 
0 1150
0 7
cob=(4)
cfi=(175)
cfn=(726)
calls=1 0 
0 17
0 13
cob=(4)
cfi=(175)
cfn=(968)
calls=1 0 
0 1126
0 7
cob=(4)
cfi=(175)
cfn=(726)
calls=1 0 
0 17
0 12
cob=(4)
cfi=(175)
cfn=(726)
calls=1 0 
0 17
0 12
cob=(4)
cfi=(175)
cfn=(726)
calls=1 0 
0 17
0 12
cob=(4)
cfi=(175)
cfn=(726)
calls=1 0 
0 17
0 6
cob=(4)
cfi=(175)
cfn=(992)
calls=1 0 
0 771
0 6
cob=(4)
cfi=(175)
cfn=(726)
calls=1 0 
0 17
0 4
cob=(4)
cfi=(175)
cfn=(726)
calls=1 0 
0 8
0 4
cob=(4)
cfi=(175)
cfn=(726)
calls=1 0 
0 8
0 5
cob=(4)
cfi=(175)
cfn=(726)
calls=1 0 
0 8
0 5
cob=(4)
cfi=(175)
cfn=(726)
calls=1 0 
0 8
0 4
cob=(4)
cfi=(175)
cfn=(726)
calls=1 0 
0 8
0 5
cob=(4)
cfi=(175)
cfn=(726)
calls=1 0 
0 8
0 10

fn=(1106)
0 4
cob=(4)
cfi=(175)
cfn=(1108)
calls=1 0 
0 750
0 4

fn=(1112)
0 3

fn=(1204)
0 10
cob=(4)
cfi=(175)
cfn=(1076)
calls=1 0 
0 78
0 7
cob=(4)
cfi=(175)
cfn=(1076)
calls=1 0 
0 78

fn=(1208)
0 34

fn=(1296)
0 10
cob=(4)
cfi=(175)
cfn=(1076)
calls=1 0 
0 78
0 4
cob=(4)
cfi=(175)
cfn=(1076)
calls=1 0 
0 78
0 7
cob=(4)
cfi=(175)
cfn=(1076)
calls=1 0 
0 78

fn=(1370)
0 1110

fn=(1966)
0 56
cob=(4)
cfi=(175)
cfn=(1938)
calls=7 0 
0 154
0 28

fn=(2588)
0 288

fn=(2596)
0 428

fn=(3166)
0 192
cob=(4)
cfi=(175)
cfn=(3152)
calls=8 0 
0 2017
0 40

fn=(3592)
0 2422

fn=(4280)
0 170
cob=(4)
cfi=(175)
cfn=(1498)
calls=10 0 
0 240
0 177
cfn=(4282)
calls=7 0 
0 1456
0 30
cfn=(4282)
calls=3 0 
0 1822
0 245

fn=(4452)
0 8

fn=(4458)
0 8

fn=(5484)
0 2

ob=(5)
fl=(178)
fn=(5456) 0x0000000000001060
0 5

fn=(592)
0 12

fn=(5446)
0 9
cob=(4)
cfi=(175)
cfn=(5452)
calls=1 0 
0 134
0 1
cfn=(5456)
calls=1 0 
0 5
0 3

ob=(6)
fl=(184)
fn=(4932)
0 60

fn=(4732) 0x000000000001ff00
0 396

fn=(4472) 0x0000000000021560
0 390
cob=(4)
cfi=(175)
cfn=(4480)
calls=10 0 
0 6289
0 110
cob=(4)
cfi=(175)
cfn=(4498)
calls=10 0 
0 160
0 1614
cfn=(4732)
calls=4 0 
0 200
0 48
cfn=(4732)
calls=4 0 
0 196
0 26
cfn=(4566) 0x00000000000200e0
calls=10 0 
0 4836
0 60
cfn=(4566)
calls=10 0 
0 1670
0 10

fn=(4566)
0 6506

fn=(5534) 0x00000000000048f0
0 32

fn=(4486)
0 180
cob=(4)
cfi=(175)
cfn=(4488)
calls=10 0 
0 1543
0 1978
cfn=(4496) 0x00000000000247a0
calls=10 0 
0 1604
0 250

fn=(5544)
0 9
cob=(4)
cfi=(175)
cfn=(5550)
calls=1 0 
0 134
0 1
cfn=(5554) 0x0000000000005a60
calls=1 0 
0 5
0 3

fn=(4884)
0 18

fn=(4496)
0 90
cob=(4)
cfi=(175)
cfn=(4498)
calls=10 0 
0 972
0 328
cfn=(4710) 0x0000000000023b00
calls=4 0 
0 112
0 102

fn=(4656) 0x0000000000022510
0 1850

fn=(4710)
0 112

fn=(4886) 0x0000000000022a70
0 36
cfn=(4472)
calls=2 0 
0 2870
0 6
cfn=(4472)
calls=2 0 
0 2426
0 12
cob=(4)
cfi=(175)
cfn=(4880)
calls=4 0 
0 20
0 42
cob=(7)
cfi=(185)
cfn=(4776)
calls=2 0 
0 1834
0 10
cfn=(4656)
calls=2 0 
0 602
0 92

fn=(4946) 0x000000000001fc00
0 776

fn=(622)
0 364

fn=(4466) 0x0000000000022910
0 102
cfn=(4472)
calls=2 0 
0 5017
0 10
cob=(4)
cfi=(175)
cfn=(4642)
calls=2 0 
0 1027
0 32
cfn=(4656)
calls=2 0 
0 646
0 16

fn=(4646)
0 19

fn=(4782)
0 6

fn=(4938)
0 6

fn=(4464)
0 40
cfn=(4466)
calls=2 0 
0 6850
0 94
cob=(7)
cfi=(185)
cfn=(4776)
calls=2 0 
0 39251
0 10
cfn=(4656)
calls=2 0 
0 602
0 38
cfn=(4472)
calls=2 0 
0 2870
0 6
cfn=(4472)
calls=2 0 
0 2426
0 14
cob=(4)
cfi=(175)
cfn=(4880)
calls=2 0 
0 720
0 76
cfn=(4886)
calls=2 0 
0 7950
0 10
cfn=(4946)
calls=2 0 
0 776
0 10
cfn=(4990) 0x0000000000022ed0
calls=2 0 
0 4
0 34

fn=(5012)
0 14
cob=(7)
cfi=(185)
cfn=(5014)
calls=2 0 
0 3389

fn=(4824)
0 14

fn=(4990)
0 4

fn=(5532)
0 5
cfn=(5534)
calls=1 0 
0 16
0 2
cfn=(5534)
calls=1 0 
0 16
0 3

fn=(5554)
0 5

fn=(624)
0 12

fn=(4792)
0 6

totals: 9666153
